[0;34m=== 1/3 Installation des dépendances ===[0m
Scope: all 6 workspace projects
Lockfile is up to date, resolution step is skipped
Already up to date

Done in 1.6s

[0;34m=== 2/3 Build des tokens et des paquets ===[0m

> erebus@ tokens:build /media/thibault/SSD_DATA/DEV/workspaces/Glowing Sea Studio/APPS/erebus
> nx run @glowing-sea-studio/erebus-tokens:build


> nx run @glowing-sea-studio/erebus-tokens:build

> @glowing-sea-studio/erebus-tokens@0.1.0 build /media/thibault/SSD_DATA/DEV/workspaces/Glowing Sea Studio/APPS/erebus/packages/tokens
> style-dictionary build --config style-dictionary.config.js
[38;2;255;140;0m[1m[22m[39m
[38;2;255;140;0m[1mToken collisions detected (136):[22m[39m
[38;2;255;140;0m[1mUse log.verbosity "verbose" or use CLI option --verbose for more details.[22m[39m
[38;2;255;140;0m[1mRefer to: https://styledictionary.com/reference/logging/[22m[39m
json
[1m[32m✔︎ dist/json/tokens.json[39m[22m
css
[1m[32m✔︎ dist/css/variables.css[39m[22m
ts
[1m[32m✔︎ dist/js/tokens.ts[39m[22m



 NX   Successfully ran target build for project @glowing-sea-studio/erebus-tokens



 NX   Nx detected a flaky task

  @glowing-sea-studio/erebus-tokens:build

Flaky tasks can disrupt your CI pipeline. Automatically retry them with Nx Cloud. Learn more at https://nx.dev/ci/features/flaky-tasks


> erebus@ build /media/thibault/SSD_DATA/DEV/workspaces/Glowing Sea Studio/APPS/erebus
> nx run-many -t build


 NX   Running target build for 3 projects:

- @glowing-sea-studio/erebus-angular
- @glowing-sea-studio/erebus-tokens
- @glowing-sea-studio/erebus-react



> nx run @glowing-sea-studio/erebus-tokens:build


> @glowing-sea-studio/erebus-tokens@0.1.0 build /media/thibault/SSD_DATA/DEV/workspaces/Glowing Sea Studio/APPS/erebus/packages/tokens
> style-dictionary build --config style-dictionary.config.js

[38;2;255;140;0m[1m[22m[39m
[38;2;255;140;0m[1mToken collisions detected (136):[22m[39m
[38;2;255;140;0m[1mUse log.verbosity "verbose" or use CLI option --verbose for more details.[22m[39m
[38;2;255;140;0m[1mRefer to: https://styledictionary.com/reference/logging/[22m[39m

json
[1m[32m✔︎ dist/json/tokens.json[39m[22m

css
[1m[32m✔︎ dist/css/variables.css[39m[22m

ts
[1m[32m✔︎ dist/js/tokens.ts[39m[22m
(node:1070301) [MODULE_TYPELESS_PACKAGE_JSON] Warning: Module type of file:///media/thibault/SSD_DATA/DEV/workspaces/Glowing%20Sea%20Studio/APPS/erebus/packages/tokens/style-dictionary.config.js is not specified and it doesn't parse as CommonJS.
Reparsing as ES module because module syntax was detected. This incurs a performance overhead.
To eliminate this warning, add "type": "module" to /media/thibault/SSD_DATA/DEV/workspaces/Glowing Sea Studio/APPS/erebus/packages/tokens/package.json.
(Use `node --trace-warnings ...` to show where the warning was created)

> nx run @glowing-sea-studio/erebus-react:build


> @glowing-sea-studio/erebus-react@0.1.0 build /media/thibault/SSD_DATA/DEV/workspaces/Glowing Sea Studio/APPS/erebus/packages/react
> tsup

[34mCLI[39m Building entry: src/index.ts
[34mCLI[39m Using tsconfig: tsconfig.json
[34mCLI[39m tsup v8.5.1
[34mCLI[39m Using tsup config: /media/thibault/SSD_DATA/DEV/workspaces/Glowing Sea Studio/APPS/erebus/packages/react/tsup.config.ts
[34mCLI[39m Target: es2022
[34mCLI[39m Cleaning output folder
[34mCJS[39m Build start
[34mESM[39m Build start
[32mESM[39m [1mdist/index.mjs     [22m[32m108.41 KB[39m
[32mESM[39m [1mdist/index.mjs.map [22m[32m207.33 KB[39m
[32mESM[39m ⚡️ Build success in 83ms
[32mCJS[39m [1mdist/index.js     [22m[32m123.52 KB[39m
[32mCJS[39m [1mdist/index.js.map [22m[32m207.13 KB[39m
[32mCJS[39m ⚡️ Build success in 85ms
[34mDTS[39m Build start
[32mDTS[39m ⚡️ Build success in 2472ms
[32mDTS[39m [1mdist/index.d.ts  [22m[32m36.93 KB[39m
[32mDTS[39m [1mdist/index.d.mts [22m[32m36.93 KB[39m

> nx run @glowing-sea-studio/erebus-angular:build


> @glowing-sea-studio/erebus-angular@0.1.0 build /media/thibault/SSD_DATA/DEV/workspaces/Glowing Sea Studio/APPS/erebus/packages/angular
> ng-packagr -p ng-package.json

[34mBuilding Angular Package[39m
[37m[39m
[37m------------------------------------------------------------------------------[39m
[37mBuilding entry point '@glowing-sea-studio/erebus-angular'[39m
[37m------------------------------------------------------------------------------[39m
- Compiling with Angular sources in Ivy partial compilation mode.
[32m✔[39m Compiling with Angular sources in Ivy partial compilation mode.
- Writing FESM bundles
[32m✔[39m Writing FESM bundles
- Copying assets
[32m✔[39m Copying assets
- Writing package manifest
[34mℹ[39m Removing scripts section in package.json as it's considered a potential security vulnerability.
[34mℹ[39m Removing devDependencies section in package.json.
[32m✔[39m Writing package manifest
[32m✔[39m Built @glowing-sea-studio/erebus-angular
[32m[39m
[32m------------------------------------------------------------------------------[39m
[32mBuilt Angular Package[39m
[32m - from: /media/thibault/SSD_DATA/DEV/workspaces/Glowing Sea Studio/APPS/erebus/packages/angular[39m
[32m - to:   /media/thibault/SSD_DATA/DEV/workspaces/Glowing Sea Studio/APPS/erebus/dist/packages/angular[39m
[32m------------------------------------------------------------------------------[39m
[37m[37m[39m[37m[39m
[37m[37mBuild at: [1m2026-09-01T14:07:46.309Z[22m - Time: [1m3192[22mms[39m[37m[39m
[37m[37m[39m[37m[39m



 NX   Successfully ran target build for 3 projects



 NX   Nx detected a flaky task

  @glowing-sea-studio/erebus-tokens:build

Flaky tasks can disrupt your CI pipeline. Automatically retry them with Nx Cloud. Learn more at https://nx.dev/ci/features/flaky-tasks


[0;34m=== 3/3 Lancement des démos Storybook ===[0m
[0;32m-> Storybook React démarrera sur http://localhost:6006[0m
[0;32m-> Storybook Angular démarrera sur http://localhost:6007[0m
[0;34m(Appuyez sur Ctrl+C pour arrêter les serveurs)[0m


> nx run @glowing-sea-studio/erebus-react:storybook --port=6006

> storybook dev --port=6006


> nx run @glowing-sea-studio/erebus-angular:storybook --port=6007

[1mstorybook v8.2.9[22m[0m[0m
[0m[0m
WARN The following packages are incompatible with Storybook [1m8.2.9[22m as they depend on different major versions of Storybook packages:
WARN - [36m@storybook/test-runner[39m@[36m0.13.0[39m
WARN 
WARN 
WARN Please consider updating your packages or contacting the maintainers for compatibility details.
WARN For more on Storybook 8 compatibility, see the linked GitHub issue:
WARN [33mhttps://github.com/storybookjs/storybook/issues/26031[39m
info => Starting manager..
info => Starting preview..
info => Starting manager..
info Using tsconfig paths for react-docgen
[38;2;241;97;140m╭─────────────────────────────────────────────────────────────────────╮[39m
[38;2;241;97;140m│[39m                                                                     [38;2;241;97;140m│[39m
[38;2;241;97;140m│[39m   [38;2;162;224;94mStorybook [1m8.2.9[22m for [1mreact-vite[22m started[39m                            [38;2;241;97;140m│[39m
[38;2;241;97;140m│[39m   [90m[4m297 ms[24m for manager and [4m508 ms[24m for preview[39m                         [38;2;241;97;140m│[39m
[38;2;241;97;140m│[39m                                                                     [38;2;241;97;140m│[39m
[38;2;241;97;140m│[39m   Local:            [36mhttp://localhost:6006/[39m                          [38;2;241;97;140m│[39m
[38;2;241;97;140m│[39m   On your network:  [36mhttp://192.168.1.31:6006/[39m                       [38;2;241;97;140m│[39m
[38;2;241;97;140m│[39m                                                                     [38;2;241;97;140m│[39m
[38;2;241;97;140m│[39m   [38;2;243;173;56mA new version ([1m10.5.10[22m) is available![39m                             [38;2;241;97;140m│[39m
[38;2;241;97;140m│[39m                                                                     [38;2;241;97;140m│[39m
[38;2;241;97;140m│[39m   [90mUpgrade now:[39m [38;2;162;224;94mnpx storybook@latest upgrade[39m                         [38;2;241;97;140m│[39m
[38;2;241;97;140m│[39m                                                                     [38;2;241;97;140m│[39m
[38;2;241;97;140m│[39m   [90mRead full changelog:[39m                                              [38;2;241;97;140m│[39m
[38;2;241;97;140m│[39m   [90m[4mhttps://github.com/storybookjs/storybook/blob/main/CHANGELOG.md[24m[39m   [38;2;241;97;140m│[39m
[38;2;241;97;140m│[39m                                                                     [38;2;241;97;140m│[39m
[38;2;241;97;140m╰─────────────────────────────────────────────────────────────────────╯[39m
info => Starting preview..
info Addon-docs: using MDX3
info => Using implicit CSS loaders
info => Using angular browser target options from "@glowing-sea-studio/erebus-angular:build-storybook"
info => Using angular project with "tsConfig:/media/thibault/SSD_DATA/DEV/workspaces/Glowing Sea Studio/APPS/erebus/packages/angular/.storybook/tsconfig.json"
info => Using default Webpack5 setup
[1m[31mERROR[39m[22m in [1m./node_modules/.pnpm/@angular+platform-browser@22.1.4_@angular+animations@22.1.4_@angular+core@18.2.14_rxjs@7.8.2__ous32v3f7kmwhg2bi4vrk2vvea/node_modules/@angular/platform-browser/fesm2022/platform-browser.mjs[39m[22m
Module build failed (from ./node_modules/.pnpm/@angular-devkit+build-angular@22.1.6_lbqy6n5dpj73up26jfgqpim3ny/node_modules/@angular-devkit/build-angular/src/tools/babel/webpack-loader.js):
TypeError: Cannot create property 'message' on string '/media/thibault/SSD_DATA/DEV/workspaces/Glowing Sea Studio/APPS/erebus/node_modules/.pnpm/@angular+platform-browser@22.1.4_@angular+animations@22.1.4_@angular+core@18.2.14_rxjs@7.8.2__ous32v3f7kmwhg2bi4vrk2vvea/node_modules/@angular/platform-browser/fesm2022/platform-browser.mjs: Unsupported enum value for [object Object]
[0m [90m 72 |[39m     type[33m:[39m [33mMeta[39m[33m,[39m
 [90m 73 |[39m     deps[33m:[39m [][33m,[39m
[31m[1m>[22m[39m[90m 74 |[39m     target[33m:[39m i0[33m.[39mɵɵFactoryTarget[33m.[39m[33mService[39m
 [90m    |[39m             [31m[1m^[22m[39m[31m[1m^[22m[39m[31m[1m^[22m[39m[31m[1m^[22m[39m[31m[1m^[22m[39m[31m[1m^[22m[39m[31m[1m^[22m[39m[31m[1m^[22m[39m[31m[1m^[22m[39m[31m[1m^[22m[39m[31m[1m^[22m[39m[31m[1m^[22m[39m[31m[1m^[22m[39m[31m[1m^[22m[39m[31m[1m^[22m[39m[31m[1m^[22m[39m[31m[1m^[22m[39m[31m[1m^[22m[39m[31m[1m^[22m[39m[31m[1m^[22m[39m[31m[1m^[22m[39m[31m[1m^[22m[39m[31m[1m^[22m[39m[31m[1m^[22m[39m[31m[1m^[22m[39m[31m[1m^[22m[39m
 [90m 75 |[39m   })[33m;[39m
 [90m 76 |[39m   [36mstatic[39m ɵprov [33m=[39m i0[33m.[39mɵɵngDeclareService({
 [90m 77 |[39m     minVersion[33m:[39m [32m"22.0.0"[39m[33m,[39m[0m'
    at run (/media/thibault/SSD_DATA/DEV/workspaces/Glowing Sea Studio/APPS/erebus/node_modules/.pnpm/@babel+core@8.0.1/node_modules/@babel/core/src/transformation/index.ts:52:14)
    at run.next (<anonymous>)
    at transform (/media/thibault/SSD_DATA/DEV/workspaces/Glowing Sea Studio/APPS/erebus/node_modules/.pnpm/@babel+core@8.0.1/node_modules/@babel/core/src/transform.ts:28:17)
    at transform.next (<anonymous>)
    at step (/media/thibault/SSD_DATA/DEV/workspaces/Glowing Sea Studio/APPS/erebus/node_modules/.pnpm/gensync@1.0.0-beta.2/node_modules/gensync/index.js:261:32)
    at /media/thibault/SSD_DATA/DEV/workspaces/Glowing Sea Studio/APPS/erebus/node_modules/.pnpm/gensync@1.0.0-beta.2/node_modules/gensync/index.js:273:13
    at async.call.result.err.err (/media/thibault/SSD_DATA/DEV/workspaces/Glowing Sea Studio/APPS/erebus/node_modules/.pnpm/gensync@1.0.0-beta.2/node_modules/gensync/index.js:223:11)
 @ ./node_modules/.pnpm/@storybook+angular@8.2.9_bw7kb4z3vyudu6w335lc45mg5y/node_modules/@storybook/angular/dist/client/angular-beta/AbstractRenderer.js 8:27-63
 @ ./node_modules/.pnpm/@storybook+angular@8.2.9_bw7kb4z3vyudu6w335lc45mg5y/node_modules/@storybook/angular/dist/renderer.mjs 4:0-74 4:0-74
 @ ./node_modules/.pnpm/@storybook+angular@8.2.9_bw7kb4z3vyudu6w335lc45mg5y/node_modules/@storybook/angular/dist/client/docs/sourceDecorator.js 9:19-44
 @ ./node_modules/.pnpm/@storybook+angular@8.2.9_bw7kb4z3vyudu6w335lc45mg5y/node_modules/@storybook/angular/dist/client/docs/config.js 9:26-54
 @ ./storybook-config-entry.js 5:52-263 24:2-29:4 24:2613-29:3
[1m[31mERROR[39m[22m in [96mpackages/angular/src/FileUpload/FileUpload.component.ts[0m:[93m1[0m:[93m73[0m - [91merror[0m[90m TS6133: [0m'HostListener' is declared but its value is never read.
[7m1[0m import { Component, Input, Output, EventEmitter, ViewChild, ElementRef, HostListener } from '@angular/core';
[7m [0m [91m                                                                        ~~~~~~~~~~~~[0m
[1m[31mERROR[39m[22m in [96mpackages/angular/src/Toast/toast.component.ts[0m:[93m3[0m:[93m24[0m - [91merror[0m[90m TS6133: [0m'ToastMessage' is declared but its value is never read.
[7m3[0m import { ToastService, ToastMessage } from './toast.service';
[7m [0m [91m                       ~~~~~~~~~~~~[0m
[1m[31mERROR[39m[22m in [96mpackages/angular/src/Toast/toast.component.ts[0m:[93m19[0m:[93m3[0m - [91merror[0m[90m TS7008: [0mMember 'toasts$' implicitly has an 'any' type.
[7m19[0m   toasts$;
[7m  [0m [91m  ~~~~~~~[0m
[1m[31mERROR[39m[22m in [96mpackages/angular/src/app-shell/app-shell.component.ts[0m:[93m2[0m:[93m21[0m - [91merror[0m[90m TS6133: [0m'Input' is declared but its value is never read.
[7m2[0m import { Component, Input } from '@angular/core';
[7m [0m [91m                    ~~~~~[0m
[1m[31mERROR[39m[22m in [96mpackages/angular/src/bottom-nav/bottom-nav.component.ts[0m:[93m2[0m:[93m21[0m - [91merror[0m[90m TS6133: [0m'Input' is declared but its value is never read.
[7m2[0m import { Component, Input } from '@angular/core';
[7m [0m [91m                    ~~~~~[0m
[1m[31mERROR[39m[22m in [96mpackages/angular/src/combobox/combobox.component.ts[0m:[93m11[0m:[93m3[0m - [91merror[0m[90m TS6133: [0m'ChangeDetectionStrategy' is declared but its value is never read.
[7m11[0m   ChangeDetectionStrategy,
[7m  [0m [91m  ~~~~~~~~~~~~~~~~~~~~~~~[0m
[1m[31mERROR[39m[22m in [96mpackages/angular/src/mobile-nav/mobile-nav.component.ts[0m:[93m2[0m:[93m21[0m - [91merror[0m[90m TS6133: [0m'Input' is declared but its value is never read.
[7m2[0m import { Component, Input } from '@angular/core';
[7m [0m [91m                    ~~~~~[0m
[1m[31mERROR[39m[22m in [96mpackages/angular/src/multi-select/multi-select.component.ts[0m:[93m11[0m:[93m3[0m - [91merror[0m[90m TS6133: [0m'ChangeDetectionStrategy' is declared but its value is never read.
[7m11[0m   ChangeDetectionStrategy,
[7m  [0m [91m  ~~~~~~~~~~~~~~~~~~~~~~~[0m
[1m[31mERROR[39m[22m in [96mpackages/angular/src/sidebar/sidebar.component.ts[0m:[93m2[0m:[93m21[0m - [91merror[0m[90m TS6133: [0m'Input' is declared but its value is never read.
[7m2[0m import { Component, Input } from '@angular/core';
[7m [0m [91m                    ~~~~~[0m
[1m[31mERROR[39m[22m in [96mpackages/angular/src/slider/slider.component.ts[0m:[93m1[0m:[93m62[0m - [91merror[0m[90m TS6133: [0m'HostBinding' is declared but its value is never read.
[7m1[0m import { Component, Input, Output, EventEmitter, ElementRef, HostBinding, HostListener } from '@angular/core';
[7m [0m [91m                                                             ~~~~~~~~~~~[0m
[1mpreview[39m[22m compiled with [1m[31m11 errors[39m[22m
WARN export 'ɵUSE_PENDING_TASKS' (imported as '_USE_PENDING_TASKS') was not found in '@angular/core' (possible exports: ANIMATION_MODULE_TYPE, APP_BOOTSTRAP_LISTENER, APP_ID, APP_INITIALIZER, AfterRenderPhase, ApplicationInitStatus, ApplicationModule, ApplicationRef, Attribute, COMPILER_OPTIONS, CSP_NONCE, CUSTOM_ELEMENTS_SCHEMA, ChangeDetectionStrategy, ChangeDetectorRef, Compiler, CompilerFactory, Component, ComponentFactory, ComponentFactoryResolver, ComponentRef, ContentChild, ContentChildren, DEFAULT_CURRENCY_CODE, DebugElement, DebugEventListener, DebugNode, DefaultIterableDiffer, DestroyRef, Directive, ENVIRONMENT_INITIALIZER, ElementRef, EmbeddedViewRef, EnvironmentInjector, ErrorHandler, EventEmitter, ExperimentalPendingTasks, HOST_TAG_NAME, Host, HostAttributeToken, HostBinding, HostListener, INJECTOR, Inject, InjectFlags, Injectable, InjectionToken, Injector, Input, IterableDiffers, KeyValueDiffers, LOCALE_ID, MissingTranslationStrategy, ModuleWithComponentFactories, NO_ERRORS_SCHEMA, NgModule, NgModuleFactory, NgModuleRef, NgProbeToken, NgZone, Optional, Output, OutputEmitterRef, PACKAGE_ROOT_URL, PLATFORM_ID, PLATFORM_INITIALIZER, Pipe, PlatformRef, Query, QueryList, Renderer2, RendererFactory2, RendererStyleFlags2, Sanitizer, SecurityContext, Self, SimpleChange, SkipSelf, TRANSLATIONS, TRANSLATIONS_FORMAT, TemplateRef, Testability, TestabilityRegistry, TransferState, Type, VERSION, Version, ViewChild, ViewChildren, ViewContainerRef, ViewEncapsulation, ViewRef, afterNextRender, afterRender, asNativeElements, assertInInjectionContext, assertNotInReactiveContext, assertPlatform, booleanAttribute, computed, contentChild, contentChildren, createComponent, createEnvironmentInjector, createNgModule, createNgModuleRef, createPlatform, createPlatformFactory, defineInjectable, destroyPlatform, effect, enableProdMode, forwardRef, getDebugNode, getModuleFactory, getNgModuleById, getPlatform, importProvidersFrom, inject, input, isDevMode, isSignal, isStandalone, makeEnvironmentProviders, makeStateKey, mergeApplicationConfig, model, numberAttribute, output, platformCore, provideExperimentalCheckNoChangesForDebug, provideExperimentalZonelessChangeDetection, provideZoneChangeDetection, reflectComponentType, resolveForwardRef, runInInjectionContext, setTestabilityGetter, signal, untracked, viewChild, viewChildren, ɵALLOW_MULTIPLE_PLATFORMS, ɵAfterRenderManager, ɵCONTAINER_HEADER_OFFSET, ɵChangeDetectionScheduler, ɵChangeDetectionSchedulerImpl, ɵComponentFactory, ɵConsole, ɵDEFAULT_LOCALE_ID, ɵDEFER_BLOCK_CONFIG, ɵDEFER_BLOCK_DEPENDENCY_INTERCEPTOR, ɵDeferBlockBehavior, ɵDeferBlockState, ɵEffectScheduler, ɵIMAGE_CONFIG, ɵIMAGE_CONFIG_DEFAULTS, ɵINJECTOR_SCOPE, ɵINPUT_SIGNAL_BRAND_WRITE_TYPE, ɵINTERNAL_APPLICATION_ERROR_HANDLER, ɵIS_HYDRATION_DOM_REUSE_ENABLED, ɵJSACTION_EVENT_CONTRACT, ɵLContext, ɵLifecycleHooksFeature, ɵLocaleDataIndex, ɵNG_COMP_DEF, ɵNG_DIR_DEF, ɵNG_ELEMENT_ID, ɵNG_INJ_DEF, ɵNG_MOD_DEF, ɵNG_PIPE_DEF, ɵNG_PROV_DEF, ɵNOT_FOUND_CHECK_ONLY_ELEMENT_INJECTOR, ɵNO_CHANGE, ɵNgModuleFactory, ɵNoopNgZone, ɵPROVIDED_NG_ZONE, ɵPendingTasks, ɵReflectionCapabilities, ɵRender3ComponentFactory, ɵRender3ComponentRef, ɵRender3NgModuleRef, ɵRuntimeError, ɵSIGNAL, ɵSSR_CONTENT_INTEGRITY_MARKER, ɵTESTABILITY, ɵTESTABILITY_GETTER, ɵUSE_RUNTIME_DEPS_TRACKER_FOR_JIT, ɵViewRef, ɵXSS_SECURITY_URL, ɵZONELESS_ENABLED, ɵ_sanitizeHtml, ɵ_sanitizeUrl, ɵallowSanitizationBypassAndThrow, ɵannotateForHydration, ɵbypassSanitizationTrustHtml, ɵbypassSanitizationTrustResourceUrl, ɵbypassSanitizationTrustScript, ɵbypassSanitizationTrustStyle, ɵbypassSanitizationTrustUrl, ɵclearResolutionOfComponentResourcesQueue, ɵcompileComponent, ɵcompileDirective, ɵcompileNgModule, ɵcompileNgModuleDefs, ɵcompileNgModuleFactory, ɵcompilePipe, ɵconvertToBitFlags, ɵcreateInjector, ɵdefaultIterableDiffers, ɵdefaultKeyValueDiffers, ɵdepsTracker, ɵdetectChangesInViewIfRequired, ɵdevModeEqual, ɵfindLocaleData, ɵflushModuleScopingQueueAsMuchAsPossible, ɵformatRuntimeError, ɵgenerateStandaloneInDeclarationsError, ɵgetAsyncClassMetadataFn, ɵgetDebugNode, ɵgetDeferBlocks, ɵgetDirectives, ɵgetHostElement, ɵgetInjectableDef, ɵgetLContext, ɵgetLocaleCurrencyCode, ɵgetLocalePluralCase, ɵgetOutputDestroyRef, ɵgetSanitizationBypassType, ɵgetUnknownElementStrictMode, ɵgetUnknownPropertyStrictMode, ɵglobal, ɵinjectChangeDetectorRef, ɵinternalCreateApplication, ɵinternalProvideZoneChangeDetection, ɵisBoundToModule, ɵisComponentDefPendingResolution, ɵisEnvironmentProviders, ɵisInjectable, ɵisNgModule, ɵisPromise, ɵisSubscribable, ɵnoSideEffects, ɵpatchComponentDefWithScope, ɵperformanceMarkFeature, ɵreadHydrationInfo, ɵregisterLocaleData, ɵrenderDeferBlockState, ɵresetCompiledComponents, ɵresetJitOptions, ɵresolveComponentResources, ɵrestoreComponentResolutionQueue, ɵsetAllowDuplicateNgModuleIdsForTest, ɵsetAlternateWeakRefImpl, ɵsetClassDebugInfo, ɵsetClassMetadata, ɵsetClassMetadataAsync, ɵsetCurrentInjector, ɵsetDocument, ɵsetInjectorProfilerContext, ɵsetLocaleId, ɵsetUnknownElementStrictMode, ɵsetUnknownPropertyStrictMode, ɵstore, ɵstringify, ɵtransitiveScopesFor, ɵtriggerResourceLoading, ɵtruncateMiddle, ɵunregisterLocaleData, ɵunwrapSafeValue, ɵunwrapWritableSignal, ɵwhenStable, ɵwithDomHydration, ɵwithEventReplay, ɵwithI18nSupport, ɵɵCopyDefinitionFeature, ɵɵFactoryTarget, ɵɵHostDirectivesFeature, ɵɵInheritDefinitionFeature, ɵɵInputTransformsFeature, ɵɵNgOnChangesFeature, ɵɵProvidersFeature, ɵɵStandaloneFeature, ɵɵadvance, ɵɵattribute, ɵɵattributeInterpolate1, ɵɵattributeInterpolate2, ɵɵattributeInterpolate3, ɵɵattributeInterpolate4, ɵɵattributeInterpolate5, ɵɵattributeInterpolate6, ɵɵattributeInterpolate7, ɵɵattributeInterpolate8, ɵɵattributeInterpolateV, ɵɵclassMap, ɵɵclassMapInterpolate1, ɵɵclassMapInterpolate2, ɵɵclassMapInterpolate3, ɵɵclassMapInterpolate4, ɵɵclassMapInterpolate5, ɵɵclassMapInterpolate6, ɵɵclassMapInterpolate7, ɵɵclassMapInterpolate8, ɵɵclassMapInterpolateV, ɵɵclassProp, ɵɵcomponentInstance, ɵɵconditional, ɵɵcontentQuery, ɵɵcontentQuerySignal, ɵɵdeclareLet, ɵɵdefer, ɵɵdeferEnableTimerScheduling, ɵɵdeferOnHover, ɵɵdeferOnIdle, ɵɵdeferOnImmediate, ɵɵdeferOnInteraction, ɵɵdeferOnTimer, ɵɵdeferOnViewport, ɵɵdeferPrefetchOnHover, ɵɵdeferPrefetchOnIdle, ɵɵdeferPrefetchOnImmediate, ɵɵdeferPrefetchOnInteraction, ɵɵdeferPrefetchOnTimer, ɵɵdeferPrefetchOnViewport, ɵɵdeferPrefetchWhen, ɵɵdeferWhen, ɵɵdefineComponent, ɵɵdefineDirective, ɵɵdefineInjectable, ɵɵdefineInjector, ɵɵdefineNgModule, ɵɵdefinePipe, ɵɵdirectiveInject, ɵɵdisableBindings, ɵɵelement, ɵɵelementContainer, ɵɵelementContainerEnd, ɵɵelementContainerStart, ɵɵelementEnd, ɵɵelementStart, ɵɵenableBindings, ɵɵgetComponentDepsFactory, ɵɵgetCurrentView, ɵɵgetInheritedFactory, ɵɵhostProperty, ɵɵi18n, ɵɵi18nApply, ɵɵi18nAttributes, ɵɵi18nEnd, ɵɵi18nExp, ɵɵi18nPostprocess, ɵɵi18nStart, ɵɵinject, ɵɵinjectAttribute, ɵɵinvalidFactory, ɵɵinvalidFactoryDep, ɵɵlistener, ɵɵloadQuery, ɵɵnamespaceHTML, ɵɵnamespaceMathML, ɵɵnamespaceSVG, ɵɵnextContext, ɵɵngDeclareClassMetadata, ɵɵngDeclareClassMetadataAsync, ɵɵngDeclareComponent, ɵɵngDeclareDirective, ɵɵngDeclareFactory, ɵɵngDeclareInjectable, ɵɵngDeclareInjector, ɵɵngDeclareNgModule, ɵɵngDeclarePipe, ɵɵpipe, ɵɵpipeBind1, ɵɵpipeBind2, ɵɵpipeBind3, ɵɵpipeBind4, ɵɵpipeBindV, ɵɵprojection, ɵɵprojectionDef, ɵɵproperty, ɵɵpropertyInterpolate, ɵɵpropertyInterpolate1, ɵɵpropertyInterpolate2, ɵɵpropertyInterpolate3, ɵɵpropertyInterpolate4, ɵɵpropertyInterpolate5, ɵɵpropertyInterpolate6, ɵɵpropertyInterpolate7, ɵɵpropertyInterpolate8, ɵɵpropertyInterpolateV, ɵɵpureFunction0, ɵɵpureFunction1, ɵɵpureFunction2, ɵɵpureFunction3, ɵɵpureFunction4, ɵɵpureFunction5, ɵɵpureFunction6, ɵɵpureFunction7, ɵɵpureFunction8, ɵɵpureFunctionV, ɵɵqueryAdvance, ɵɵqueryRefresh, ɵɵreadContextLet, ɵɵreference, ɵɵregisterNgModuleType, ɵɵrepeater, ɵɵrepeaterCreate, ɵɵrepeaterTrackByIdentity, ɵɵrepeaterTrackByIndex, ɵɵresetView, ɵɵresolveBody, ɵɵresolveDocument, ɵɵresolveWindow, ɵɵrestoreView, ɵɵsanitizeHtml, ɵɵsanitizeResourceUrl, ɵɵsanitizeScript, ɵɵsanitizeStyle, ɵɵsanitizeUrl, ɵɵsanitizeUrlOrResourceUrl, ɵɵsetComponentScope, ɵɵsetNgModuleScope, ɵɵstoreLet, ɵɵstyleMap, ɵɵstyleMapInterpolate1, ɵɵstyleMapInterpolate2, ɵɵstyleMapInterpolate3, ɵɵstyleMapInterpolate4, ɵɵstyleMapInterpolate5, ɵɵstyleMapInterpolate6, ɵɵstyleMapInterpolate7, ɵɵstyleMapInterpolate8, ɵɵstyleMapInterpolateV, ɵɵstyleProp, ɵɵstylePropInterpolate1, ɵɵstylePropInterpolate2, ɵɵstylePropInterpolate3, ɵɵstylePropInterpolate4, ɵɵstylePropInterpolate5, ɵɵstylePropInterpolate6, ɵɵstylePropInterpolate7, ɵɵstylePropInterpolate8, ɵɵstylePropInterpolateV, ɵɵsyntheticHostListener, ɵɵsyntheticHostProperty, ɵɵtemplate, ɵɵtemplateRefExtractor, ɵɵtext, ɵɵtextInterpolate, ɵɵtextInterpolate1, ɵɵtextInterpolate2, ɵɵtextInterpolate3, ɵɵtextInterpolate4, ɵɵtextInterpolate5, ɵɵtextInterpolate6, ɵɵtextInterpolate7, ɵɵtextInterpolate8, ɵɵtextInterpolateV, ɵɵtrustConstantHtml, ɵɵtrustConstantResourceUrl, ɵɵtwoWayBindingSet, ɵɵtwoWayListener, ɵɵtwoWayProperty, ɵɵvalidateIframeAttribute, ɵɵviewQuery, ɵɵviewQuerySignal)
WARN export 'ɵSHARED_STYLES_HOST' (imported as '_SHARED_STYLES_HOST') was not found in '@angular/core' (possible exports: ANIMATION_MODULE_TYPE, APP_BOOTSTRAP_LISTENER, APP_ID, APP_INITIALIZER, AfterRenderPhase, ApplicationInitStatus, ApplicationModule, ApplicationRef, Attribute, COMPILER_OPTIONS, CSP_NONCE, CUSTOM_ELEMENTS_SCHEMA, ChangeDetectionStrategy, ChangeDetectorRef, Compiler, CompilerFactory, Component, ComponentFactory, ComponentFactoryResolver, ComponentRef, ContentChild, ContentChildren, DEFAULT_CURRENCY_CODE, DebugElement, DebugEventListener, DebugNode, DefaultIterableDiffer, DestroyRef, Directive, ENVIRONMENT_INITIALIZER, ElementRef, EmbeddedViewRef, EnvironmentInjector, ErrorHandler, EventEmitter, ExperimentalPendingTasks, HOST_TAG_NAME, Host, HostAttributeToken, HostBinding, HostListener, INJECTOR, Inject, InjectFlags, Injectable, InjectionToken, Injector, Input, IterableDiffers, KeyValueDiffers, LOCALE_ID, MissingTranslationStrategy, ModuleWithComponentFactories, NO_ERRORS_SCHEMA, NgModule, NgModuleFactory, NgModuleRef, NgProbeToken, NgZone, Optional, Output, OutputEmitterRef, PACKAGE_ROOT_URL, PLATFORM_ID, PLATFORM_INITIALIZER, Pipe, PlatformRef, Query, QueryList, Renderer2, RendererFactory2, RendererStyleFlags2, Sanitizer, SecurityContext, Self, SimpleChange, SkipSelf, TRANSLATIONS, TRANSLATIONS_FORMAT, TemplateRef, Testability, TestabilityRegistry, TransferState, Type, VERSION, Version, ViewChild, ViewChildren, ViewContainerRef, ViewEncapsulation, ViewRef, afterNextRender, afterRender, asNativeElements, assertInInjectionContext, assertNotInReactiveContext, assertPlatform, booleanAttribute, computed, contentChild, contentChildren, createComponent, createEnvironmentInjector, createNgModule, createNgModuleRef, createPlatform, createPlatformFactory, defineInjectable, destroyPlatform, effect, enableProdMode, forwardRef, getDebugNode, getModuleFactory, getNgModuleById, getPlatform, importProvidersFrom, inject, input, isDevMode, isSignal, isStandalone, makeEnvironmentProviders, makeStateKey, mergeApplicationConfig, model, numberAttribute, output, platformCore, provideExperimentalCheckNoChangesForDebug, provideExperimentalZonelessChangeDetection, provideZoneChangeDetection, reflectComponentType, resolveForwardRef, runInInjectionContext, setTestabilityGetter, signal, untracked, viewChild, viewChildren, ɵALLOW_MULTIPLE_PLATFORMS, ɵAfterRenderManager, ɵCONTAINER_HEADER_OFFSET, ɵChangeDetectionScheduler, ɵChangeDetectionSchedulerImpl, ɵComponentFactory, ɵConsole, ɵDEFAULT_LOCALE_ID, ɵDEFER_BLOCK_CONFIG, ɵDEFER_BLOCK_DEPENDENCY_INTERCEPTOR, ɵDeferBlockBehavior, ɵDeferBlockState, ɵEffectScheduler, ɵIMAGE_CONFIG, ɵIMAGE_CONFIG_DEFAULTS, ɵINJECTOR_SCOPE, ɵINPUT_SIGNAL_BRAND_WRITE_TYPE, ɵINTERNAL_APPLICATION_ERROR_HANDLER, ɵIS_HYDRATION_DOM_REUSE_ENABLED, ɵJSACTION_EVENT_CONTRACT, ɵLContext, ɵLifecycleHooksFeature, ɵLocaleDataIndex, ɵNG_COMP_DEF, ɵNG_DIR_DEF, ɵNG_ELEMENT_ID, ɵNG_INJ_DEF, ɵNG_MOD_DEF, ɵNG_PIPE_DEF, ɵNG_PROV_DEF, ɵNOT_FOUND_CHECK_ONLY_ELEMENT_INJECTOR, ɵNO_CHANGE, ɵNgModuleFactory, ɵNoopNgZone, ɵPROVIDED_NG_ZONE, ɵPendingTasks, ɵReflectionCapabilities, ɵRender3ComponentFactory, ɵRender3ComponentRef, ɵRender3NgModuleRef, ɵRuntimeError, ɵSIGNAL, ɵSSR_CONTENT_INTEGRITY_MARKER, ɵTESTABILITY, ɵTESTABILITY_GETTER, ɵUSE_RUNTIME_DEPS_TRACKER_FOR_JIT, ɵViewRef, ɵXSS_SECURITY_URL, ɵZONELESS_ENABLED, ɵ_sanitizeHtml, ɵ_sanitizeUrl, ɵallowSanitizationBypassAndThrow, ɵannotateForHydration, ɵbypassSanitizationTrustHtml, ɵbypassSanitizationTrustResourceUrl, ɵbypassSanitizationTrustScript, ɵbypassSanitizationTrustStyle, ɵbypassSanitizationTrustUrl, ɵclearResolutionOfComponentResourcesQueue, ɵcompileComponent, ɵcompileDirective, ɵcompileNgModule, ɵcompileNgModuleDefs, ɵcompileNgModuleFactory, ɵcompilePipe, ɵconvertToBitFlags, ɵcreateInjector, ɵdefaultIterableDiffers, ɵdefaultKeyValueDiffers, ɵdepsTracker, ɵdetectChangesInViewIfRequired, ɵdevModeEqual, ɵfindLocaleData, ɵflushModuleScopingQueueAsMuchAsPossible, ɵformatRuntimeError, ɵgenerateStandaloneInDeclarationsError, ɵgetAsyncClassMetadataFn, ɵgetDebugNode, ɵgetDeferBlocks, ɵgetDirectives, ɵgetHostElement, ɵgetInjectableDef, ɵgetLContext, ɵgetLocaleCurrencyCode, ɵgetLocalePluralCase, ɵgetOutputDestroyRef, ɵgetSanitizationBypassType, ɵgetUnknownElementStrictMode, ɵgetUnknownPropertyStrictMode, ɵglobal, ɵinjectChangeDetectorRef, ɵinternalCreateApplication, ɵinternalProvideZoneChangeDetection, ɵisBoundToModule, ɵisComponentDefPendingResolution, ɵisEnvironmentProviders, ɵisInjectable, ɵisNgModule, ɵisPromise, ɵisSubscribable, ɵnoSideEffects, ɵpatchComponentDefWithScope, ɵperformanceMarkFeature, ɵreadHydrationInfo, ɵregisterLocaleData, ɵrenderDeferBlockState, ɵresetCompiledComponents, ɵresetJitOptions, ɵresolveComponentResources, ɵrestoreComponentResolutionQueue, ɵsetAllowDuplicateNgModuleIdsForTest, ɵsetAlternateWeakRefImpl, ɵsetClassDebugInfo, ɵsetClassMetadata, ɵsetClassMetadataAsync, ɵsetCurrentInjector, ɵsetDocument, ɵsetInjectorProfilerContext, ɵsetLocaleId, ɵsetUnknownElementStrictMode, ɵsetUnknownPropertyStrictMode, ɵstore, ɵstringify, ɵtransitiveScopesFor, ɵtriggerResourceLoading, ɵtruncateMiddle, ɵunregisterLocaleData, ɵunwrapSafeValue, ɵunwrapWritableSignal, ɵwhenStable, ɵwithDomHydration, ɵwithEventReplay, ɵwithI18nSupport, ɵɵCopyDefinitionFeature, ɵɵFactoryTarget, ɵɵHostDirectivesFeature, ɵɵInheritDefinitionFeature, ɵɵInputTransformsFeature, ɵɵNgOnChangesFeature, ɵɵProvidersFeature, ɵɵStandaloneFeature, ɵɵadvance, ɵɵattribute, ɵɵattributeInterpolate1, ɵɵattributeInterpolate2, ɵɵattributeInterpolate3, ɵɵattributeInterpolate4, ɵɵattributeInterpolate5, ɵɵattributeInterpolate6, ɵɵattributeInterpolate7, ɵɵattributeInterpolate8, ɵɵattributeInterpolateV, ɵɵclassMap, ɵɵclassMapInterpolate1, ɵɵclassMapInterpolate2, ɵɵclassMapInterpolate3, ɵɵclassMapInterpolate4, ɵɵclassMapInterpolate5, ɵɵclassMapInterpolate6, ɵɵclassMapInterpolate7, ɵɵclassMapInterpolate8, ɵɵclassMapInterpolateV, ɵɵclassProp, ɵɵcomponentInstance, ɵɵconditional, ɵɵcontentQuery, ɵɵcontentQuerySignal, ɵɵdeclareLet, ɵɵdefer, ɵɵdeferEnableTimerScheduling, ɵɵdeferOnHover, ɵɵdeferOnIdle, ɵɵdeferOnImmediate, ɵɵdeferOnInteraction, ɵɵdeferOnTimer, ɵɵdeferOnViewport, ɵɵdeferPrefetchOnHover, ɵɵdeferPrefetchOnIdle, ɵɵdeferPrefetchOnImmediate, ɵɵdeferPrefetchOnInteraction, ɵɵdeferPrefetchOnTimer, ɵɵdeferPrefetchOnViewport, ɵɵdeferPrefetchWhen, ɵɵdeferWhen, ɵɵdefineComponent, ɵɵdefineDirective, ɵɵdefineInjectable, ɵɵdefineInjector, ɵɵdefineNgModule, ɵɵdefinePipe, ɵɵdirectiveInject, ɵɵdisableBindings, ɵɵelement, ɵɵelementContainer, ɵɵelementContainerEnd, ɵɵelementContainerStart, ɵɵelementEnd, ɵɵelementStart, ɵɵenableBindings, ɵɵgetComponentDepsFactory, ɵɵgetCurrentView, ɵɵgetInheritedFactory, ɵɵhostProperty, ɵɵi18n, ɵɵi18nApply, ɵɵi18nAttributes, ɵɵi18nEnd, ɵɵi18nExp, ɵɵi18nPostprocess, ɵɵi18nStart, ɵɵinject, ɵɵinjectAttribute, ɵɵinvalidFactory, ɵɵinvalidFactoryDep, ɵɵlistener, ɵɵloadQuery, ɵɵnamespaceHTML, ɵɵnamespaceMathML, ɵɵnamespaceSVG, ɵɵnextContext, ɵɵngDeclareClassMetadata, ɵɵngDeclareClassMetadataAsync, ɵɵngDeclareComponent, ɵɵngDeclareDirective, ɵɵngDeclareFactory, ɵɵngDeclareInjectable, ɵɵngDeclareInjector, ɵɵngDeclareNgModule, ɵɵngDeclarePipe, ɵɵpipe, ɵɵpipeBind1, ɵɵpipeBind2, ɵɵpipeBind3, ɵɵpipeBind4, ɵɵpipeBindV, ɵɵprojection, ɵɵprojectionDef, ɵɵproperty, ɵɵpropertyInterpolate, ɵɵpropertyInterpolate1, ɵɵpropertyInterpolate2, ɵɵpropertyInterpolate3, ɵɵpropertyInterpolate4, ɵɵpropertyInterpolate5, ɵɵpropertyInterpolate6, ɵɵpropertyInterpolate7, ɵɵpropertyInterpolate8, ɵɵpropertyInterpolateV, ɵɵpureFunction0, ɵɵpureFunction1, ɵɵpureFunction2, ɵɵpureFunction3, ɵɵpureFunction4, ɵɵpureFunction5, ɵɵpureFunction6, ɵɵpureFunction7, ɵɵpureFunction8, ɵɵpureFunctionV, ɵɵqueryAdvance, ɵɵqueryRefresh, ɵɵreadContextLet, ɵɵreference, ɵɵregisterNgModuleType, ɵɵrepeater, ɵɵrepeaterCreate, ɵɵrepeaterTrackByIdentity, ɵɵrepeaterTrackByIndex, ɵɵresetView, ɵɵresolveBody, ɵɵresolveDocument, ɵɵresolveWindow, ɵɵrestoreView, ɵɵsanitizeHtml, ɵɵsanitizeResourceUrl, ɵɵsanitizeScript, ɵɵsanitizeStyle, ɵɵsanitizeUrl, ɵɵsanitizeUrlOrResourceUrl, ɵɵsetComponentScope, ɵɵsetNgModuleScope, ɵɵstoreLet, ɵɵstyleMap, ɵɵstyleMapInterpolate1, ɵɵstyleMapInterpolate2, ɵɵstyleMapInterpolate3, ɵɵstyleMapInterpolate4, ɵɵstyleMapInterpolate5, ɵɵstyleMapInterpolate6, ɵɵstyleMapInterpolate7, ɵɵstyleMapInterpolate8, ɵɵstyleMapInterpolateV, ɵɵstyleProp, ɵɵstylePropInterpolate1, ɵɵstylePropInterpolate2, ɵɵstylePropInterpolate3, ɵɵstylePropInterpolate4, ɵɵstylePropInterpolate5, ɵɵstylePropInterpolate6, ɵɵstylePropInterpolate7, ɵɵstylePropInterpolate8, ɵɵstylePropInterpolateV, ɵɵsyntheticHostListener, ɵɵsyntheticHostProperty, ɵɵtemplate, ɵɵtemplateRefExtractor, ɵɵtext, ɵɵtextInterpolate, ɵɵtextInterpolate1, ɵɵtextInterpolate2, ɵɵtextInterpolate3, ɵɵtextInterpolate4, ɵɵtextInterpolate5, ɵɵtextInterpolate6, ɵɵtextInterpolate7, ɵɵtextInterpolate8, ɵɵtextInterpolateV, ɵɵtrustConstantHtml, ɵɵtrustConstantResourceUrl, ɵɵtwoWayBindingSet, ɵɵtwoWayListener, ɵɵtwoWayProperty, ɵɵvalidateIframeAttribute, ɵɵviewQuery, ɵɵviewQuerySignal)
WARN export 'ɵSHARED_STYLES_HOST' (imported as '_SHARED_STYLES_HOST') was not found in '@angular/core' (possible exports: ANIMATION_MODULE_TYPE, APP_BOOTSTRAP_LISTENER, APP_ID, APP_INITIALIZER, AfterRenderPhase, ApplicationInitStatus, ApplicationModule, ApplicationRef, Attribute, COMPILER_OPTIONS, CSP_NONCE, CUSTOM_ELEMENTS_SCHEMA, ChangeDetectionStrategy, ChangeDetectorRef, Compiler, CompilerFactory, Component, ComponentFactory, ComponentFactoryResolver, ComponentRef, ContentChild, ContentChildren, DEFAULT_CURRENCY_CODE, DebugElement, DebugEventListener, DebugNode, DefaultIterableDiffer, DestroyRef, Directive, ENVIRONMENT_INITIALIZER, ElementRef, EmbeddedViewRef, EnvironmentInjector, ErrorHandler, EventEmitter, ExperimentalPendingTasks, HOST_TAG_NAME, Host, HostAttributeToken, HostBinding, HostListener, INJECTOR, Inject, InjectFlags, Injectable, InjectionToken, Injector, Input, IterableDiffers, KeyValueDiffers, LOCALE_ID, MissingTranslationStrategy, ModuleWithComponentFactories, NO_ERRORS_SCHEMA, NgModule, NgModuleFactory, NgModuleRef, NgProbeToken, NgZone, Optional, Output, OutputEmitterRef, PACKAGE_ROOT_URL, PLATFORM_ID, PLATFORM_INITIALIZER, Pipe, PlatformRef, Query, QueryList, Renderer2, RendererFactory2, RendererStyleFlags2, Sanitizer, SecurityContext, Self, SimpleChange, SkipSelf, TRANSLATIONS, TRANSLATIONS_FORMAT, TemplateRef, Testability, TestabilityRegistry, TransferState, Type, VERSION, Version, ViewChild, ViewChildren, ViewContainerRef, ViewEncapsulation, ViewRef, afterNextRender, afterRender, asNativeElements, assertInInjectionContext, assertNotInReactiveContext, assertPlatform, booleanAttribute, computed, contentChild, contentChildren, createComponent, createEnvironmentInjector, createNgModule, createNgModuleRef, createPlatform, createPlatformFactory, defineInjectable, destroyPlatform, effect, enableProdMode, forwardRef, getDebugNode, getModuleFactory, getNgModuleById, getPlatform, importProvidersFrom, inject, input, isDevMode, isSignal, isStandalone, makeEnvironmentProviders, makeStateKey, mergeApplicationConfig, model, numberAttribute, output, platformCore, provideExperimentalCheckNoChangesForDebug, provideExperimentalZonelessChangeDetection, provideZoneChangeDetection, reflectComponentType, resolveForwardRef, runInInjectionContext, setTestabilityGetter, signal, untracked, viewChild, viewChildren, ɵALLOW_MULTIPLE_PLATFORMS, ɵAfterRenderManager, ɵCONTAINER_HEADER_OFFSET, ɵChangeDetectionScheduler, ɵChangeDetectionSchedulerImpl, ɵComponentFactory, ɵConsole, ɵDEFAULT_LOCALE_ID, ɵDEFER_BLOCK_CONFIG, ɵDEFER_BLOCK_DEPENDENCY_INTERCEPTOR, ɵDeferBlockBehavior, ɵDeferBlockState, ɵEffectScheduler, ɵIMAGE_CONFIG, ɵIMAGE_CONFIG_DEFAULTS, ɵINJECTOR_SCOPE, ɵINPUT_SIGNAL_BRAND_WRITE_TYPE, ɵINTERNAL_APPLICATION_ERROR_HANDLER, ɵIS_HYDRATION_DOM_REUSE_ENABLED, ɵJSACTION_EVENT_CONTRACT, ɵLContext, ɵLifecycleHooksFeature, ɵLocaleDataIndex, ɵNG_COMP_DEF, ɵNG_DIR_DEF, ɵNG_ELEMENT_ID, ɵNG_INJ_DEF, ɵNG_MOD_DEF, ɵNG_PIPE_DEF, ɵNG_PROV_DEF, ɵNOT_FOUND_CHECK_ONLY_ELEMENT_INJECTOR, ɵNO_CHANGE, ɵNgModuleFactory, ɵNoopNgZone, ɵPROVIDED_NG_ZONE, ɵPendingTasks, ɵReflectionCapabilities, ɵRender3ComponentFactory, ɵRender3ComponentRef, ɵRender3NgModuleRef, ɵRuntimeError, ɵSIGNAL, ɵSSR_CONTENT_INTEGRITY_MARKER, ɵTESTABILITY, ɵTESTABILITY_GETTER, ɵUSE_RUNTIME_DEPS_TRACKER_FOR_JIT, ɵViewRef, ɵXSS_SECURITY_URL, ɵZONELESS_ENABLED, ɵ_sanitizeHtml, ɵ_sanitizeUrl, ɵallowSanitizationBypassAndThrow, ɵannotateForHydration, ɵbypassSanitizationTrustHtml, ɵbypassSanitizationTrustResourceUrl, ɵbypassSanitizationTrustScript, ɵbypassSanitizationTrustStyle, ɵbypassSanitizationTrustUrl, ɵclearResolutionOfComponentResourcesQueue, ɵcompileComponent, ɵcompileDirective, ɵcompileNgModule, ɵcompileNgModuleDefs, ɵcompileNgModuleFactory, ɵcompilePipe, ɵconvertToBitFlags, ɵcreateInjector, ɵdefaultIterableDiffers, ɵdefaultKeyValueDiffers, ɵdepsTracker, ɵdetectChangesInViewIfRequired, ɵdevModeEqual, ɵfindLocaleData, ɵflushModuleScopingQueueAsMuchAsPossible, ɵformatRuntimeError, ɵgenerateStandaloneInDeclarationsError, ɵgetAsyncClassMetadataFn, ɵgetDebugNode, ɵgetDeferBlocks, ɵgetDirectives, ɵgetHostElement, ɵgetInjectableDef, ɵgetLContext, ɵgetLocaleCurrencyCode, ɵgetLocalePluralCase, ɵgetOutputDestroyRef, ɵgetSanitizationBypassType, ɵgetUnknownElementStrictMode, ɵgetUnknownPropertyStrictMode, ɵglobal, ɵinjectChangeDetectorRef, ɵinternalCreateApplication, ɵinternalProvideZoneChangeDetection, ɵisBoundToModule, ɵisComponentDefPendingResolution, ɵisEnvironmentProviders, ɵisInjectable, ɵisNgModule, ɵisPromise, ɵisSubscribable, ɵnoSideEffects, ɵpatchComponentDefWithScope, ɵperformanceMarkFeature, ɵreadHydrationInfo, ɵregisterLocaleData, ɵrenderDeferBlockState, ɵresetCompiledComponents, ɵresetJitOptions, ɵresolveComponentResources, ɵrestoreComponentResolutionQueue, ɵsetAllowDuplicateNgModuleIdsForTest, ɵsetAlternateWeakRefImpl, ɵsetClassDebugInfo, ɵsetClassMetadata, ɵsetClassMetadataAsync, ɵsetCurrentInjector, ɵsetDocument, ɵsetInjectorProfilerContext, ɵsetLocaleId, ɵsetUnknownElementStrictMode, ɵsetUnknownPropertyStrictMode, ɵstore, ɵstringify, ɵtransitiveScopesFor, ɵtriggerResourceLoading, ɵtruncateMiddle, ɵunregisterLocaleData, ɵunwrapSafeValue, ɵunwrapWritableSignal, ɵwhenStable, ɵwithDomHydration, ɵwithEventReplay, ɵwithI18nSupport, ɵɵCopyDefinitionFeature, ɵɵFactoryTarget, ɵɵHostDirectivesFeature, ɵɵInheritDefinitionFeature, ɵɵInputTransformsFeature, ɵɵNgOnChangesFeature, ɵɵProvidersFeature, ɵɵStandaloneFeature, ɵɵadvance, ɵɵattribute, ɵɵattributeInterpolate1, ɵɵattributeInterpolate2, ɵɵattributeInterpolate3, ɵɵattributeInterpolate4, ɵɵattributeInterpolate5, ɵɵattributeInterpolate6, ɵɵattributeInterpolate7, ɵɵattributeInterpolate8, ɵɵattributeInterpolateV, ɵɵclassMap, ɵɵclassMapInterpolate1, ɵɵclassMapInterpolate2, ɵɵclassMapInterpolate3, ɵɵclassMapInterpolate4, ɵɵclassMapInterpolate5, ɵɵclassMapInterpolate6, ɵɵclassMapInterpolate7, ɵɵclassMapInterpolate8, ɵɵclassMapInterpolateV, ɵɵclassProp, ɵɵcomponentInstance, ɵɵconditional, ɵɵcontentQuery, ɵɵcontentQuerySignal, ɵɵdeclareLet, ɵɵdefer, ɵɵdeferEnableTimerScheduling, ɵɵdeferOnHover, ɵɵdeferOnIdle, ɵɵdeferOnImmediate, ɵɵdeferOnInteraction, ɵɵdeferOnTimer, ɵɵdeferOnViewport, ɵɵdeferPrefetchOnHover, ɵɵdeferPrefetchOnIdle, ɵɵdeferPrefetchOnImmediate, ɵɵdeferPrefetchOnInteraction, ɵɵdeferPrefetchOnTimer, ɵɵdeferPrefetchOnViewport, ɵɵdeferPrefetchWhen, ɵɵdeferWhen, ɵɵdefineComponent, ɵɵdefineDirective, ɵɵdefineInjectable, ɵɵdefineInjector, ɵɵdefineNgModule, ɵɵdefinePipe, ɵɵdirectiveInject, ɵɵdisableBindings, ɵɵelement, ɵɵelementContainer, ɵɵelementContainerEnd, ɵɵelementContainerStart, ɵɵelementEnd, ɵɵelementStart, ɵɵenableBindings, ɵɵgetComponentDepsFactory, ɵɵgetCurrentView, ɵɵgetInheritedFactory, ɵɵhostProperty, ɵɵi18n, ɵɵi18nApply, ɵɵi18nAttributes, ɵɵi18nEnd, ɵɵi18nExp, ɵɵi18nPostprocess, ɵɵi18nStart, ɵɵinject, ɵɵinjectAttribute, ɵɵinvalidFactory, ɵɵinvalidFactoryDep, ɵɵlistener, ɵɵloadQuery, ɵɵnamespaceHTML, ɵɵnamespaceMathML, ɵɵnamespaceSVG, ɵɵnextContext, ɵɵngDeclareClassMetadata, ɵɵngDeclareClassMetadataAsync, ɵɵngDeclareComponent, ɵɵngDeclareDirective, ɵɵngDeclareFactory, ɵɵngDeclareInjectable, ɵɵngDeclareInjector, ɵɵngDeclareNgModule, ɵɵngDeclarePipe, ɵɵpipe, ɵɵpipeBind1, ɵɵpipeBind2, ɵɵpipeBind3, ɵɵpipeBind4, ɵɵpipeBindV, ɵɵprojection, ɵɵprojectionDef, ɵɵproperty, ɵɵpropertyInterpolate, ɵɵpropertyInterpolate1, ɵɵpropertyInterpolate2, ɵɵpropertyInterpolate3, ɵɵpropertyInterpolate4, ɵɵpropertyInterpolate5, ɵɵpropertyInterpolate6, ɵɵpropertyInterpolate7, ɵɵpropertyInterpolate8, ɵɵpropertyInterpolateV, ɵɵpureFunction0, ɵɵpureFunction1, ɵɵpureFunction2, ɵɵpureFunction3, ɵɵpureFunction4, ɵɵpureFunction5, ɵɵpureFunction6, ɵɵpureFunction7, ɵɵpureFunction8, ɵɵpureFunctionV, ɵɵqueryAdvance, ɵɵqueryRefresh, ɵɵreadContextLet, ɵɵreference, ɵɵregisterNgModuleType, ɵɵrepeater, ɵɵrepeaterCreate, ɵɵrepeaterTrackByIdentity, ɵɵrepeaterTrackByIndex, ɵɵresetView, ɵɵresolveBody, ɵɵresolveDocument, ɵɵresolveWindow, ɵɵrestoreView, ɵɵsanitizeHtml, ɵɵsanitizeResourceUrl, ɵɵsanitizeScript, ɵɵsanitizeStyle, ɵɵsanitizeUrl, ɵɵsanitizeUrlOrResourceUrl, ɵɵsetComponentScope, ɵɵsetNgModuleScope, ɵɵstoreLet, ɵɵstyleMap, ɵɵstyleMapInterpolate1, ɵɵstyleMapInterpolate2, ɵɵstyleMapInterpolate3, ɵɵstyleMapInterpolate4, ɵɵstyleMapInterpolate5, ɵɵstyleMapInterpolate6, ɵɵstyleMapInterpolate7, ɵɵstyleMapInterpolate8, ɵɵstyleMapInterpolateV, ɵɵstyleProp, ɵɵstylePropInterpolate1, ɵɵstylePropInterpolate2, ɵɵstylePropInterpolate3, ɵɵstylePropInterpolate4, ɵɵstylePropInterpolate5, ɵɵstylePropInterpolate6, ɵɵstylePropInterpolate7, ɵɵstylePropInterpolate8, ɵɵstylePropInterpolateV, ɵɵsyntheticHostListener, ɵɵsyntheticHostProperty, ɵɵtemplate, ɵɵtemplateRefExtractor, ɵɵtext, ɵɵtextInterpolate, ɵɵtextInterpolate1, ɵɵtextInterpolate2, ɵɵtextInterpolate3, ɵɵtextInterpolate4, ɵɵtextInterpolate5, ɵɵtextInterpolate6, ɵɵtextInterpolate7, ɵɵtextInterpolate8, ɵɵtextInterpolateV, ɵɵtrustConstantHtml, ɵɵtrustConstantResourceUrl, ɵɵtwoWayBindingSet, ɵɵtwoWayListener, ɵɵtwoWayProperty, ɵɵvalidateIframeAttribute, ɵɵviewQuery, ɵɵviewQuerySignal)
WARN export 'ɵSHARED_STYLES_HOST' (imported as '_SHARED_STYLES_HOST') was not found in '@angular/core' (possible exports: ANIMATION_MODULE_TYPE, APP_BOOTSTRAP_LISTENER, APP_ID, APP_INITIALIZER, AfterRenderPhase, ApplicationInitStatus, ApplicationModule, ApplicationRef, Attribute, COMPILER_OPTIONS, CSP_NONCE, CUSTOM_ELEMENTS_SCHEMA, ChangeDetectionStrategy, ChangeDetectorRef, Compiler, CompilerFactory, Component, ComponentFactory, ComponentFactoryResolver, ComponentRef, ContentChild, ContentChildren, DEFAULT_CURRENCY_CODE, DebugElement, DebugEventListener, DebugNode, DefaultIterableDiffer, DestroyRef, Directive, ENVIRONMENT_INITIALIZER, ElementRef, EmbeddedViewRef, EnvironmentInjector, ErrorHandler, EventEmitter, ExperimentalPendingTasks, HOST_TAG_NAME, Host, HostAttributeToken, HostBinding, HostListener, INJECTOR, Inject, InjectFlags, Injectable, InjectionToken, Injector, Input, IterableDiffers, KeyValueDiffers, LOCALE_ID, MissingTranslationStrategy, ModuleWithComponentFactories, NO_ERRORS_SCHEMA, NgModule, NgModuleFactory, NgModuleRef, NgProbeToken, NgZone, Optional, Output, OutputEmitterRef, PACKAGE_ROOT_URL, PLATFORM_ID, PLATFORM_INITIALIZER, Pipe, PlatformRef, Query, QueryList, Renderer2, RendererFactory2, RendererStyleFlags2, Sanitizer, SecurityContext, Self, SimpleChange, SkipSelf, TRANSLATIONS, TRANSLATIONS_FORMAT, TemplateRef, Testability, TestabilityRegistry, TransferState, Type, VERSION, Version, ViewChild, ViewChildren, ViewContainerRef, ViewEncapsulation, ViewRef, afterNextRender, afterRender, asNativeElements, assertInInjectionContext, assertNotInReactiveContext, assertPlatform, booleanAttribute, computed, contentChild, contentChildren, createComponent, createEnvironmentInjector, createNgModule, createNgModuleRef, createPlatform, createPlatformFactory, defineInjectable, destroyPlatform, effect, enableProdMode, forwardRef, getDebugNode, getModuleFactory, getNgModuleById, getPlatform, importProvidersFrom, inject, input, isDevMode, isSignal, isStandalone, makeEnvironmentProviders, makeStateKey, mergeApplicationConfig, model, numberAttribute, output, platformCore, provideExperimentalCheckNoChangesForDebug, provideExperimentalZonelessChangeDetection, provideZoneChangeDetection, reflectComponentType, resolveForwardRef, runInInjectionContext, setTestabilityGetter, signal, untracked, viewChild, viewChildren, ɵALLOW_MULTIPLE_PLATFORMS, ɵAfterRenderManager, ɵCONTAINER_HEADER_OFFSET, ɵChangeDetectionScheduler, ɵChangeDetectionSchedulerImpl, ɵComponentFactory, ɵConsole, ɵDEFAULT_LOCALE_ID, ɵDEFER_BLOCK_CONFIG, ɵDEFER_BLOCK_DEPENDENCY_INTERCEPTOR, ɵDeferBlockBehavior, ɵDeferBlockState, ɵEffectScheduler, ɵIMAGE_CONFIG, ɵIMAGE_CONFIG_DEFAULTS, ɵINJECTOR_SCOPE, ɵINPUT_SIGNAL_BRAND_WRITE_TYPE, ɵINTERNAL_APPLICATION_ERROR_HANDLER, ɵIS_HYDRATION_DOM_REUSE_ENABLED, ɵJSACTION_EVENT_CONTRACT, ɵLContext, ɵLifecycleHooksFeature, ɵLocaleDataIndex, ɵNG_COMP_DEF, ɵNG_DIR_DEF, ɵNG_ELEMENT_ID, ɵNG_INJ_DEF, ɵNG_MOD_DEF, ɵNG_PIPE_DEF, ɵNG_PROV_DEF, ɵNOT_FOUND_CHECK_ONLY_ELEMENT_INJECTOR, ɵNO_CHANGE, ɵNgModuleFactory, ɵNoopNgZone, ɵPROVIDED_NG_ZONE, ɵPendingTasks, ɵReflectionCapabilities, ɵRender3ComponentFactory, ɵRender3ComponentRef, ɵRender3NgModuleRef, ɵRuntimeError, ɵSIGNAL, ɵSSR_CONTENT_INTEGRITY_MARKER, ɵTESTABILITY, ɵTESTABILITY_GETTER, ɵUSE_RUNTIME_DEPS_TRACKER_FOR_JIT, ɵViewRef, ɵXSS_SECURITY_URL, ɵZONELESS_ENABLED, ɵ_sanitizeHtml, ɵ_sanitizeUrl, ɵallowSanitizationBypassAndThrow, ɵannotateForHydration, ɵbypassSanitizationTrustHtml, ɵbypassSanitizationTrustResourceUrl, ɵbypassSanitizationTrustScript, ɵbypassSanitizationTrustStyle, ɵbypassSanitizationTrustUrl, ɵclearResolutionOfComponentResourcesQueue, ɵcompileComponent, ɵcompileDirective, ɵcompileNgModule, ɵcompileNgModuleDefs, ɵcompileNgModuleFactory, ɵcompilePipe, ɵconvertToBitFlags, ɵcreateInjector, ɵdefaultIterableDiffers, ɵdefaultKeyValueDiffers, ɵdepsTracker, ɵdetectChangesInViewIfRequired, ɵdevModeEqual, ɵfindLocaleData, ɵflushModuleScopingQueueAsMuchAsPossible, ɵformatRuntimeError, ɵgenerateStandaloneInDeclarationsError, ɵgetAsyncClassMetadataFn, ɵgetDebugNode, ɵgetDeferBlocks, ɵgetDirectives, ɵgetHostElement, ɵgetInjectableDef, ɵgetLContext, ɵgetLocaleCurrencyCode, ɵgetLocalePluralCase, ɵgetOutputDestroyRef, ɵgetSanitizationBypassType, ɵgetUnknownElementStrictMode, ɵgetUnknownPropertyStrictMode, ɵglobal, ɵinjectChangeDetectorRef, ɵinternalCreateApplication, ɵinternalProvideZoneChangeDetection, ɵisBoundToModule, ɵisComponentDefPendingResolution, ɵisEnvironmentProviders, ɵisInjectable, ɵisNgModule, ɵisPromise, ɵisSubscribable, ɵnoSideEffects, ɵpatchComponentDefWithScope, ɵperformanceMarkFeature, ɵreadHydrationInfo, ɵregisterLocaleData, ɵrenderDeferBlockState, ɵresetCompiledComponents, ɵresetJitOptions, ɵresolveComponentResources, ɵrestoreComponentResolutionQueue, ɵsetAllowDuplicateNgModuleIdsForTest, ɵsetAlternateWeakRefImpl, ɵsetClassDebugInfo, ɵsetClassMetadata, ɵsetClassMetadataAsync, ɵsetCurrentInjector, ɵsetDocument, ɵsetInjectorProfilerContext, ɵsetLocaleId, ɵsetUnknownElementStrictMode, ɵsetUnknownPropertyStrictMode, ɵstore, ɵstringify, ɵtransitiveScopesFor, ɵtriggerResourceLoading, ɵtruncateMiddle, ɵunregisterLocaleData, ɵunwrapSafeValue, ɵunwrapWritableSignal, ɵwhenStable, ɵwithDomHydration, ɵwithEventReplay, ɵwithI18nSupport, ɵɵCopyDefinitionFeature, ɵɵFactoryTarget, ɵɵHostDirectivesFeature, ɵɵInheritDefinitionFeature, ɵɵInputTransformsFeature, ɵɵNgOnChangesFeature, ɵɵProvidersFeature, ɵɵStandaloneFeature, ɵɵadvance, ɵɵattribute, ɵɵattributeInterpolate1, ɵɵattributeInterpolate2, ɵɵattributeInterpolate3, ɵɵattributeInterpolate4, ɵɵattributeInterpolate5, ɵɵattributeInterpolate6, ɵɵattributeInterpolate7, ɵɵattributeInterpolate8, ɵɵattributeInterpolateV, ɵɵclassMap, ɵɵclassMapInterpolate1, ɵɵclassMapInterpolate2, ɵɵclassMapInterpolate3, ɵɵclassMapInterpolate4, ɵɵclassMapInterpolate5, ɵɵclassMapInterpolate6, ɵɵclassMapInterpolate7, ɵɵclassMapInterpolate8, ɵɵclassMapInterpolateV, ɵɵclassProp, ɵɵcomponentInstance, ɵɵconditional, ɵɵcontentQuery, ɵɵcontentQuerySignal, ɵɵdeclareLet, ɵɵdefer, ɵɵdeferEnableTimerScheduling, ɵɵdeferOnHover, ɵɵdeferOnIdle, ɵɵdeferOnImmediate, ɵɵdeferOnInteraction, ɵɵdeferOnTimer, ɵɵdeferOnViewport, ɵɵdeferPrefetchOnHover, ɵɵdeferPrefetchOnIdle, ɵɵdeferPrefetchOnImmediate, ɵɵdeferPrefetchOnInteraction, ɵɵdeferPrefetchOnTimer, ɵɵdeferPrefetchOnViewport, ɵɵdeferPrefetchWhen, ɵɵdeferWhen, ɵɵdefineComponent, ɵɵdefineDirective, ɵɵdefineInjectable, ɵɵdefineInjector, ɵɵdefineNgModule, ɵɵdefinePipe, ɵɵdirectiveInject, ɵɵdisableBindings, ɵɵelement, ɵɵelementContainer, ɵɵelementContainerEnd, ɵɵelementContainerStart, ɵɵelementEnd, ɵɵelementStart, ɵɵenableBindings, ɵɵgetComponentDepsFactory, ɵɵgetCurrentView, ɵɵgetInheritedFactory, ɵɵhostProperty, ɵɵi18n, ɵɵi18nApply, ɵɵi18nAttributes, ɵɵi18nEnd, ɵɵi18nExp, ɵɵi18nPostprocess, ɵɵi18nStart, ɵɵinject, ɵɵinjectAttribute, ɵɵinvalidFactory, ɵɵinvalidFactoryDep, ɵɵlistener, ɵɵloadQuery, ɵɵnamespaceHTML, ɵɵnamespaceMathML, ɵɵnamespaceSVG, ɵɵnextContext, ɵɵngDeclareClassMetadata, ɵɵngDeclareClassMetadataAsync, ɵɵngDeclareComponent, ɵɵngDeclareDirective, ɵɵngDeclareFactory, ɵɵngDeclareInjectable, ɵɵngDeclareInjector, ɵɵngDeclareNgModule, ɵɵngDeclarePipe, ɵɵpipe, ɵɵpipeBind1, ɵɵpipeBind2, ɵɵpipeBind3, ɵɵpipeBind4, ɵɵpipeBindV, ɵɵprojection, ɵɵprojectionDef, ɵɵproperty, ɵɵpropertyInterpolate, ɵɵpropertyInterpolate1, ɵɵpropertyInterpolate2, ɵɵpropertyInterpolate3, ɵɵpropertyInterpolate4, ɵɵpropertyInterpolate5, ɵɵpropertyInterpolate6, ɵɵpropertyInterpolate7, ɵɵpropertyInterpolate8, ɵɵpropertyInterpolateV, ɵɵpureFunction0, ɵɵpureFunction1, ɵɵpureFunction2, ɵɵpureFunction3, ɵɵpureFunction4, ɵɵpureFunction5, ɵɵpureFunction6, ɵɵpureFunction7, ɵɵpureFunction8, ɵɵpureFunctionV, ɵɵqueryAdvance, ɵɵqueryRefresh, ɵɵreadContextLet, ɵɵreference, ɵɵregisterNgModuleType, ɵɵrepeater, ɵɵrepeaterCreate, ɵɵrepeaterTrackByIdentity, ɵɵrepeaterTrackByIndex, ɵɵresetView, ɵɵresolveBody, ɵɵresolveDocument, ɵɵresolveWindow, ɵɵrestoreView, ɵɵsanitizeHtml, ɵɵsanitizeResourceUrl, ɵɵsanitizeScript, ɵɵsanitizeStyle, ɵɵsanitizeUrl, ɵɵsanitizeUrlOrResourceUrl, ɵɵsetComponentScope, ɵɵsetNgModuleScope, ɵɵstoreLet, ɵɵstyleMap, ɵɵstyleMapInterpolate1, ɵɵstyleMapInterpolate2, ɵɵstyleMapInterpolate3, ɵɵstyleMapInterpolate4, ɵɵstyleMapInterpolate5, ɵɵstyleMapInterpolate6, ɵɵstyleMapInterpolate7, ɵɵstyleMapInterpolate8, ɵɵstyleMapInterpolateV, ɵɵstyleProp, ɵɵstylePropInterpolate1, ɵɵstylePropInterpolate2, ɵɵstylePropInterpolate3, ɵɵstylePropInterpolate4, ɵɵstylePropInterpolate5, ɵɵstylePropInterpolate6, ɵɵstylePropInterpolate7, ɵɵstylePropInterpolate8, ɵɵstylePropInterpolateV, ɵɵsyntheticHostListener, ɵɵsyntheticHostProperty, ɵɵtemplate, ɵɵtemplateRefExtractor, ɵɵtext, ɵɵtextInterpolate, ɵɵtextInterpolate1, ɵɵtextInterpolate2, ɵɵtextInterpolate3, ɵɵtextInterpolate4, ɵɵtextInterpolate5, ɵɵtextInterpolate6, ɵɵtextInterpolate7, ɵɵtextInterpolate8, ɵɵtextInterpolateV, ɵɵtrustConstantHtml, ɵɵtrustConstantResourceUrl, ɵɵtwoWayBindingSet, ɵɵtwoWayListener, ɵɵtwoWayProperty, ɵɵvalidateIframeAttribute, ɵɵviewQuery, ɵɵviewQuerySignal)
WARN export 'ɵTracingService' (imported as '_TracingService') was not found in '@angular/core' (possible exports: ANIMATION_MODULE_TYPE, APP_BOOTSTRAP_LISTENER, APP_ID, APP_INITIALIZER, AfterRenderPhase, ApplicationInitStatus, ApplicationModule, ApplicationRef, Attribute, COMPILER_OPTIONS, CSP_NONCE, CUSTOM_ELEMENTS_SCHEMA, ChangeDetectionStrategy, ChangeDetectorRef, Compiler, CompilerFactory, Component, ComponentFactory, ComponentFactoryResolver, ComponentRef, ContentChild, ContentChildren, DEFAULT_CURRENCY_CODE, DebugElement, DebugEventListener, DebugNode, DefaultIterableDiffer, DestroyRef, Directive, ENVIRONMENT_INITIALIZER, ElementRef, EmbeddedViewRef, EnvironmentInjector, ErrorHandler, EventEmitter, ExperimentalPendingTasks, HOST_TAG_NAME, Host, HostAttributeToken, HostBinding, HostListener, INJECTOR, Inject, InjectFlags, Injectable, InjectionToken, Injector, Input, IterableDiffers, KeyValueDiffers, LOCALE_ID, MissingTranslationStrategy, ModuleWithComponentFactories, NO_ERRORS_SCHEMA, NgModule, NgModuleFactory, NgModuleRef, NgProbeToken, NgZone, Optional, Output, OutputEmitterRef, PACKAGE_ROOT_URL, PLATFORM_ID, PLATFORM_INITIALIZER, Pipe, PlatformRef, Query, QueryList, Renderer2, RendererFactory2, RendererStyleFlags2, Sanitizer, SecurityContext, Self, SimpleChange, SkipSelf, TRANSLATIONS, TRANSLATIONS_FORMAT, TemplateRef, Testability, TestabilityRegistry, TransferState, Type, VERSION, Version, ViewChild, ViewChildren, ViewContainerRef, ViewEncapsulation, ViewRef, afterNextRender, afterRender, asNativeElements, assertInInjectionContext, assertNotInReactiveContext, assertPlatform, booleanAttribute, computed, contentChild, contentChildren, createComponent, createEnvironmentInjector, createNgModule, createNgModuleRef, createPlatform, createPlatformFactory, defineInjectable, destroyPlatform, effect, enableProdMode, forwardRef, getDebugNode, getModuleFactory, getNgModuleById, getPlatform, importProvidersFrom, inject, input, isDevMode, isSignal, isStandalone, makeEnvironmentProviders, makeStateKey, mergeApplicationConfig, model, numberAttribute, output, platformCore, provideExperimentalCheckNoChangesForDebug, provideExperimentalZonelessChangeDetection, provideZoneChangeDetection, reflectComponentType, resolveForwardRef, runInInjectionContext, setTestabilityGetter, signal, untracked, viewChild, viewChildren, ɵALLOW_MULTIPLE_PLATFORMS, ɵAfterRenderManager, ɵCONTAINER_HEADER_OFFSET, ɵChangeDetectionScheduler, ɵChangeDetectionSchedulerImpl, ɵComponentFactory, ɵConsole, ɵDEFAULT_LOCALE_ID, ɵDEFER_BLOCK_CONFIG, ɵDEFER_BLOCK_DEPENDENCY_INTERCEPTOR, ɵDeferBlockBehavior, ɵDeferBlockState, ɵEffectScheduler, ɵIMAGE_CONFIG, ɵIMAGE_CONFIG_DEFAULTS, ɵINJECTOR_SCOPE, ɵINPUT_SIGNAL_BRAND_WRITE_TYPE, ɵINTERNAL_APPLICATION_ERROR_HANDLER, ɵIS_HYDRATION_DOM_REUSE_ENABLED, ɵJSACTION_EVENT_CONTRACT, ɵLContext, ɵLifecycleHooksFeature, ɵLocaleDataIndex, ɵNG_COMP_DEF, ɵNG_DIR_DEF, ɵNG_ELEMENT_ID, ɵNG_INJ_DEF, ɵNG_MOD_DEF, ɵNG_PIPE_DEF, ɵNG_PROV_DEF, ɵNOT_FOUND_CHECK_ONLY_ELEMENT_INJECTOR, ɵNO_CHANGE, ɵNgModuleFactory, ɵNoopNgZone, ɵPROVIDED_NG_ZONE, ɵPendingTasks, ɵReflectionCapabilities, ɵRender3ComponentFactory, ɵRender3ComponentRef, ɵRender3NgModuleRef, ɵRuntimeError, ɵSIGNAL, ɵSSR_CONTENT_INTEGRITY_MARKER, ɵTESTABILITY, ɵTESTABILITY_GETTER, ɵUSE_RUNTIME_DEPS_TRACKER_FOR_JIT, ɵViewRef, ɵXSS_SECURITY_URL, ɵZONELESS_ENABLED, ɵ_sanitizeHtml, ɵ_sanitizeUrl, ɵallowSanitizationBypassAndThrow, ɵannotateForHydration, ɵbypassSanitizationTrustHtml, ɵbypassSanitizationTrustResourceUrl, ɵbypassSanitizationTrustScript, ɵbypassSanitizationTrustStyle, ɵbypassSanitizationTrustUrl, ɵclearResolutionOfComponentResourcesQueue, ɵcompileComponent, ɵcompileDirective, ɵcompileNgModule, ɵcompileNgModuleDefs, ɵcompileNgModuleFactory, ɵcompilePipe, ɵconvertToBitFlags, ɵcreateInjector, ɵdefaultIterableDiffers, ɵdefaultKeyValueDiffers, ɵdepsTracker, ɵdetectChangesInViewIfRequired, ɵdevModeEqual, ɵfindLocaleData, ɵflushModuleScopingQueueAsMuchAsPossible, ɵformatRuntimeError, ɵgenerateStandaloneInDeclarationsError, ɵgetAsyncClassMetadataFn, ɵgetDebugNode, ɵgetDeferBlocks, ɵgetDirectives, ɵgetHostElement, ɵgetInjectableDef, ɵgetLContext, ɵgetLocaleCurrencyCode, ɵgetLocalePluralCase, ɵgetOutputDestroyRef, ɵgetSanitizationBypassType, ɵgetUnknownElementStrictMode, ɵgetUnknownPropertyStrictMode, ɵglobal, ɵinjectChangeDetectorRef, ɵinternalCreateApplication, ɵinternalProvideZoneChangeDetection, ɵisBoundToModule, ɵisComponentDefPendingResolution, ɵisEnvironmentProviders, ɵisInjectable, ɵisNgModule, ɵisPromise, ɵisSubscribable, ɵnoSideEffects, ɵpatchComponentDefWithScope, ɵperformanceMarkFeature, ɵreadHydrationInfo, ɵregisterLocaleData, ɵrenderDeferBlockState, ɵresetCompiledComponents, ɵresetJitOptions, ɵresolveComponentResources, ɵrestoreComponentResolutionQueue, ɵsetAllowDuplicateNgModuleIdsForTest, ɵsetAlternateWeakRefImpl, ɵsetClassDebugInfo, ɵsetClassMetadata, ɵsetClassMetadataAsync, ɵsetCurrentInjector, ɵsetDocument, ɵsetInjectorProfilerContext, ɵsetLocaleId, ɵsetUnknownElementStrictMode, ɵsetUnknownPropertyStrictMode, ɵstore, ɵstringify, ɵtransitiveScopesFor, ɵtriggerResourceLoading, ɵtruncateMiddle, ɵunregisterLocaleData, ɵunwrapSafeValue, ɵunwrapWritableSignal, ɵwhenStable, ɵwithDomHydration, ɵwithEventReplay, ɵwithI18nSupport, ɵɵCopyDefinitionFeature, ɵɵFactoryTarget, ɵɵHostDirectivesFeature, ɵɵInheritDefinitionFeature, ɵɵInputTransformsFeature, ɵɵNgOnChangesFeature, ɵɵProvidersFeature, ɵɵStandaloneFeature, ɵɵadvance, ɵɵattribute, ɵɵattributeInterpolate1, ɵɵattributeInterpolate2, ɵɵattributeInterpolate3, ɵɵattributeInterpolate4, ɵɵattributeInterpolate5, ɵɵattributeInterpolate6, ɵɵattributeInterpolate7, ɵɵattributeInterpolate8, ɵɵattributeInterpolateV, ɵɵclassMap, ɵɵclassMapInterpolate1, ɵɵclassMapInterpolate2, ɵɵclassMapInterpolate3, ɵɵclassMapInterpolate4, ɵɵclassMapInterpolate5, ɵɵclassMapInterpolate6, ɵɵclassMapInterpolate7, ɵɵclassMapInterpolate8, ɵɵclassMapInterpolateV, ɵɵclassProp, ɵɵcomponentInstance, ɵɵconditional, ɵɵcontentQuery, ɵɵcontentQuerySignal, ɵɵdeclareLet, ɵɵdefer, ɵɵdeferEnableTimerScheduling, ɵɵdeferOnHover, ɵɵdeferOnIdle, ɵɵdeferOnImmediate, ɵɵdeferOnInteraction, ɵɵdeferOnTimer, ɵɵdeferOnViewport, ɵɵdeferPrefetchOnHover, ɵɵdeferPrefetchOnIdle, ɵɵdeferPrefetchOnImmediate, ɵɵdeferPrefetchOnInteraction, ɵɵdeferPrefetchOnTimer, ɵɵdeferPrefetchOnViewport, ɵɵdeferPrefetchWhen, ɵɵdeferWhen, ɵɵdefineComponent, ɵɵdefineDirective, ɵɵdefineInjectable, ɵɵdefineInjector, ɵɵdefineNgModule, ɵɵdefinePipe, ɵɵdirectiveInject, ɵɵdisableBindings, ɵɵelement, ɵɵelementContainer, ɵɵelementContainerEnd, ɵɵelementContainerStart, ɵɵelementEnd, ɵɵelementStart, ɵɵenableBindings, ɵɵgetComponentDepsFactory, ɵɵgetCurrentView, ɵɵgetInheritedFactory, ɵɵhostProperty, ɵɵi18n, ɵɵi18nApply, ɵɵi18nAttributes, ɵɵi18nEnd, ɵɵi18nExp, ɵɵi18nPostprocess, ɵɵi18nStart, ɵɵinject, ɵɵinjectAttribute, ɵɵinvalidFactory, ɵɵinvalidFactoryDep, ɵɵlistener, ɵɵloadQuery, ɵɵnamespaceHTML, ɵɵnamespaceMathML, ɵɵnamespaceSVG, ɵɵnextContext, ɵɵngDeclareClassMetadata, ɵɵngDeclareClassMetadataAsync, ɵɵngDeclareComponent, ɵɵngDeclareDirective, ɵɵngDeclareFactory, ɵɵngDeclareInjectable, ɵɵngDeclareInjector, ɵɵngDeclareNgModule, ɵɵngDeclarePipe, ɵɵpipe, ɵɵpipeBind1, ɵɵpipeBind2, ɵɵpipeBind3, ɵɵpipeBind4, ɵɵpipeBindV, ɵɵprojection, ɵɵprojectionDef, ɵɵproperty, ɵɵpropertyInterpolate, ɵɵpropertyInterpolate1, ɵɵpropertyInterpolate2, ɵɵpropertyInterpolate3, ɵɵpropertyInterpolate4, ɵɵpropertyInterpolate5, ɵɵpropertyInterpolate6, ɵɵpropertyInterpolate7, ɵɵpropertyInterpolate8, ɵɵpropertyInterpolateV, ɵɵpureFunction0, ɵɵpureFunction1, ɵɵpureFunction2, ɵɵpureFunction3, ɵɵpureFunction4, ɵɵpureFunction5, ɵɵpureFunction6, ɵɵpureFunction7, ɵɵpureFunction8, ɵɵpureFunctionV, ɵɵqueryAdvance, ɵɵqueryRefresh, ɵɵreadContextLet, ɵɵreference, ɵɵregisterNgModuleType, ɵɵrepeater, ɵɵrepeaterCreate, ɵɵrepeaterTrackByIdentity, ɵɵrepeaterTrackByIndex, ɵɵresetView, ɵɵresolveBody, ɵɵresolveDocument, ɵɵresolveWindow, ɵɵrestoreView, ɵɵsanitizeHtml, ɵɵsanitizeResourceUrl, ɵɵsanitizeScript, ɵɵsanitizeStyle, ɵɵsanitizeUrl, ɵɵsanitizeUrlOrResourceUrl, ɵɵsetComponentScope, ɵɵsetNgModuleScope, ɵɵstoreLet, ɵɵstyleMap, ɵɵstyleMapInterpolate1, ɵɵstyleMapInterpolate2, ɵɵstyleMapInterpolate3, ɵɵstyleMapInterpolate4, ɵɵstyleMapInterpolate5, ɵɵstyleMapInterpolate6, ɵɵstyleMapInterpolate7, ɵɵstyleMapInterpolate8, ɵɵstyleMapInterpolateV, ɵɵstyleProp, ɵɵstylePropInterpolate1, ɵɵstylePropInterpolate2, ɵɵstylePropInterpolate3, ɵɵstylePropInterpolate4, ɵɵstylePropInterpolate5, ɵɵstylePropInterpolate6, ɵɵstylePropInterpolate7, ɵɵstylePropInterpolate8, ɵɵstylePropInterpolateV, ɵɵsyntheticHostListener, ɵɵsyntheticHostProperty, ɵɵtemplate, ɵɵtemplateRefExtractor, ɵɵtext, ɵɵtextInterpolate, ɵɵtextInterpolate1, ɵɵtextInterpolate2, ɵɵtextInterpolate3, ɵɵtextInterpolate4, ɵɵtextInterpolate5, ɵɵtextInterpolate6, ɵɵtextInterpolate7, ɵɵtextInterpolate8, ɵɵtextInterpolateV, ɵɵtrustConstantHtml, ɵɵtrustConstantResourceUrl, ɵɵtwoWayBindingSet, ɵɵtwoWayListener, ɵɵtwoWayProperty, ɵɵvalidateIframeAttribute, ɵɵviewQuery, ɵɵviewQuerySignal)
WARN export 'ɵSHARED_STYLES_HOST' (imported as '_SHARED_STYLES_HOST') was not found in '@angular/core' (possible exports: ANIMATION_MODULE_TYPE, APP_BOOTSTRAP_LISTENER, APP_ID, APP_INITIALIZER, AfterRenderPhase, ApplicationInitStatus, ApplicationModule, ApplicationRef, Attribute, COMPILER_OPTIONS, CSP_NONCE, CUSTOM_ELEMENTS_SCHEMA, ChangeDetectionStrategy, ChangeDetectorRef, Compiler, CompilerFactory, Component, ComponentFactory, ComponentFactoryResolver, ComponentRef, ContentChild, ContentChildren, DEFAULT_CURRENCY_CODE, DebugElement, DebugEventListener, DebugNode, DefaultIterableDiffer, DestroyRef, Directive, ENVIRONMENT_INITIALIZER, ElementRef, EmbeddedViewRef, EnvironmentInjector, ErrorHandler, EventEmitter, ExperimentalPendingTasks, HOST_TAG_NAME, Host, HostAttributeToken, HostBinding, HostListener, INJECTOR, Inject, InjectFlags, Injectable, InjectionToken, Injector, Input, IterableDiffers, KeyValueDiffers, LOCALE_ID, MissingTranslationStrategy, ModuleWithComponentFactories, NO_ERRORS_SCHEMA, NgModule, NgModuleFactory, NgModuleRef, NgProbeToken, NgZone, Optional, Output, OutputEmitterRef, PACKAGE_ROOT_URL, PLATFORM_ID, PLATFORM_INITIALIZER, Pipe, PlatformRef, Query, QueryList, Renderer2, RendererFactory2, RendererStyleFlags2, Sanitizer, SecurityContext, Self, SimpleChange, SkipSelf, TRANSLATIONS, TRANSLATIONS_FORMAT, TemplateRef, Testability, TestabilityRegistry, TransferState, Type, VERSION, Version, ViewChild, ViewChildren, ViewContainerRef, ViewEncapsulation, ViewRef, afterNextRender, afterRender, asNativeElements, assertInInjectionContext, assertNotInReactiveContext, assertPlatform, booleanAttribute, computed, contentChild, contentChildren, createComponent, createEnvironmentInjector, createNgModule, createNgModuleRef, createPlatform, createPlatformFactory, defineInjectable, destroyPlatform, effect, enableProdMode, forwardRef, getDebugNode, getModuleFactory, getNgModuleById, getPlatform, importProvidersFrom, inject, input, isDevMode, isSignal, isStandalone, makeEnvironmentProviders, makeStateKey, mergeApplicationConfig, model, numberAttribute, output, platformCore, provideExperimentalCheckNoChangesForDebug, provideExperimentalZonelessChangeDetection, provideZoneChangeDetection, reflectComponentType, resolveForwardRef, runInInjectionContext, setTestabilityGetter, signal, untracked, viewChild, viewChildren, ɵALLOW_MULTIPLE_PLATFORMS, ɵAfterRenderManager, ɵCONTAINER_HEADER_OFFSET, ɵChangeDetectionScheduler, ɵChangeDetectionSchedulerImpl, ɵComponentFactory, ɵConsole, ɵDEFAULT_LOCALE_ID, ɵDEFER_BLOCK_CONFIG, ɵDEFER_BLOCK_DEPENDENCY_INTERCEPTOR, ɵDeferBlockBehavior, ɵDeferBlockState, ɵEffectScheduler, ɵIMAGE_CONFIG, ɵIMAGE_CONFIG_DEFAULTS, ɵINJECTOR_SCOPE, ɵINPUT_SIGNAL_BRAND_WRITE_TYPE, ɵINTERNAL_APPLICATION_ERROR_HANDLER, ɵIS_HYDRATION_DOM_REUSE_ENABLED, ɵJSACTION_EVENT_CONTRACT, ɵLContext, ɵLifecycleHooksFeature, ɵLocaleDataIndex, ɵNG_COMP_DEF, ɵNG_DIR_DEF, ɵNG_ELEMENT_ID, ɵNG_INJ_DEF, ɵNG_MOD_DEF, ɵNG_PIPE_DEF, ɵNG_PROV_DEF, ɵNOT_FOUND_CHECK_ONLY_ELEMENT_INJECTOR, ɵNO_CHANGE, ɵNgModuleFactory, ɵNoopNgZone, ɵPROVIDED_NG_ZONE, ɵPendingTasks, ɵReflectionCapabilities, ɵRender3ComponentFactory, ɵRender3ComponentRef, ɵRender3NgModuleRef, ɵRuntimeError, ɵSIGNAL, ɵSSR_CONTENT_INTEGRITY_MARKER, ɵTESTABILITY, ɵTESTABILITY_GETTER, ɵUSE_RUNTIME_DEPS_TRACKER_FOR_JIT, ɵViewRef, ɵXSS_SECURITY_URL, ɵZONELESS_ENABLED, ɵ_sanitizeHtml, ɵ_sanitizeUrl, ɵallowSanitizationBypassAndThrow, ɵannotateForHydration, ɵbypassSanitizationTrustHtml, ɵbypassSanitizationTrustResourceUrl, ɵbypassSanitizationTrustScript, ɵbypassSanitizationTrustStyle, ɵbypassSanitizationTrustUrl, ɵclearResolutionOfComponentResourcesQueue, ɵcompileComponent, ɵcompileDirective, ɵcompileNgModule, ɵcompileNgModuleDefs, ɵcompileNgModuleFactory, ɵcompilePipe, ɵconvertToBitFlags, ɵcreateInjector, ɵdefaultIterableDiffers, ɵdefaultKeyValueDiffers, ɵdepsTracker, ɵdetectChangesInViewIfRequired, ɵdevModeEqual, ɵfindLocaleData, ɵflushModuleScopingQueueAsMuchAsPossible, ɵformatRuntimeError, ɵgenerateStandaloneInDeclarationsError, ɵgetAsyncClassMetadataFn, ɵgetDebugNode, ɵgetDeferBlocks, ɵgetDirectives, ɵgetHostElement, ɵgetInjectableDef, ɵgetLContext, ɵgetLocaleCurrencyCode, ɵgetLocalePluralCase, ɵgetOutputDestroyRef, ɵgetSanitizationBypassType, ɵgetUnknownElementStrictMode, ɵgetUnknownPropertyStrictMode, ɵglobal, ɵinjectChangeDetectorRef, ɵinternalCreateApplication, ɵinternalProvideZoneChangeDetection, ɵisBoundToModule, ɵisComponentDefPendingResolution, ɵisEnvironmentProviders, ɵisInjectable, ɵisNgModule, ɵisPromise, ɵisSubscribable, ɵnoSideEffects, ɵpatchComponentDefWithScope, ɵperformanceMarkFeature, ɵreadHydrationInfo, ɵregisterLocaleData, ɵrenderDeferBlockState, ɵresetCompiledComponents, ɵresetJitOptions, ɵresolveComponentResources, ɵrestoreComponentResolutionQueue, ɵsetAllowDuplicateNgModuleIdsForTest, ɵsetAlternateWeakRefImpl, ɵsetClassDebugInfo, ɵsetClassMetadata, ɵsetClassMetadataAsync, ɵsetCurrentInjector, ɵsetDocument, ɵsetInjectorProfilerContext, ɵsetLocaleId, ɵsetUnknownElementStrictMode, ɵsetUnknownPropertyStrictMode, ɵstore, ɵstringify, ɵtransitiveScopesFor, ɵtriggerResourceLoading, ɵtruncateMiddle, ɵunregisterLocaleData, ɵunwrapSafeValue, ɵunwrapWritableSignal, ɵwhenStable, ɵwithDomHydration, ɵwithEventReplay, ɵwithI18nSupport, ɵɵCopyDefinitionFeature, ɵɵFactoryTarget, ɵɵHostDirectivesFeature, ɵɵInheritDefinitionFeature, ɵɵInputTransformsFeature, ɵɵNgOnChangesFeature, ɵɵProvidersFeature, ɵɵStandaloneFeature, ɵɵadvance, ɵɵattribute, ɵɵattributeInterpolate1, ɵɵattributeInterpolate2, ɵɵattributeInterpolate3, ɵɵattributeInterpolate4, ɵɵattributeInterpolate5, ɵɵattributeInterpolate6, ɵɵattributeInterpolate7, ɵɵattributeInterpolate8, ɵɵattributeInterpolateV, ɵɵclassMap, ɵɵclassMapInterpolate1, ɵɵclassMapInterpolate2, ɵɵclassMapInterpolate3, ɵɵclassMapInterpolate4, ɵɵclassMapInterpolate5, ɵɵclassMapInterpolate6, ɵɵclassMapInterpolate7, ɵɵclassMapInterpolate8, ɵɵclassMapInterpolateV, ɵɵclassProp, ɵɵcomponentInstance, ɵɵconditional, ɵɵcontentQuery, ɵɵcontentQuerySignal, ɵɵdeclareLet, ɵɵdefer, ɵɵdeferEnableTimerScheduling, ɵɵdeferOnHover, ɵɵdeferOnIdle, ɵɵdeferOnImmediate, ɵɵdeferOnInteraction, ɵɵdeferOnTimer, ɵɵdeferOnViewport, ɵɵdeferPrefetchOnHover, ɵɵdeferPrefetchOnIdle, ɵɵdeferPrefetchOnImmediate, ɵɵdeferPrefetchOnInteraction, ɵɵdeferPrefetchOnTimer, ɵɵdeferPrefetchOnViewport, ɵɵdeferPrefetchWhen, ɵɵdeferWhen, ɵɵdefineComponent, ɵɵdefineDirective, ɵɵdefineInjectable, ɵɵdefineInjector, ɵɵdefineNgModule, ɵɵdefinePipe, ɵɵdirectiveInject, ɵɵdisableBindings, ɵɵelement, ɵɵelementContainer, ɵɵelementContainerEnd, ɵɵelementContainerStart, ɵɵelementEnd, ɵɵelementStart, ɵɵenableBindings, ɵɵgetComponentDepsFactory, ɵɵgetCurrentView, ɵɵgetInheritedFactory, ɵɵhostProperty, ɵɵi18n, ɵɵi18nApply, ɵɵi18nAttributes, ɵɵi18nEnd, ɵɵi18nExp, ɵɵi18nPostprocess, ɵɵi18nStart, ɵɵinject, ɵɵinjectAttribute, ɵɵinvalidFactory, ɵɵinvalidFactoryDep, ɵɵlistener, ɵɵloadQuery, ɵɵnamespaceHTML, ɵɵnamespaceMathML, ɵɵnamespaceSVG, ɵɵnextContext, ɵɵngDeclareClassMetadata, ɵɵngDeclareClassMetadataAsync, ɵɵngDeclareComponent, ɵɵngDeclareDirective, ɵɵngDeclareFactory, ɵɵngDeclareInjectable, ɵɵngDeclareInjector, ɵɵngDeclareNgModule, ɵɵngDeclarePipe, ɵɵpipe, ɵɵpipeBind1, ɵɵpipeBind2, ɵɵpipeBind3, ɵɵpipeBind4, ɵɵpipeBindV, ɵɵprojection, ɵɵprojectionDef, ɵɵproperty, ɵɵpropertyInterpolate, ɵɵpropertyInterpolate1, ɵɵpropertyInterpolate2, ɵɵpropertyInterpolate3, ɵɵpropertyInterpolate4, ɵɵpropertyInterpolate5, ɵɵpropertyInterpolate6, ɵɵpropertyInterpolate7, ɵɵpropertyInterpolate8, ɵɵpropertyInterpolateV, ɵɵpureFunction0, ɵɵpureFunction1, ɵɵpureFunction2, ɵɵpureFunction3, ɵɵpureFunction4, ɵɵpureFunction5, ɵɵpureFunction6, ɵɵpureFunction7, ɵɵpureFunction8, ɵɵpureFunctionV, ɵɵqueryAdvance, ɵɵqueryRefresh, ɵɵreadContextLet, ɵɵreference, ɵɵregisterNgModuleType, ɵɵrepeater, ɵɵrepeaterCreate, ɵɵrepeaterTrackByIdentity, ɵɵrepeaterTrackByIndex, ɵɵresetView, ɵɵresolveBody, ɵɵresolveDocument, ɵɵresolveWindow, ɵɵrestoreView, ɵɵsanitizeHtml, ɵɵsanitizeResourceUrl, ɵɵsanitizeScript, ɵɵsanitizeStyle, ɵɵsanitizeUrl, ɵɵsanitizeUrlOrResourceUrl, ɵɵsetComponentScope, ɵɵsetNgModuleScope, ɵɵstoreLet, ɵɵstyleMap, ɵɵstyleMapInterpolate1, ɵɵstyleMapInterpolate2, ɵɵstyleMapInterpolate3, ɵɵstyleMapInterpolate4, ɵɵstyleMapInterpolate5, ɵɵstyleMapInterpolate6, ɵɵstyleMapInterpolate7, ɵɵstyleMapInterpolate8, ɵɵstyleMapInterpolateV, ɵɵstyleProp, ɵɵstylePropInterpolate1, ɵɵstylePropInterpolate2, ɵɵstylePropInterpolate3, ɵɵstylePropInterpolate4, ɵɵstylePropInterpolate5, ɵɵstylePropInterpolate6, ɵɵstylePropInterpolate7, ɵɵstylePropInterpolate8, ɵɵstylePropInterpolateV, ɵɵsyntheticHostListener, ɵɵsyntheticHostProperty, ɵɵtemplate, ɵɵtemplateRefExtractor, ɵɵtext, ɵɵtextInterpolate, ɵɵtextInterpolate1, ɵɵtextInterpolate2, ɵɵtextInterpolate3, ɵɵtextInterpolate4, ɵɵtextInterpolate5, ɵɵtextInterpolate6, ɵɵtextInterpolate7, ɵɵtextInterpolate8, ɵɵtextInterpolateV, ɵɵtrustConstantHtml, ɵɵtrustConstantResourceUrl, ɵɵtwoWayBindingSet, ɵɵtwoWayListener, ɵɵtwoWayProperty, ɵɵvalidateIframeAttribute, ɵɵviewQuery, ɵɵviewQuerySignal)
WARN export 'ɵTracingService' (imported as 'i0') was not found in '@angular/core' (possible exports: ANIMATION_MODULE_TYPE, APP_BOOTSTRAP_LISTENER, APP_ID, APP_INITIALIZER, AfterRenderPhase, ApplicationInitStatus, ApplicationModule, ApplicationRef, Attribute, COMPILER_OPTIONS, CSP_NONCE, CUSTOM_ELEMENTS_SCHEMA, ChangeDetectionStrategy, ChangeDetectorRef, Compiler, CompilerFactory, Component, ComponentFactory, ComponentFactoryResolver, ComponentRef, ContentChild, ContentChildren, DEFAULT_CURRENCY_CODE, DebugElement, DebugEventListener, DebugNode, DefaultIterableDiffer, DestroyRef, Directive, ENVIRONMENT_INITIALIZER, ElementRef, EmbeddedViewRef, EnvironmentInjector, ErrorHandler, EventEmitter, ExperimentalPendingTasks, HOST_TAG_NAME, Host, HostAttributeToken, HostBinding, HostListener, INJECTOR, Inject, InjectFlags, Injectable, InjectionToken, Injector, Input, IterableDiffers, KeyValueDiffers, LOCALE_ID, MissingTranslationStrategy, ModuleWithComponentFactories, NO_ERRORS_SCHEMA, NgModule, NgModuleFactory, NgModuleRef, NgProbeToken, NgZone, Optional, Output, OutputEmitterRef, PACKAGE_ROOT_URL, PLATFORM_ID, PLATFORM_INITIALIZER, Pipe, PlatformRef, Query, QueryList, Renderer2, RendererFactory2, RendererStyleFlags2, Sanitizer, SecurityContext, Self, SimpleChange, SkipSelf, TRANSLATIONS, TRANSLATIONS_FORMAT, TemplateRef, Testability, TestabilityRegistry, TransferState, Type, VERSION, Version, ViewChild, ViewChildren, ViewContainerRef, ViewEncapsulation, ViewRef, afterNextRender, afterRender, asNativeElements, assertInInjectionContext, assertNotInReactiveContext, assertPlatform, booleanAttribute, computed, contentChild, contentChildren, createComponent, createEnvironmentInjector, createNgModule, createNgModuleRef, createPlatform, createPlatformFactory, defineInjectable, destroyPlatform, effect, enableProdMode, forwardRef, getDebugNode, getModuleFactory, getNgModuleById, getPlatform, importProvidersFrom, inject, input, isDevMode, isSignal, isStandalone, makeEnvironmentProviders, makeStateKey, mergeApplicationConfig, model, numberAttribute, output, platformCore, provideExperimentalCheckNoChangesForDebug, provideExperimentalZonelessChangeDetection, provideZoneChangeDetection, reflectComponentType, resolveForwardRef, runInInjectionContext, setTestabilityGetter, signal, untracked, viewChild, viewChildren, ɵALLOW_MULTIPLE_PLATFORMS, ɵAfterRenderManager, ɵCONTAINER_HEADER_OFFSET, ɵChangeDetectionScheduler, ɵChangeDetectionSchedulerImpl, ɵComponentFactory, ɵConsole, ɵDEFAULT_LOCALE_ID, ɵDEFER_BLOCK_CONFIG, ɵDEFER_BLOCK_DEPENDENCY_INTERCEPTOR, ɵDeferBlockBehavior, ɵDeferBlockState, ɵEffectScheduler, ɵIMAGE_CONFIG, ɵIMAGE_CONFIG_DEFAULTS, ɵINJECTOR_SCOPE, ɵINPUT_SIGNAL_BRAND_WRITE_TYPE, ɵINTERNAL_APPLICATION_ERROR_HANDLER, ɵIS_HYDRATION_DOM_REUSE_ENABLED, ɵJSACTION_EVENT_CONTRACT, ɵLContext, ɵLifecycleHooksFeature, ɵLocaleDataIndex, ɵNG_COMP_DEF, ɵNG_DIR_DEF, ɵNG_ELEMENT_ID, ɵNG_INJ_DEF, ɵNG_MOD_DEF, ɵNG_PIPE_DEF, ɵNG_PROV_DEF, ɵNOT_FOUND_CHECK_ONLY_ELEMENT_INJECTOR, ɵNO_CHANGE, ɵNgModuleFactory, ɵNoopNgZone, ɵPROVIDED_NG_ZONE, ɵPendingTasks, ɵReflectionCapabilities, ɵRender3ComponentFactory, ɵRender3ComponentRef, ɵRender3NgModuleRef, ɵRuntimeError, ɵSIGNAL, ɵSSR_CONTENT_INTEGRITY_MARKER, ɵTESTABILITY, ɵTESTABILITY_GETTER, ɵUSE_RUNTIME_DEPS_TRACKER_FOR_JIT, ɵViewRef, ɵXSS_SECURITY_URL, ɵZONELESS_ENABLED, ɵ_sanitizeHtml, ɵ_sanitizeUrl, ɵallowSanitizationBypassAndThrow, ɵannotateForHydration, ɵbypassSanitizationTrustHtml, ɵbypassSanitizationTrustResourceUrl, ɵbypassSanitizationTrustScript, ɵbypassSanitizationTrustStyle, ɵbypassSanitizationTrustUrl, ɵclearResolutionOfComponentResourcesQueue, ɵcompileComponent, ɵcompileDirective, ɵcompileNgModule, ɵcompileNgModuleDefs, ɵcompileNgModuleFactory, ɵcompilePipe, ɵconvertToBitFlags, ɵcreateInjector, ɵdefaultIterableDiffers, ɵdefaultKeyValueDiffers, ɵdepsTracker, ɵdetectChangesInViewIfRequired, ɵdevModeEqual, ɵfindLocaleData, ɵflushModuleScopingQueueAsMuchAsPossible, ɵformatRuntimeError, ɵgenerateStandaloneInDeclarationsError, ɵgetAsyncClassMetadataFn, ɵgetDebugNode, ɵgetDeferBlocks, ɵgetDirectives, ɵgetHostElement, ɵgetInjectableDef, ɵgetLContext, ɵgetLocaleCurrencyCode, ɵgetLocalePluralCase, ɵgetOutputDestroyRef, ɵgetSanitizationBypassType, ɵgetUnknownElementStrictMode, ɵgetUnknownPropertyStrictMode, ɵglobal, ɵinjectChangeDetectorRef, ɵinternalCreateApplication, ɵinternalProvideZoneChangeDetection, ɵisBoundToModule, ɵisComponentDefPendingResolution, ɵisEnvironmentProviders, ɵisInjectable, ɵisNgModule, ɵisPromise, ɵisSubscribable, ɵnoSideEffects, ɵpatchComponentDefWithScope, ɵperformanceMarkFeature, ɵreadHydrationInfo, ɵregisterLocaleData, ɵrenderDeferBlockState, ɵresetCompiledComponents, ɵresetJitOptions, ɵresolveComponentResources, ɵrestoreComponentResolutionQueue, ɵsetAllowDuplicateNgModuleIdsForTest, ɵsetAlternateWeakRefImpl, ɵsetClassDebugInfo, ɵsetClassMetadata, ɵsetClassMetadataAsync, ɵsetCurrentInjector, ɵsetDocument, ɵsetInjectorProfilerContext, ɵsetLocaleId, ɵsetUnknownElementStrictMode, ɵsetUnknownPropertyStrictMode, ɵstore, ɵstringify, ɵtransitiveScopesFor, ɵtriggerResourceLoading, ɵtruncateMiddle, ɵunregisterLocaleData, ɵunwrapSafeValue, ɵunwrapWritableSignal, ɵwhenStable, ɵwithDomHydration, ɵwithEventReplay, ɵwithI18nSupport, ɵɵCopyDefinitionFeature, ɵɵFactoryTarget, ɵɵHostDirectivesFeature, ɵɵInheritDefinitionFeature, ɵɵInputTransformsFeature, ɵɵNgOnChangesFeature, ɵɵProvidersFeature, ɵɵStandaloneFeature, ɵɵadvance, ɵɵattribute, ɵɵattributeInterpolate1, ɵɵattributeInterpolate2, ɵɵattributeInterpolate3, ɵɵattributeInterpolate4, ɵɵattributeInterpolate5, ɵɵattributeInterpolate6, ɵɵattributeInterpolate7, ɵɵattributeInterpolate8, ɵɵattributeInterpolateV, ɵɵclassMap, ɵɵclassMapInterpolate1, ɵɵclassMapInterpolate2, ɵɵclassMapInterpolate3, ɵɵclassMapInterpolate4, ɵɵclassMapInterpolate5, ɵɵclassMapInterpolate6, ɵɵclassMapInterpolate7, ɵɵclassMapInterpolate8, ɵɵclassMapInterpolateV, ɵɵclassProp, ɵɵcomponentInstance, ɵɵconditional, ɵɵcontentQuery, ɵɵcontentQuerySignal, ɵɵdeclareLet, ɵɵdefer, ɵɵdeferEnableTimerScheduling, ɵɵdeferOnHover, ɵɵdeferOnIdle, ɵɵdeferOnImmediate, ɵɵdeferOnInteraction, ɵɵdeferOnTimer, ɵɵdeferOnViewport, ɵɵdeferPrefetchOnHover, ɵɵdeferPrefetchOnIdle, ɵɵdeferPrefetchOnImmediate, ɵɵdeferPrefetchOnInteraction, ɵɵdeferPrefetchOnTimer, ɵɵdeferPrefetchOnViewport, ɵɵdeferPrefetchWhen, ɵɵdeferWhen, ɵɵdefineComponent, ɵɵdefineDirective, ɵɵdefineInjectable, ɵɵdefineInjector, ɵɵdefineNgModule, ɵɵdefinePipe, ɵɵdirectiveInject, ɵɵdisableBindings, ɵɵelement, ɵɵelementContainer, ɵɵelementContainerEnd, ɵɵelementContainerStart, ɵɵelementEnd, ɵɵelementStart, ɵɵenableBindings, ɵɵgetComponentDepsFactory, ɵɵgetCurrentView, ɵɵgetInheritedFactory, ɵɵhostProperty, ɵɵi18n, ɵɵi18nApply, ɵɵi18nAttributes, ɵɵi18nEnd, ɵɵi18nExp, ɵɵi18nPostprocess, ɵɵi18nStart, ɵɵinject, ɵɵinjectAttribute, ɵɵinvalidFactory, ɵɵinvalidFactoryDep, ɵɵlistener, ɵɵloadQuery, ɵɵnamespaceHTML, ɵɵnamespaceMathML, ɵɵnamespaceSVG, ɵɵnextContext, ɵɵngDeclareClassMetadata, ɵɵngDeclareClassMetadataAsync, ɵɵngDeclareComponent, ɵɵngDeclareDirective, ɵɵngDeclareFactory, ɵɵngDeclareInjectable, ɵɵngDeclareInjector, ɵɵngDeclareNgModule, ɵɵngDeclarePipe, ɵɵpipe, ɵɵpipeBind1, ɵɵpipeBind2, ɵɵpipeBind3, ɵɵpipeBind4, ɵɵpipeBindV, ɵɵprojection, ɵɵprojectionDef, ɵɵproperty, ɵɵpropertyInterpolate, ɵɵpropertyInterpolate1, ɵɵpropertyInterpolate2, ɵɵpropertyInterpolate3, ɵɵpropertyInterpolate4, ɵɵpropertyInterpolate5, ɵɵpropertyInterpolate6, ɵɵpropertyInterpolate7, ɵɵpropertyInterpolate8, ɵɵpropertyInterpolateV, ɵɵpureFunction0, ɵɵpureFunction1, ɵɵpureFunction2, ɵɵpureFunction3, ɵɵpureFunction4, ɵɵpureFunction5, ɵɵpureFunction6, ɵɵpureFunction7, ɵɵpureFunction8, ɵɵpureFunctionV, ɵɵqueryAdvance, ɵɵqueryRefresh, ɵɵreadContextLet, ɵɵreference, ɵɵregisterNgModuleType, ɵɵrepeater, ɵɵrepeaterCreate, ɵɵrepeaterTrackByIdentity, ɵɵrepeaterTrackByIndex, ɵɵresetView, ɵɵresolveBody, ɵɵresolveDocument, ɵɵresolveWindow, ɵɵrestoreView, ɵɵsanitizeHtml, ɵɵsanitizeResourceUrl, ɵɵsanitizeScript, ɵɵsanitizeStyle, ɵɵsanitizeUrl, ɵɵsanitizeUrlOrResourceUrl, ɵɵsetComponentScope, ɵɵsetNgModuleScope, ɵɵstoreLet, ɵɵstyleMap, ɵɵstyleMapInterpolate1, ɵɵstyleMapInterpolate2, ɵɵstyleMapInterpolate3, ɵɵstyleMapInterpolate4, ɵɵstyleMapInterpolate5, ɵɵstyleMapInterpolate6, ɵɵstyleMapInterpolate7, ɵɵstyleMapInterpolate8, ɵɵstyleMapInterpolateV, ɵɵstyleProp, ɵɵstylePropInterpolate1, ɵɵstylePropInterpolate2, ɵɵstylePropInterpolate3, ɵɵstylePropInterpolate4, ɵɵstylePropInterpolate5, ɵɵstylePropInterpolate6, ɵɵstylePropInterpolate7, ɵɵstylePropInterpolate8, ɵɵstylePropInterpolateV, ɵɵsyntheticHostListener, ɵɵsyntheticHostProperty, ɵɵtemplate, ɵɵtemplateRefExtractor, ɵɵtext, ɵɵtextInterpolate, ɵɵtextInterpolate1, ɵɵtextInterpolate2, ɵɵtextInterpolate3, ɵɵtextInterpolate4, ɵɵtextInterpolate5, ɵɵtextInterpolate6, ɵɵtextInterpolate7, ɵɵtextInterpolate8, ɵɵtextInterpolateV, ɵɵtrustConstantHtml, ɵɵtrustConstantResourceUrl, ɵɵtwoWayBindingSet, ɵɵtwoWayListener, ɵɵtwoWayProperty, ɵɵvalidateIframeAttribute, ɵɵviewQuery, ɵɵviewQuerySignal)
WARN export 'ɵTracingService' (imported as '_TracingService') was not found in '@angular/core' (possible exports: ANIMATION_MODULE_TYPE, APP_BOOTSTRAP_LISTENER, APP_ID, APP_INITIALIZER, AfterRenderPhase, ApplicationInitStatus, ApplicationModule, ApplicationRef, Attribute, COMPILER_OPTIONS, CSP_NONCE, CUSTOM_ELEMENTS_SCHEMA, ChangeDetectionStrategy, ChangeDetectorRef, Compiler, CompilerFactory, Component, ComponentFactory, ComponentFactoryResolver, ComponentRef, ContentChild, ContentChildren, DEFAULT_CURRENCY_CODE, DebugElement, DebugEventListener, DebugNode, DefaultIterableDiffer, DestroyRef, Directive, ENVIRONMENT_INITIALIZER, ElementRef, EmbeddedViewRef, EnvironmentInjector, ErrorHandler, EventEmitter, ExperimentalPendingTasks, HOST_TAG_NAME, Host, HostAttributeToken, HostBinding, HostListener, INJECTOR, Inject, InjectFlags, Injectable, InjectionToken, Injector, Input, IterableDiffers, KeyValueDiffers, LOCALE_ID, MissingTranslationStrategy, ModuleWithComponentFactories, NO_ERRORS_SCHEMA, NgModule, NgModuleFactory, NgModuleRef, NgProbeToken, NgZone, Optional, Output, OutputEmitterRef, PACKAGE_ROOT_URL, PLATFORM_ID, PLATFORM_INITIALIZER, Pipe, PlatformRef, Query, QueryList, Renderer2, RendererFactory2, RendererStyleFlags2, Sanitizer, SecurityContext, Self, SimpleChange, SkipSelf, TRANSLATIONS, TRANSLATIONS_FORMAT, TemplateRef, Testability, TestabilityRegistry, TransferState, Type, VERSION, Version, ViewChild, ViewChildren, ViewContainerRef, ViewEncapsulation, ViewRef, afterNextRender, afterRender, asNativeElements, assertInInjectionContext, assertNotInReactiveContext, assertPlatform, booleanAttribute, computed, contentChild, contentChildren, createComponent, createEnvironmentInjector, createNgModule, createNgModuleRef, createPlatform, createPlatformFactory, defineInjectable, destroyPlatform, effect, enableProdMode, forwardRef, getDebugNode, getModuleFactory, getNgModuleById, getPlatform, importProvidersFrom, inject, input, isDevMode, isSignal, isStandalone, makeEnvironmentProviders, makeStateKey, mergeApplicationConfig, model, numberAttribute, output, platformCore, provideExperimentalCheckNoChangesForDebug, provideExperimentalZonelessChangeDetection, provideZoneChangeDetection, reflectComponentType, resolveForwardRef, runInInjectionContext, setTestabilityGetter, signal, untracked, viewChild, viewChildren, ɵALLOW_MULTIPLE_PLATFORMS, ɵAfterRenderManager, ɵCONTAINER_HEADER_OFFSET, ɵChangeDetectionScheduler, ɵChangeDetectionSchedulerImpl, ɵComponentFactory, ɵConsole, ɵDEFAULT_LOCALE_ID, ɵDEFER_BLOCK_CONFIG, ɵDEFER_BLOCK_DEPENDENCY_INTERCEPTOR, ɵDeferBlockBehavior, ɵDeferBlockState, ɵEffectScheduler, ɵIMAGE_CONFIG, ɵIMAGE_CONFIG_DEFAULTS, ɵINJECTOR_SCOPE, ɵINPUT_SIGNAL_BRAND_WRITE_TYPE, ɵINTERNAL_APPLICATION_ERROR_HANDLER, ɵIS_HYDRATION_DOM_REUSE_ENABLED, ɵJSACTION_EVENT_CONTRACT, ɵLContext, ɵLifecycleHooksFeature, ɵLocaleDataIndex, ɵNG_COMP_DEF, ɵNG_DIR_DEF, ɵNG_ELEMENT_ID, ɵNG_INJ_DEF, ɵNG_MOD_DEF, ɵNG_PIPE_DEF, ɵNG_PROV_DEF, ɵNOT_FOUND_CHECK_ONLY_ELEMENT_INJECTOR, ɵNO_CHANGE, ɵNgModuleFactory, ɵNoopNgZone, ɵPROVIDED_NG_ZONE, ɵPendingTasks, ɵReflectionCapabilities, ɵRender3ComponentFactory, ɵRender3ComponentRef, ɵRender3NgModuleRef, ɵRuntimeError, ɵSIGNAL, ɵSSR_CONTENT_INTEGRITY_MARKER, ɵTESTABILITY, ɵTESTABILITY_GETTER, ɵUSE_RUNTIME_DEPS_TRACKER_FOR_JIT, ɵViewRef, ɵXSS_SECURITY_URL, ɵZONELESS_ENABLED, ɵ_sanitizeHtml, ɵ_sanitizeUrl, ɵallowSanitizationBypassAndThrow, ɵannotateForHydration, ɵbypassSanitizationTrustHtml, ɵbypassSanitizationTrustResourceUrl, ɵbypassSanitizationTrustScript, ɵbypassSanitizationTrustStyle, ɵbypassSanitizationTrustUrl, ɵclearResolutionOfComponentResourcesQueue, ɵcompileComponent, ɵcompileDirective, ɵcompileNgModule, ɵcompileNgModuleDefs, ɵcompileNgModuleFactory, ɵcompilePipe, ɵconvertToBitFlags, ɵcreateInjector, ɵdefaultIterableDiffers, ɵdefaultKeyValueDiffers, ɵdepsTracker, ɵdetectChangesInViewIfRequired, ɵdevModeEqual, ɵfindLocaleData, ɵflushModuleScopingQueueAsMuchAsPossible, ɵformatRuntimeError, ɵgenerateStandaloneInDeclarationsError, ɵgetAsyncClassMetadataFn, ɵgetDebugNode, ɵgetDeferBlocks, ɵgetDirectives, ɵgetHostElement, ɵgetInjectableDef, ɵgetLContext, ɵgetLocaleCurrencyCode, ɵgetLocalePluralCase, ɵgetOutputDestroyRef, ɵgetSanitizationBypassType, ɵgetUnknownElementStrictMode, ɵgetUnknownPropertyStrictMode, ɵglobal, ɵinjectChangeDetectorRef, ɵinternalCreateApplication, ɵinternalProvideZoneChangeDetection, ɵisBoundToModule, ɵisComponentDefPendingResolution, ɵisEnvironmentProviders, ɵisInjectable, ɵisNgModule, ɵisPromise, ɵisSubscribable, ɵnoSideEffects, ɵpatchComponentDefWithScope, ɵperformanceMarkFeature, ɵreadHydrationInfo, ɵregisterLocaleData, ɵrenderDeferBlockState, ɵresetCompiledComponents, ɵresetJitOptions, ɵresolveComponentResources, ɵrestoreComponentResolutionQueue, ɵsetAllowDuplicateNgModuleIdsForTest, ɵsetAlternateWeakRefImpl, ɵsetClassDebugInfo, ɵsetClassMetadata, ɵsetClassMetadataAsync, ɵsetCurrentInjector, ɵsetDocument, ɵsetInjectorProfilerContext, ɵsetLocaleId, ɵsetUnknownElementStrictMode, ɵsetUnknownPropertyStrictMode, ɵstore, ɵstringify, ɵtransitiveScopesFor, ɵtriggerResourceLoading, ɵtruncateMiddle, ɵunregisterLocaleData, ɵunwrapSafeValue, ɵunwrapWritableSignal, ɵwhenStable, ɵwithDomHydration, ɵwithEventReplay, ɵwithI18nSupport, ɵɵCopyDefinitionFeature, ɵɵFactoryTarget, ɵɵHostDirectivesFeature, ɵɵInheritDefinitionFeature, ɵɵInputTransformsFeature, ɵɵNgOnChangesFeature, ɵɵProvidersFeature, ɵɵStandaloneFeature, ɵɵadvance, ɵɵattribute, ɵɵattributeInterpolate1, ɵɵattributeInterpolate2, ɵɵattributeInterpolate3, ɵɵattributeInterpolate4, ɵɵattributeInterpolate5, ɵɵattributeInterpolate6, ɵɵattributeInterpolate7, ɵɵattributeInterpolate8, ɵɵattributeInterpolateV, ɵɵclassMap, ɵɵclassMapInterpolate1, ɵɵclassMapInterpolate2, ɵɵclassMapInterpolate3, ɵɵclassMapInterpolate4, ɵɵclassMapInterpolate5, ɵɵclassMapInterpolate6, ɵɵclassMapInterpolate7, ɵɵclassMapInterpolate8, ɵɵclassMapInterpolateV, ɵɵclassProp, ɵɵcomponentInstance, ɵɵconditional, ɵɵcontentQuery, ɵɵcontentQuerySignal, ɵɵdeclareLet, ɵɵdefer, ɵɵdeferEnableTimerScheduling, ɵɵdeferOnHover, ɵɵdeferOnIdle, ɵɵdeferOnImmediate, ɵɵdeferOnInteraction, ɵɵdeferOnTimer, ɵɵdeferOnViewport, ɵɵdeferPrefetchOnHover, ɵɵdeferPrefetchOnIdle, ɵɵdeferPrefetchOnImmediate, ɵɵdeferPrefetchOnInteraction, ɵɵdeferPrefetchOnTimer, ɵɵdeferPrefetchOnViewport, ɵɵdeferPrefetchWhen, ɵɵdeferWhen, ɵɵdefineComponent, ɵɵdefineDirective, ɵɵdefineInjectable, ɵɵdefineInjector, ɵɵdefineNgModule, ɵɵdefinePipe, ɵɵdirectiveInject, ɵɵdisableBindings, ɵɵelement, ɵɵelementContainer, ɵɵelementContainerEnd, ɵɵelementContainerStart, ɵɵelementEnd, ɵɵelementStart, ɵɵenableBindings, ɵɵgetComponentDepsFactory, ɵɵgetCurrentView, ɵɵgetInheritedFactory, ɵɵhostProperty, ɵɵi18n, ɵɵi18nApply, ɵɵi18nAttributes, ɵɵi18nEnd, ɵɵi18nExp, ɵɵi18nPostprocess, ɵɵi18nStart, ɵɵinject, ɵɵinjectAttribute, ɵɵinvalidFactory, ɵɵinvalidFactoryDep, ɵɵlistener, ɵɵloadQuery, ɵɵnamespaceHTML, ɵɵnamespaceMathML, ɵɵnamespaceSVG, ɵɵnextContext, ɵɵngDeclareClassMetadata, ɵɵngDeclareClassMetadataAsync, ɵɵngDeclareComponent, ɵɵngDeclareDirective, ɵɵngDeclareFactory, ɵɵngDeclareInjectable, ɵɵngDeclareInjector, ɵɵngDeclareNgModule, ɵɵngDeclarePipe, ɵɵpipe, ɵɵpipeBind1, ɵɵpipeBind2, ɵɵpipeBind3, ɵɵpipeBind4, ɵɵpipeBindV, ɵɵprojection, ɵɵprojectionDef, ɵɵproperty, ɵɵpropertyInterpolate, ɵɵpropertyInterpolate1, ɵɵpropertyInterpolate2, ɵɵpropertyInterpolate3, ɵɵpropertyInterpolate4, ɵɵpropertyInterpolate5, ɵɵpropertyInterpolate6, ɵɵpropertyInterpolate7, ɵɵpropertyInterpolate8, ɵɵpropertyInterpolateV, ɵɵpureFunction0, ɵɵpureFunction1, ɵɵpureFunction2, ɵɵpureFunction3, ɵɵpureFunction4, ɵɵpureFunction5, ɵɵpureFunction6, ɵɵpureFunction7, ɵɵpureFunction8, ɵɵpureFunctionV, ɵɵqueryAdvance, ɵɵqueryRefresh, ɵɵreadContextLet, ɵɵreference, ɵɵregisterNgModuleType, ɵɵrepeater, ɵɵrepeaterCreate, ɵɵrepeaterTrackByIdentity, ɵɵrepeaterTrackByIndex, ɵɵresetView, ɵɵresolveBody, ɵɵresolveDocument, ɵɵresolveWindow, ɵɵrestoreView, ɵɵsanitizeHtml, ɵɵsanitizeResourceUrl, ɵɵsanitizeScript, ɵɵsanitizeStyle, ɵɵsanitizeUrl, ɵɵsanitizeUrlOrResourceUrl, ɵɵsetComponentScope, ɵɵsetNgModuleScope, ɵɵstoreLet, ɵɵstyleMap, ɵɵstyleMapInterpolate1, ɵɵstyleMapInterpolate2, ɵɵstyleMapInterpolate3, ɵɵstyleMapInterpolate4, ɵɵstyleMapInterpolate5, ɵɵstyleMapInterpolate6, ɵɵstyleMapInterpolate7, ɵɵstyleMapInterpolate8, ɵɵstyleMapInterpolateV, ɵɵstyleProp, ɵɵstylePropInterpolate1, ɵɵstylePropInterpolate2, ɵɵstylePropInterpolate3, ɵɵstylePropInterpolate4, ɵɵstylePropInterpolate5, ɵɵstylePropInterpolate6, ɵɵstylePropInterpolate7, ɵɵstylePropInterpolate8, ɵɵstylePropInterpolateV, ɵɵsyntheticHostListener, ɵɵsyntheticHostProperty, ɵɵtemplate, ɵɵtemplateRefExtractor, ɵɵtext, ɵɵtextInterpolate, ɵɵtextInterpolate1, ɵɵtextInterpolate2, ɵɵtextInterpolate3, ɵɵtextInterpolate4, ɵɵtextInterpolate5, ɵɵtextInterpolate6, ɵɵtextInterpolate7, ɵɵtextInterpolate8, ɵɵtextInterpolateV, ɵɵtrustConstantHtml, ɵɵtrustConstantResourceUrl, ɵɵtwoWayBindingSet, ɵɵtwoWayListener, ɵɵtwoWayProperty, ɵɵvalidateIframeAttribute, ɵɵviewQuery, ɵɵviewQuerySignal)
WARN export 'ɵdescribeDomNode' (imported as '_describeDomNode') was not found in '@angular/core' (possible exports: ANIMATION_MODULE_TYPE, APP_BOOTSTRAP_LISTENER, APP_ID, APP_INITIALIZER, AfterRenderPhase, ApplicationInitStatus, ApplicationModule, ApplicationRef, Attribute, COMPILER_OPTIONS, CSP_NONCE, CUSTOM_ELEMENTS_SCHEMA, ChangeDetectionStrategy, ChangeDetectorRef, Compiler, CompilerFactory, Component, ComponentFactory, ComponentFactoryResolver, ComponentRef, ContentChild, ContentChildren, DEFAULT_CURRENCY_CODE, DebugElement, DebugEventListener, DebugNode, DefaultIterableDiffer, DestroyRef, Directive, ENVIRONMENT_INITIALIZER, ElementRef, EmbeddedViewRef, EnvironmentInjector, ErrorHandler, EventEmitter, ExperimentalPendingTasks, HOST_TAG_NAME, Host, HostAttributeToken, HostBinding, HostListener, INJECTOR, Inject, InjectFlags, Injectable, InjectionToken, Injector, Input, IterableDiffers, KeyValueDiffers, LOCALE_ID, MissingTranslationStrategy, ModuleWithComponentFactories, NO_ERRORS_SCHEMA, NgModule, NgModuleFactory, NgModuleRef, NgProbeToken, NgZone, Optional, Output, OutputEmitterRef, PACKAGE_ROOT_URL, PLATFORM_ID, PLATFORM_INITIALIZER, Pipe, PlatformRef, Query, QueryList, Renderer2, RendererFactory2, RendererStyleFlags2, Sanitizer, SecurityContext, Self, SimpleChange, SkipSelf, TRANSLATIONS, TRANSLATIONS_FORMAT, TemplateRef, Testability, TestabilityRegistry, TransferState, Type, VERSION, Version, ViewChild, ViewChildren, ViewContainerRef, ViewEncapsulation, ViewRef, afterNextRender, afterRender, asNativeElements, assertInInjectionContext, assertNotInReactiveContext, assertPlatform, booleanAttribute, computed, contentChild, contentChildren, createComponent, createEnvironmentInjector, createNgModule, createNgModuleRef, createPlatform, createPlatformFactory, defineInjectable, destroyPlatform, effect, enableProdMode, forwardRef, getDebugNode, getModuleFactory, getNgModuleById, getPlatform, importProvidersFrom, inject, input, isDevMode, isSignal, isStandalone, makeEnvironmentProviders, makeStateKey, mergeApplicationConfig, model, numberAttribute, output, platformCore, provideExperimentalCheckNoChangesForDebug, provideExperimentalZonelessChangeDetection, provideZoneChangeDetection, reflectComponentType, resolveForwardRef, runInInjectionContext, setTestabilityGetter, signal, untracked, viewChild, viewChildren, ɵALLOW_MULTIPLE_PLATFORMS, ɵAfterRenderManager, ɵCONTAINER_HEADER_OFFSET, ɵChangeDetectionScheduler, ɵChangeDetectionSchedulerImpl, ɵComponentFactory, ɵConsole, ɵDEFAULT_LOCALE_ID, ɵDEFER_BLOCK_CONFIG, ɵDEFER_BLOCK_DEPENDENCY_INTERCEPTOR, ɵDeferBlockBehavior, ɵDeferBlockState, ɵEffectScheduler, ɵIMAGE_CONFIG, ɵIMAGE_CONFIG_DEFAULTS, ɵINJECTOR_SCOPE, ɵINPUT_SIGNAL_BRAND_WRITE_TYPE, ɵINTERNAL_APPLICATION_ERROR_HANDLER, ɵIS_HYDRATION_DOM_REUSE_ENABLED, ɵJSACTION_EVENT_CONTRACT, ɵLContext, ɵLifecycleHooksFeature, ɵLocaleDataIndex, ɵNG_COMP_DEF, ɵNG_DIR_DEF, ɵNG_ELEMENT_ID, ɵNG_INJ_DEF, ɵNG_MOD_DEF, ɵNG_PIPE_DEF, ɵNG_PROV_DEF, ɵNOT_FOUND_CHECK_ONLY_ELEMENT_INJECTOR, ɵNO_CHANGE, ɵNgModuleFactory, ɵNoopNgZone, ɵPROVIDED_NG_ZONE, ɵPendingTasks, ɵReflectionCapabilities, ɵRender3ComponentFactory, ɵRender3ComponentRef, ɵRender3NgModuleRef, ɵRuntimeError, ɵSIGNAL, ɵSSR_CONTENT_INTEGRITY_MARKER, ɵTESTABILITY, ɵTESTABILITY_GETTER, ɵUSE_RUNTIME_DEPS_TRACKER_FOR_JIT, ɵViewRef, ɵXSS_SECURITY_URL, ɵZONELESS_ENABLED, ɵ_sanitizeHtml, ɵ_sanitizeUrl, ɵallowSanitizationBypassAndThrow, ɵannotateForHydration, ɵbypassSanitizationTrustHtml, ɵbypassSanitizationTrustResourceUrl, ɵbypassSanitizationTrustScript, ɵbypassSanitizationTrustStyle, ɵbypassSanitizationTrustUrl, ɵclearResolutionOfComponentResourcesQueue, ɵcompileComponent, ɵcompileDirective, ɵcompileNgModule, ɵcompileNgModuleDefs, ɵcompileNgModuleFactory, ɵcompilePipe, ɵconvertToBitFlags, ɵcreateInjector, ɵdefaultIterableDiffers, ɵdefaultKeyValueDiffers, ɵdepsTracker, ɵdetectChangesInViewIfRequired, ɵdevModeEqual, ɵfindLocaleData, ɵflushModuleScopingQueueAsMuchAsPossible, ɵformatRuntimeError, ɵgenerateStandaloneInDeclarationsError, ɵgetAsyncClassMetadataFn, ɵgetDebugNode, ɵgetDeferBlocks, ɵgetDirectives, ɵgetHostElement, ɵgetInjectableDef, ɵgetLContext, ɵgetLocaleCurrencyCode, ɵgetLocalePluralCase, ɵgetOutputDestroyRef, ɵgetSanitizationBypassType, ɵgetUnknownElementStrictMode, ɵgetUnknownPropertyStrictMode, ɵglobal, ɵinjectChangeDetectorRef, ɵinternalCreateApplication, ɵinternalProvideZoneChangeDetection, ɵisBoundToModule, ɵisComponentDefPendingResolution, ɵisEnvironmentProviders, ɵisInjectable, ɵisNgModule, ɵisPromise, ɵisSubscribable, ɵnoSideEffects, ɵpatchComponentDefWithScope, ɵperformanceMarkFeature, ɵreadHydrationInfo, ɵregisterLocaleData, ɵrenderDeferBlockState, ɵresetCompiledComponents, ɵresetJitOptions, ɵresolveComponentResources, ɵrestoreComponentResolutionQueue, ɵsetAllowDuplicateNgModuleIdsForTest, ɵsetAlternateWeakRefImpl, ɵsetClassDebugInfo, ɵsetClassMetadata, ɵsetClassMetadataAsync, ɵsetCurrentInjector, ɵsetDocument, ɵsetInjectorProfilerContext, ɵsetLocaleId, ɵsetUnknownElementStrictMode, ɵsetUnknownPropertyStrictMode, ɵstore, ɵstringify, ɵtransitiveScopesFor, ɵtriggerResourceLoading, ɵtruncateMiddle, ɵunregisterLocaleData, ɵunwrapSafeValue, ɵunwrapWritableSignal, ɵwhenStable, ɵwithDomHydration, ɵwithEventReplay, ɵwithI18nSupport, ɵɵCopyDefinitionFeature, ɵɵFactoryTarget, ɵɵHostDirectivesFeature, ɵɵInheritDefinitionFeature, ɵɵInputTransformsFeature, ɵɵNgOnChangesFeature, ɵɵProvidersFeature, ɵɵStandaloneFeature, ɵɵadvance, ɵɵattribute, ɵɵattributeInterpolate1, ɵɵattributeInterpolate2, ɵɵattributeInterpolate3, ɵɵattributeInterpolate4, ɵɵattributeInterpolate5, ɵɵattributeInterpolate6, ɵɵattributeInterpolate7, ɵɵattributeInterpolate8, ɵɵattributeInterpolateV, ɵɵclassMap, ɵɵclassMapInterpolate1, ɵɵclassMapInterpolate2, ɵɵclassMapInterpolate3, ɵɵclassMapInterpolate4, ɵɵclassMapInterpolate5, ɵɵclassMapInterpolate6, ɵɵclassMapInterpolate7, ɵɵclassMapInterpolate8, ɵɵclassMapInterpolateV, ɵɵclassProp, ɵɵcomponentInstance, ɵɵconditional, ɵɵcontentQuery, ɵɵcontentQuerySignal, ɵɵdeclareLet, ɵɵdefer, ɵɵdeferEnableTimerScheduling, ɵɵdeferOnHover, ɵɵdeferOnIdle, ɵɵdeferOnImmediate, ɵɵdeferOnInteraction, ɵɵdeferOnTimer, ɵɵdeferOnViewport, ɵɵdeferPrefetchOnHover, ɵɵdeferPrefetchOnIdle, ɵɵdeferPrefetchOnImmediate, ɵɵdeferPrefetchOnInteraction, ɵɵdeferPrefetchOnTimer, ɵɵdeferPrefetchOnViewport, ɵɵdeferPrefetchWhen, ɵɵdeferWhen, ɵɵdefineComponent, ɵɵdefineDirective, ɵɵdefineInjectable, ɵɵdefineInjector, ɵɵdefineNgModule, ɵɵdefinePipe, ɵɵdirectiveInject, ɵɵdisableBindings, ɵɵelement, ɵɵelementContainer, ɵɵelementContainerEnd, ɵɵelementContainerStart, ɵɵelementEnd, ɵɵelementStart, ɵɵenableBindings, ɵɵgetComponentDepsFactory, ɵɵgetCurrentView, ɵɵgetInheritedFactory, ɵɵhostProperty, ɵɵi18n, ɵɵi18nApply, ɵɵi18nAttributes, ɵɵi18nEnd, ɵɵi18nExp, ɵɵi18nPostprocess, ɵɵi18nStart, ɵɵinject, ɵɵinjectAttribute, ɵɵinvalidFactory, ɵɵinvalidFactoryDep, ɵɵlistener, ɵɵloadQuery, ɵɵnamespaceHTML, ɵɵnamespaceMathML, ɵɵnamespaceSVG, ɵɵnextContext, ɵɵngDeclareClassMetadata, ɵɵngDeclareClassMetadataAsync, ɵɵngDeclareComponent, ɵɵngDeclareDirective, ɵɵngDeclareFactory, ɵɵngDeclareInjectable, ɵɵngDeclareInjector, ɵɵngDeclareNgModule, ɵɵngDeclarePipe, ɵɵpipe, ɵɵpipeBind1, ɵɵpipeBind2, ɵɵpipeBind3, ɵɵpipeBind4, ɵɵpipeBindV, ɵɵprojection, ɵɵprojectionDef, ɵɵproperty, ɵɵpropertyInterpolate, ɵɵpropertyInterpolate1, ɵɵpropertyInterpolate2, ɵɵpropertyInterpolate3, ɵɵpropertyInterpolate4, ɵɵpropertyInterpolate5, ɵɵpropertyInterpolate6, ɵɵpropertyInterpolate7, ɵɵpropertyInterpolate8, ɵɵpropertyInterpolateV, ɵɵpureFunction0, ɵɵpureFunction1, ɵɵpureFunction2, ɵɵpureFunction3, ɵɵpureFunction4, ɵɵpureFunction5, ɵɵpureFunction6, ɵɵpureFunction7, ɵɵpureFunction8, ɵɵpureFunctionV, ɵɵqueryAdvance, ɵɵqueryRefresh, ɵɵreadContextLet, ɵɵreference, ɵɵregisterNgModuleType, ɵɵrepeater, ɵɵrepeaterCreate, ɵɵrepeaterTrackByIdentity, ɵɵrepeaterTrackByIndex, ɵɵresetView, ɵɵresolveBody, ɵɵresolveDocument, ɵɵresolveWindow, ɵɵrestoreView, ɵɵsanitizeHtml, ɵɵsanitizeResourceUrl, ɵɵsanitizeScript, ɵɵsanitizeStyle, ɵɵsanitizeUrl, ɵɵsanitizeUrlOrResourceUrl, ɵɵsetComponentScope, ɵɵsetNgModuleScope, ɵɵstoreLet, ɵɵstyleMap, ɵɵstyleMapInterpolate1, ɵɵstyleMapInterpolate2, ɵɵstyleMapInterpolate3, ɵɵstyleMapInterpolate4, ɵɵstyleMapInterpolate5, ɵɵstyleMapInterpolate6, ɵɵstyleMapInterpolate7, ɵɵstyleMapInterpolate8, ɵɵstyleMapInterpolateV, ɵɵstyleProp, ɵɵstylePropInterpolate1, ɵɵstylePropInterpolate2, ɵɵstylePropInterpolate3, ɵɵstylePropInterpolate4, ɵɵstylePropInterpolate5, ɵɵstylePropInterpolate6, ɵɵstylePropInterpolate7, ɵɵstylePropInterpolate8, ɵɵstylePropInterpolateV, ɵɵsyntheticHostListener, ɵɵsyntheticHostProperty, ɵɵtemplate, ɵɵtemplateRefExtractor, ɵɵtext, ɵɵtextInterpolate, ɵɵtextInterpolate1, ɵɵtextInterpolate2, ɵɵtextInterpolate3, ɵɵtextInterpolate4, ɵɵtextInterpolate5, ɵɵtextInterpolate6, ɵɵtextInterpolate7, ɵɵtextInterpolate8, ɵɵtextInterpolateV, ɵɵtrustConstantHtml, ɵɵtrustConstantResourceUrl, ɵɵtwoWayBindingSet, ɵɵtwoWayListener, ɵɵtwoWayProperty, ɵɵvalidateIframeAttribute, ɵɵviewQuery, ɵɵviewQuerySignal)
WARN export 'ɵdescribeDomNode' (imported as '_describeDomNode') was not found in '@angular/core' (possible exports: ANIMATION_MODULE_TYPE, APP_BOOTSTRAP_LISTENER, APP_ID, APP_INITIALIZER, AfterRenderPhase, ApplicationInitStatus, ApplicationModule, ApplicationRef, Attribute, COMPILER_OPTIONS, CSP_NONCE, CUSTOM_ELEMENTS_SCHEMA, ChangeDetectionStrategy, ChangeDetectorRef, Compiler, CompilerFactory, Component, ComponentFactory, ComponentFactoryResolver, ComponentRef, ContentChild, ContentChildren, DEFAULT_CURRENCY_CODE, DebugElement, DebugEventListener, DebugNode, DefaultIterableDiffer, DestroyRef, Directive, ENVIRONMENT_INITIALIZER, ElementRef, EmbeddedViewRef, EnvironmentInjector, ErrorHandler, EventEmitter, ExperimentalPendingTasks, HOST_TAG_NAME, Host, HostAttributeToken, HostBinding, HostListener, INJECTOR, Inject, InjectFlags, Injectable, InjectionToken, Injector, Input, IterableDiffers, KeyValueDiffers, LOCALE_ID, MissingTranslationStrategy, ModuleWithComponentFactories, NO_ERRORS_SCHEMA, NgModule, NgModuleFactory, NgModuleRef, NgProbeToken, NgZone, Optional, Output, OutputEmitterRef, PACKAGE_ROOT_URL, PLATFORM_ID, PLATFORM_INITIALIZER, Pipe, PlatformRef, Query, QueryList, Renderer2, RendererFactory2, RendererStyleFlags2, Sanitizer, SecurityContext, Self, SimpleChange, SkipSelf, TRANSLATIONS, TRANSLATIONS_FORMAT, TemplateRef, Testability, TestabilityRegistry, TransferState, Type, VERSION, Version, ViewChild, ViewChildren, ViewContainerRef, ViewEncapsulation, ViewRef, afterNextRender, afterRender, asNativeElements, assertInInjectionContext, assertNotInReactiveContext, assertPlatform, booleanAttribute, computed, contentChild, contentChildren, createComponent, createEnvironmentInjector, createNgModule, createNgModuleRef, createPlatform, createPlatformFactory, defineInjectable, destroyPlatform, effect, enableProdMode, forwardRef, getDebugNode, getModuleFactory, getNgModuleById, getPlatform, importProvidersFrom, inject, input, isDevMode, isSignal, isStandalone, makeEnvironmentProviders, makeStateKey, mergeApplicationConfig, model, numberAttribute, output, platformCore, provideExperimentalCheckNoChangesForDebug, provideExperimentalZonelessChangeDetection, provideZoneChangeDetection, reflectComponentType, resolveForwardRef, runInInjectionContext, setTestabilityGetter, signal, untracked, viewChild, viewChildren, ɵALLOW_MULTIPLE_PLATFORMS, ɵAfterRenderManager, ɵCONTAINER_HEADER_OFFSET, ɵChangeDetectionScheduler, ɵChangeDetectionSchedulerImpl, ɵComponentFactory, ɵConsole, ɵDEFAULT_LOCALE_ID, ɵDEFER_BLOCK_CONFIG, ɵDEFER_BLOCK_DEPENDENCY_INTERCEPTOR, ɵDeferBlockBehavior, ɵDeferBlockState, ɵEffectScheduler, ɵIMAGE_CONFIG, ɵIMAGE_CONFIG_DEFAULTS, ɵINJECTOR_SCOPE, ɵINPUT_SIGNAL_BRAND_WRITE_TYPE, ɵINTERNAL_APPLICATION_ERROR_HANDLER, ɵIS_HYDRATION_DOM_REUSE_ENABLED, ɵJSACTION_EVENT_CONTRACT, ɵLContext, ɵLifecycleHooksFeature, ɵLocaleDataIndex, ɵNG_COMP_DEF, ɵNG_DIR_DEF, ɵNG_ELEMENT_ID, ɵNG_INJ_DEF, ɵNG_MOD_DEF, ɵNG_PIPE_DEF, ɵNG_PROV_DEF, ɵNOT_FOUND_CHECK_ONLY_ELEMENT_INJECTOR, ɵNO_CHANGE, ɵNgModuleFactory, ɵNoopNgZone, ɵPROVIDED_NG_ZONE, ɵPendingTasks, ɵReflectionCapabilities, ɵRender3ComponentFactory, ɵRender3ComponentRef, ɵRender3NgModuleRef, ɵRuntimeError, ɵSIGNAL, ɵSSR_CONTENT_INTEGRITY_MARKER, ɵTESTABILITY, ɵTESTABILITY_GETTER, ɵUSE_RUNTIME_DEPS_TRACKER_FOR_JIT, ɵViewRef, ɵXSS_SECURITY_URL, ɵZONELESS_ENABLED, ɵ_sanitizeHtml, ɵ_sanitizeUrl, ɵallowSanitizationBypassAndThrow, ɵannotateForHydration, ɵbypassSanitizationTrustHtml, ɵbypassSanitizationTrustResourceUrl, ɵbypassSanitizationTrustScript, ɵbypassSanitizationTrustStyle, ɵbypassSanitizationTrustUrl, ɵclearResolutionOfComponentResourcesQueue, ɵcompileComponent, ɵcompileDirective, ɵcompileNgModule, ɵcompileNgModuleDefs, ɵcompileNgModuleFactory, ɵcompilePipe, ɵconvertToBitFlags, ɵcreateInjector, ɵdefaultIterableDiffers, ɵdefaultKeyValueDiffers, ɵdepsTracker, ɵdetectChangesInViewIfRequired, ɵdevModeEqual, ɵfindLocaleData, ɵflushModuleScopingQueueAsMuchAsPossible, ɵformatRuntimeError, ɵgenerateStandaloneInDeclarationsError, ɵgetAsyncClassMetadataFn, ɵgetDebugNode, ɵgetDeferBlocks, ɵgetDirectives, ɵgetHostElement, ɵgetInjectableDef, ɵgetLContext, ɵgetLocaleCurrencyCode, ɵgetLocalePluralCase, ɵgetOutputDestroyRef, ɵgetSanitizationBypassType, ɵgetUnknownElementStrictMode, ɵgetUnknownPropertyStrictMode, ɵglobal, ɵinjectChangeDetectorRef, ɵinternalCreateApplication, ɵinternalProvideZoneChangeDetection, ɵisBoundToModule, ɵisComponentDefPendingResolution, ɵisEnvironmentProviders, ɵisInjectable, ɵisNgModule, ɵisPromise, ɵisSubscribable, ɵnoSideEffects, ɵpatchComponentDefWithScope, ɵperformanceMarkFeature, ɵreadHydrationInfo, ɵregisterLocaleData, ɵrenderDeferBlockState, ɵresetCompiledComponents, ɵresetJitOptions, ɵresolveComponentResources, ɵrestoreComponentResolutionQueue, ɵsetAllowDuplicateNgModuleIdsForTest, ɵsetAlternateWeakRefImpl, ɵsetClassDebugInfo, ɵsetClassMetadata, ɵsetClassMetadataAsync, ɵsetCurrentInjector, ɵsetDocument, ɵsetInjectorProfilerContext, ɵsetLocaleId, ɵsetUnknownElementStrictMode, ɵsetUnknownPropertyStrictMode, ɵstore, ɵstringify, ɵtransitiveScopesFor, ɵtriggerResourceLoading, ɵtruncateMiddle, ɵunregisterLocaleData, ɵunwrapSafeValue, ɵunwrapWritableSignal, ɵwhenStable, ɵwithDomHydration, ɵwithEventReplay, ɵwithI18nSupport, ɵɵCopyDefinitionFeature, ɵɵFactoryTarget, ɵɵHostDirectivesFeature, ɵɵInheritDefinitionFeature, ɵɵInputTransformsFeature, ɵɵNgOnChangesFeature, ɵɵProvidersFeature, ɵɵStandaloneFeature, ɵɵadvance, ɵɵattribute, ɵɵattributeInterpolate1, ɵɵattributeInterpolate2, ɵɵattributeInterpolate3, ɵɵattributeInterpolate4, ɵɵattributeInterpolate5, ɵɵattributeInterpolate6, ɵɵattributeInterpolate7, ɵɵattributeInterpolate8, ɵɵattributeInterpolateV, ɵɵclassMap, ɵɵclassMapInterpolate1, ɵɵclassMapInterpolate2, ɵɵclassMapInterpolate3, ɵɵclassMapInterpolate4, ɵɵclassMapInterpolate5, ɵɵclassMapInterpolate6, ɵɵclassMapInterpolate7, ɵɵclassMapInterpolate8, ɵɵclassMapInterpolateV, ɵɵclassProp, ɵɵcomponentInstance, ɵɵconditional, ɵɵcontentQuery, ɵɵcontentQuerySignal, ɵɵdeclareLet, ɵɵdefer, ɵɵdeferEnableTimerScheduling, ɵɵdeferOnHover, ɵɵdeferOnIdle, ɵɵdeferOnImmediate, ɵɵdeferOnInteraction, ɵɵdeferOnTimer, ɵɵdeferOnViewport, ɵɵdeferPrefetchOnHover, ɵɵdeferPrefetchOnIdle, ɵɵdeferPrefetchOnImmediate, ɵɵdeferPrefetchOnInteraction, ɵɵdeferPrefetchOnTimer, ɵɵdeferPrefetchOnViewport, ɵɵdeferPrefetchWhen, ɵɵdeferWhen, ɵɵdefineComponent, ɵɵdefineDirective, ɵɵdefineInjectable, ɵɵdefineInjector, ɵɵdefineNgModule, ɵɵdefinePipe, ɵɵdirectiveInject, ɵɵdisableBindings, ɵɵelement, ɵɵelementContainer, ɵɵelementContainerEnd, ɵɵelementContainerStart, ɵɵelementEnd, ɵɵelementStart, ɵɵenableBindings, ɵɵgetComponentDepsFactory, ɵɵgetCurrentView, ɵɵgetInheritedFactory, ɵɵhostProperty, ɵɵi18n, ɵɵi18nApply, ɵɵi18nAttributes, ɵɵi18nEnd, ɵɵi18nExp, ɵɵi18nPostprocess, ɵɵi18nStart, ɵɵinject, ɵɵinjectAttribute, ɵɵinvalidFactory, ɵɵinvalidFactoryDep, ɵɵlistener, ɵɵloadQuery, ɵɵnamespaceHTML, ɵɵnamespaceMathML, ɵɵnamespaceSVG, ɵɵnextContext, ɵɵngDeclareClassMetadata, ɵɵngDeclareClassMetadataAsync, ɵɵngDeclareComponent, ɵɵngDeclareDirective, ɵɵngDeclareFactory, ɵɵngDeclareInjectable, ɵɵngDeclareInjector, ɵɵngDeclareNgModule, ɵɵngDeclarePipe, ɵɵpipe, ɵɵpipeBind1, ɵɵpipeBind2, ɵɵpipeBind3, ɵɵpipeBind4, ɵɵpipeBindV, ɵɵprojection, ɵɵprojectionDef, ɵɵproperty, ɵɵpropertyInterpolate, ɵɵpropertyInterpolate1, ɵɵpropertyInterpolate2, ɵɵpropertyInterpolate3, ɵɵpropertyInterpolate4, ɵɵpropertyInterpolate5, ɵɵpropertyInterpolate6, ɵɵpropertyInterpolate7, ɵɵpropertyInterpolate8, ɵɵpropertyInterpolateV, ɵɵpureFunction0, ɵɵpureFunction1, ɵɵpureFunction2, ɵɵpureFunction3, ɵɵpureFunction4, ɵɵpureFunction5, ɵɵpureFunction6, ɵɵpureFunction7, ɵɵpureFunction8, ɵɵpureFunctionV, ɵɵqueryAdvance, ɵɵqueryRefresh, ɵɵreadContextLet, ɵɵreference, ɵɵregisterNgModuleType, ɵɵrepeater, ɵɵrepeaterCreate, ɵɵrepeaterTrackByIdentity, ɵɵrepeaterTrackByIndex, ɵɵresetView, ɵɵresolveBody, ɵɵresolveDocument, ɵɵresolveWindow, ɵɵrestoreView, ɵɵsanitizeHtml, ɵɵsanitizeResourceUrl, ɵɵsanitizeScript, ɵɵsanitizeStyle, ɵɵsanitizeUrl, ɵɵsanitizeUrlOrResourceUrl, ɵɵsetComponentScope, ɵɵsetNgModuleScope, ɵɵstoreLet, ɵɵstyleMap, ɵɵstyleMapInterpolate1, ɵɵstyleMapInterpolate2, ɵɵstyleMapInterpolate3, ɵɵstyleMapInterpolate4, ɵɵstyleMapInterpolate5, ɵɵstyleMapInterpolate6, ɵɵstyleMapInterpolate7, ɵɵstyleMapInterpolate8, ɵɵstyleMapInterpolateV, ɵɵstyleProp, ɵɵstylePropInterpolate1, ɵɵstylePropInterpolate2, ɵɵstylePropInterpolate3, ɵɵstylePropInterpolate4, ɵɵstylePropInterpolate5, ɵɵstylePropInterpolate6, ɵɵstylePropInterpolate7, ɵɵstylePropInterpolate8, ɵɵstylePropInterpolateV, ɵɵsyntheticHostListener, ɵɵsyntheticHostProperty, ɵɵtemplate, ɵɵtemplateRefExtractor, ɵɵtext, ɵɵtextInterpolate, ɵɵtextInterpolate1, ɵɵtextInterpolate2, ɵɵtextInterpolate3, ɵɵtextInterpolate4, ɵɵtextInterpolate5, ɵɵtextInterpolate6, ɵɵtextInterpolate7, ɵɵtextInterpolate8, ɵɵtextInterpolateV, ɵɵtrustConstantHtml, ɵɵtrustConstantResourceUrl, ɵɵtwoWayBindingSet, ɵɵtwoWayListener, ɵɵtwoWayProperty, ɵɵvalidateIframeAttribute, ɵɵviewQuery, ɵɵviewQuerySignal)
WARN export 'ɵallLeavingAnimations' (imported as '_allLeavingAnimations') was not found in '@angular/core' (possible exports: ANIMATION_MODULE_TYPE, APP_BOOTSTRAP_LISTENER, APP_ID, APP_INITIALIZER, AfterRenderPhase, ApplicationInitStatus, ApplicationModule, ApplicationRef, Attribute, COMPILER_OPTIONS, CSP_NONCE, CUSTOM_ELEMENTS_SCHEMA, ChangeDetectionStrategy, ChangeDetectorRef, Compiler, CompilerFactory, Component, ComponentFactory, ComponentFactoryResolver, ComponentRef, ContentChild, ContentChildren, DEFAULT_CURRENCY_CODE, DebugElement, DebugEventListener, DebugNode, DefaultIterableDiffer, DestroyRef, Directive, ENVIRONMENT_INITIALIZER, ElementRef, EmbeddedViewRef, EnvironmentInjector, ErrorHandler, EventEmitter, ExperimentalPendingTasks, HOST_TAG_NAME, Host, HostAttributeToken, HostBinding, HostListener, INJECTOR, Inject, InjectFlags, Injectable, InjectionToken, Injector, Input, IterableDiffers, KeyValueDiffers, LOCALE_ID, MissingTranslationStrategy, ModuleWithComponentFactories, NO_ERRORS_SCHEMA, NgModule, NgModuleFactory, NgModuleRef, NgProbeToken, NgZone, Optional, Output, OutputEmitterRef, PACKAGE_ROOT_URL, PLATFORM_ID, PLATFORM_INITIALIZER, Pipe, PlatformRef, Query, QueryList, Renderer2, RendererFactory2, RendererStyleFlags2, Sanitizer, SecurityContext, Self, SimpleChange, SkipSelf, TRANSLATIONS, TRANSLATIONS_FORMAT, TemplateRef, Testability, TestabilityRegistry, TransferState, Type, VERSION, Version, ViewChild, ViewChildren, ViewContainerRef, ViewEncapsulation, ViewRef, afterNextRender, afterRender, asNativeElements, assertInInjectionContext, assertNotInReactiveContext, assertPlatform, booleanAttribute, computed, contentChild, contentChildren, createComponent, createEnvironmentInjector, createNgModule, createNgModuleRef, createPlatform, createPlatformFactory, defineInjectable, destroyPlatform, effect, enableProdMode, forwardRef, getDebugNode, getModuleFactory, getNgModuleById, getPlatform, importProvidersFrom, inject, input, isDevMode, isSignal, isStandalone, makeEnvironmentProviders, makeStateKey, mergeApplicationConfig, model, numberAttribute, output, platformCore, provideExperimentalCheckNoChangesForDebug, provideExperimentalZonelessChangeDetection, provideZoneChangeDetection, reflectComponentType, resolveForwardRef, runInInjectionContext, setTestabilityGetter, signal, untracked, viewChild, viewChildren, ɵALLOW_MULTIPLE_PLATFORMS, ɵAfterRenderManager, ɵCONTAINER_HEADER_OFFSET, ɵChangeDetectionScheduler, ɵChangeDetectionSchedulerImpl, ɵComponentFactory, ɵConsole, ɵDEFAULT_LOCALE_ID, ɵDEFER_BLOCK_CONFIG, ɵDEFER_BLOCK_DEPENDENCY_INTERCEPTOR, ɵDeferBlockBehavior, ɵDeferBlockState, ɵEffectScheduler, ɵIMAGE_CONFIG, ɵIMAGE_CONFIG_DEFAULTS, ɵINJECTOR_SCOPE, ɵINPUT_SIGNAL_BRAND_WRITE_TYPE, ɵINTERNAL_APPLICATION_ERROR_HANDLER, ɵIS_HYDRATION_DOM_REUSE_ENABLED, ɵJSACTION_EVENT_CONTRACT, ɵLContext, ɵLifecycleHooksFeature, ɵLocaleDataIndex, ɵNG_COMP_DEF, ɵNG_DIR_DEF, ɵNG_ELEMENT_ID, ɵNG_INJ_DEF, ɵNG_MOD_DEF, ɵNG_PIPE_DEF, ɵNG_PROV_DEF, ɵNOT_FOUND_CHECK_ONLY_ELEMENT_INJECTOR, ɵNO_CHANGE, ɵNgModuleFactory, ɵNoopNgZone, ɵPROVIDED_NG_ZONE, ɵPendingTasks, ɵReflectionCapabilities, ɵRender3ComponentFactory, ɵRender3ComponentRef, ɵRender3NgModuleRef, ɵRuntimeError, ɵSIGNAL, ɵSSR_CONTENT_INTEGRITY_MARKER, ɵTESTABILITY, ɵTESTABILITY_GETTER, ɵUSE_RUNTIME_DEPS_TRACKER_FOR_JIT, ɵViewRef, ɵXSS_SECURITY_URL, ɵZONELESS_ENABLED, ɵ_sanitizeHtml, ɵ_sanitizeUrl, ɵallowSanitizationBypassAndThrow, ɵannotateForHydration, ɵbypassSanitizationTrustHtml, ɵbypassSanitizationTrustResourceUrl, ɵbypassSanitizationTrustScript, ɵbypassSanitizationTrustStyle, ɵbypassSanitizationTrustUrl, ɵclearResolutionOfComponentResourcesQueue, ɵcompileComponent, ɵcompileDirective, ɵcompileNgModule, ɵcompileNgModuleDefs, ɵcompileNgModuleFactory, ɵcompilePipe, ɵconvertToBitFlags, ɵcreateInjector, ɵdefaultIterableDiffers, ɵdefaultKeyValueDiffers, ɵdepsTracker, ɵdetectChangesInViewIfRequired, ɵdevModeEqual, ɵfindLocaleData, ɵflushModuleScopingQueueAsMuchAsPossible, ɵformatRuntimeError, ɵgenerateStandaloneInDeclarationsError, ɵgetAsyncClassMetadataFn, ɵgetDebugNode, ɵgetDeferBlocks, ɵgetDirectives, ɵgetHostElement, ɵgetInjectableDef, ɵgetLContext, ɵgetLocaleCurrencyCode, ɵgetLocalePluralCase, ɵgetOutputDestroyRef, ɵgetSanitizationBypassType, ɵgetUnknownElementStrictMode, ɵgetUnknownPropertyStrictMode, ɵglobal, ɵinjectChangeDetectorRef, ɵinternalCreateApplication, ɵinternalProvideZoneChangeDetection, ɵisBoundToModule, ɵisComponentDefPendingResolution, ɵisEnvironmentProviders, ɵisInjectable, ɵisNgModule, ɵisPromise, ɵisSubscribable, ɵnoSideEffects, ɵpatchComponentDefWithScope, ɵperformanceMarkFeature, ɵreadHydrationInfo, ɵregisterLocaleData, ɵrenderDeferBlockState, ɵresetCompiledComponents, ɵresetJitOptions, ɵresolveComponentResources, ɵrestoreComponentResolutionQueue, ɵsetAllowDuplicateNgModuleIdsForTest, ɵsetAlternateWeakRefImpl, ɵsetClassDebugInfo, ɵsetClassMetadata, ɵsetClassMetadataAsync, ɵsetCurrentInjector, ɵsetDocument, ɵsetInjectorProfilerContext, ɵsetLocaleId, ɵsetUnknownElementStrictMode, ɵsetUnknownPropertyStrictMode, ɵstore, ɵstringify, ɵtransitiveScopesFor, ɵtriggerResourceLoading, ɵtruncateMiddle, ɵunregisterLocaleData, ɵunwrapSafeValue, ɵunwrapWritableSignal, ɵwhenStable, ɵwithDomHydration, ɵwithEventReplay, ɵwithI18nSupport, ɵɵCopyDefinitionFeature, ɵɵFactoryTarget, ɵɵHostDirectivesFeature, ɵɵInheritDefinitionFeature, ɵɵInputTransformsFeature, ɵɵNgOnChangesFeature, ɵɵProvidersFeature, ɵɵStandaloneFeature, ɵɵadvance, ɵɵattribute, ɵɵattributeInterpolate1, ɵɵattributeInterpolate2, ɵɵattributeInterpolate3, ɵɵattributeInterpolate4, ɵɵattributeInterpolate5, ɵɵattributeInterpolate6, ɵɵattributeInterpolate7, ɵɵattributeInterpolate8, ɵɵattributeInterpolateV, ɵɵclassMap, ɵɵclassMapInterpolate1, ɵɵclassMapInterpolate2, ɵɵclassMapInterpolate3, ɵɵclassMapInterpolate4, ɵɵclassMapInterpolate5, ɵɵclassMapInterpolate6, ɵɵclassMapInterpolate7, ɵɵclassMapInterpolate8, ɵɵclassMapInterpolateV, ɵɵclassProp, ɵɵcomponentInstance, ɵɵconditional, ɵɵcontentQuery, ɵɵcontentQuerySignal, ɵɵdeclareLet, ɵɵdefer, ɵɵdeferEnableTimerScheduling, ɵɵdeferOnHover, ɵɵdeferOnIdle, ɵɵdeferOnImmediate, ɵɵdeferOnInteraction, ɵɵdeferOnTimer, ɵɵdeferOnViewport, ɵɵdeferPrefetchOnHover, ɵɵdeferPrefetchOnIdle, ɵɵdeferPrefetchOnImmediate, ɵɵdeferPrefetchOnInteraction, ɵɵdeferPrefetchOnTimer, ɵɵdeferPrefetchOnViewport, ɵɵdeferPrefetchWhen, ɵɵdeferWhen, ɵɵdefineComponent, ɵɵdefineDirective, ɵɵdefineInjectable, ɵɵdefineInjector, ɵɵdefineNgModule, ɵɵdefinePipe, ɵɵdirectiveInject, ɵɵdisableBindings, ɵɵelement, ɵɵelementContainer, ɵɵelementContainerEnd, ɵɵelementContainerStart, ɵɵelementEnd, ɵɵelementStart, ɵɵenableBindings, ɵɵgetComponentDepsFactory, ɵɵgetCurrentView, ɵɵgetInheritedFactory, ɵɵhostProperty, ɵɵi18n, ɵɵi18nApply, ɵɵi18nAttributes, ɵɵi18nEnd, ɵɵi18nExp, ɵɵi18nPostprocess, ɵɵi18nStart, ɵɵinject, ɵɵinjectAttribute, ɵɵinvalidFactory, ɵɵinvalidFactoryDep, ɵɵlistener, ɵɵloadQuery, ɵɵnamespaceHTML, ɵɵnamespaceMathML, ɵɵnamespaceSVG, ɵɵnextContext, ɵɵngDeclareClassMetadata, ɵɵngDeclareClassMetadataAsync, ɵɵngDeclareComponent, ɵɵngDeclareDirective, ɵɵngDeclareFactory, ɵɵngDeclareInjectable, ɵɵngDeclareInjector, ɵɵngDeclareNgModule, ɵɵngDeclarePipe, ɵɵpipe, ɵɵpipeBind1, ɵɵpipeBind2, ɵɵpipeBind3, ɵɵpipeBind4, ɵɵpipeBindV, ɵɵprojection, ɵɵprojectionDef, ɵɵproperty, ɵɵpropertyInterpolate, ɵɵpropertyInterpolate1, ɵɵpropertyInterpolate2, ɵɵpropertyInterpolate3, ɵɵpropertyInterpolate4, ɵɵpropertyInterpolate5, ɵɵpropertyInterpolate6, ɵɵpropertyInterpolate7, ɵɵpropertyInterpolate8, ɵɵpropertyInterpolateV, ɵɵpureFunction0, ɵɵpureFunction1, ɵɵpureFunction2, ɵɵpureFunction3, ɵɵpureFunction4, ɵɵpureFunction5, ɵɵpureFunction6, ɵɵpureFunction7, ɵɵpureFunction8, ɵɵpureFunctionV, ɵɵqueryAdvance, ɵɵqueryRefresh, ɵɵreadContextLet, ɵɵreference, ɵɵregisterNgModuleType, ɵɵrepeater, ɵɵrepeaterCreate, ɵɵrepeaterTrackByIdentity, ɵɵrepeaterTrackByIndex, ɵɵresetView, ɵɵresolveBody, ɵɵresolveDocument, ɵɵresolveWindow, ɵɵrestoreView, ɵɵsanitizeHtml, ɵɵsanitizeResourceUrl, ɵɵsanitizeScript, ɵɵsanitizeStyle, ɵɵsanitizeUrl, ɵɵsanitizeUrlOrResourceUrl, ɵɵsetComponentScope, ɵɵsetNgModuleScope, ɵɵstoreLet, ɵɵstyleMap, ɵɵstyleMapInterpolate1, ɵɵstyleMapInterpolate2, ɵɵstyleMapInterpolate3, ɵɵstyleMapInterpolate4, ɵɵstyleMapInterpolate5, ɵɵstyleMapInterpolate6, ɵɵstyleMapInterpolate7, ɵɵstyleMapInterpolate8, ɵɵstyleMapInterpolateV, ɵɵstyleProp, ɵɵstylePropInterpolate1, ɵɵstylePropInterpolate2, ɵɵstylePropInterpolate3, ɵɵstylePropInterpolate4, ɵɵstylePropInterpolate5, ɵɵstylePropInterpolate6, ɵɵstylePropInterpolate7, ɵɵstylePropInterpolate8, ɵɵstylePropInterpolateV, ɵɵsyntheticHostListener, ɵɵsyntheticHostProperty, ɵɵtemplate, ɵɵtemplateRefExtractor, ɵɵtext, ɵɵtextInterpolate, ɵɵtextInterpolate1, ɵɵtextInterpolate2, ɵɵtextInterpolate3, ɵɵtextInterpolate4, ɵɵtextInterpolate5, ɵɵtextInterpolate6, ɵɵtextInterpolate7, ɵɵtextInterpolate8, ɵɵtextInterpolateV, ɵɵtrustConstantHtml, ɵɵtrustConstantResourceUrl, ɵɵtwoWayBindingSet, ɵɵtwoWayListener, ɵɵtwoWayProperty, ɵɵvalidateIframeAttribute, ɵɵviewQuery, ɵɵviewQuerySignal)
WARN DefinePlugin
WARN Conflicting values for 'process.env.NODE_ENV'
[31m=> Failed to build the preview[39m
WARN Force closed preview build
[31mSB_BUILDER-WEBPACK5_0003 (WebpackCompilationError): There were problems when compiling your code with Webpack.[39m
[31mRun Storybook with --debug-webpack for more information.[39m
    at starter (./node_modules/.pnpm/@storybook+builder-webpack5@8.2.9_@swc+core@1.5.29_@swc+helpers@0.5.23__esbuild@0.27.7_lightn_ia75mrh445kjeo6qb7ltlimo74/node_modules/@storybook/builder-webpack5/dist/index.js:1:7969)
    at starter.next (<anonymous>)
    at Module.start (./node_modules/.pnpm/@storybook+builder-webpack5@8.2.9_@swc+core@1.5.29_@swc+helpers@0.5.23__esbuild@0.27.7_lightn_ia75mrh445kjeo6qb7ltlimo74/node_modules/@storybook/builder-webpack5/dist/index.js:1:9922)
    at process.processTicksAndRejections (node:internal/process/task_queues:95:5)
[0m[7m[1m[31m NX [39m[22m[27m[0m  [31mBroken build, fix the error above.[39m
You may need to refresh the browser.



 NX   Running target storybook for project @glowing-sea-studio/erebus-angular failed

Failed tasks:

- @glowing-sea-studio/erebus-angular:storybook

Hint: run the command with --verbose for more details.

