[NX Daemon Server] - 2026-08-31T20:26:42.367Z - Started listening on: /tmp/35476e7d05c699e301ae/d.sock
[NX Daemon Server] - 2026-08-31T20:26:42.369Z - [WATCHER]: Subscribed to changes within: /media/thibault/SSD_DATA/DEV/workspaces/Glowing Sea Studio/APPS/erebus (native)
[NX Daemon Server] - 2026-08-31T20:26:42.376Z - Established a connection. Number of open connections: 1
[NX Daemon Server] - 2026-08-31T20:26:42.377Z - Established a connection. Number of open connections: 2
[NX Daemon Server] - 2026-08-31T20:26:42.378Z - Closed a connection. Number of open connections: 1
[NX Daemon Server] - 2026-08-31T20:26:42.379Z - [REQUEST]: Client Request for Project Graph Received
[NX Daemon Server] - 2026-08-31T20:26:42.509Z - Time taken for 'Load Nx Plugin: /media/thibault/SSD_DATA/DEV/workspaces/Glowing Sea Studio/APPS/erebus/node_modules/.pnpm/nx@19.8.14_@swc-node+register@1.9.2_@swc+core@1.5.29_@swc+helpers@0.5.23__@swc+types@0.1.28_t_nowycrngt257pqaiv7ridja6jm/node_modules/nx/src/plugins/package-json' 123.528446ms
[NX Daemon Server] - 2026-08-31T20:26:42.509Z - Time taken for 'Load Nx Plugin: /media/thibault/SSD_DATA/DEV/workspaces/Glowing Sea Studio/APPS/erebus/node_modules/.pnpm/nx@19.8.14_@swc-node+register@1.9.2_@swc+core@1.5.29_@swc+helpers@0.5.23__@swc+types@0.1.28_t_nowycrngt257pqaiv7ridja6jm/node_modules/nx/src/plugins/project-json/build-nodes/project-json' 122.734249ms
[NX Daemon Server] - 2026-08-31T20:26:42.513Z - Time taken for 'Load Nx Plugin: /media/thibault/SSD_DATA/DEV/workspaces/Glowing Sea Studio/APPS/erebus/node_modules/.pnpm/nx@19.8.14_@swc-node+register@1.9.2_@swc+core@1.5.29_@swc+helpers@0.5.23__@swc+types@0.1.28_t_nowycrngt257pqaiv7ridja6jm/node_modules/nx/src/plugins/js' 129.78821399999998ms
[NX Daemon Server] - 2026-08-31T20:26:42.637Z - [REQUEST]: Updated workspace context based on watched changes, recomputing project graph...
[NX Daemon Server] - 2026-08-31T20:26:42.638Z - [REQUEST]: 
[NX Daemon Server] - 2026-08-31T20:26:42.638Z - [REQUEST]: 
[NX Daemon Server] - 2026-08-31T20:26:42.643Z - Time taken for 'loadNxPlugins' 257.21497ms
[NX Daemon Server] - 2026-08-31T20:26:42.643Z - Established a connection. Number of open connections: 2
[NX Daemon Server] - 2026-08-31T20:26:42.643Z - Closed a connection. Number of open connections: 1
[NX Daemon Server] - 2026-08-31T20:26:42.644Z - Established a connection. Number of open connections: 2
[NX Daemon Server] - 2026-08-31T20:26:42.645Z - [REQUEST]: Responding to the client. handleHashGlob
[NX Daemon Server] - 2026-08-31T20:26:42.645Z - Done responding to the client handleHashGlob
[NX Daemon Server] - 2026-08-31T20:26:42.645Z - Handled HASH_GLOB. Handling time: 1. Response time: 0.
[NX Daemon Server] - 2026-08-31T20:26:42.646Z - [REQUEST]: Responding to the client. handleHashGlob
[NX Daemon Server] - 2026-08-31T20:26:42.646Z - Done responding to the client handleHashGlob
[NX Daemon Server] - 2026-08-31T20:26:42.646Z - Handled HASH_GLOB. Handling time: 0. Response time: 0.
[33mThe CJS build of Vite's Node API is deprecated. See https://vite.dev/guide/troubleshooting.html#vite-cjs-node-api-deprecated for more details.[39m
[NX Daemon Server] - 2026-08-31T20:26:42.979Z - Time taken for 'build-project-configs' 329.18419400000005ms
[NX Daemon Server] - 2026-08-31T20:26:42.982Z - Time taken for '@nx/storybook/plugin:createDependencies' 6.385151000000064ms
[NX Daemon Server] - 2026-08-31T20:26:43.087Z - [SYNC]: collect registered sync generators
[NX Daemon Server] - 2026-08-31T20:26:43.088Z - [REQUEST]: Responding to the client. project-graph
[NX Daemon Server] - 2026-08-31T20:26:43.089Z - Time taken for 'total for creating and serializing project graph' 708.493989ms
[NX Daemon Server] - 2026-08-31T20:26:43.090Z - Done responding to the client project-graph
[NX Daemon Server] - 2026-08-31T20:26:43.090Z - Handled REQUEST_PROJECT_GRAPH. Handling time: 709. Response time: 2.
[NX Daemon Server] - 2026-08-31T20:26:43.148Z - [REQUEST]: Responding to the client. handleHashTasks
[NX Daemon Server] - 2026-08-31T20:26:43.149Z - Done responding to the client handleHashTasks
[NX Daemon Server] - 2026-08-31T20:26:43.149Z - Handled HASH_TASKS. Handling time: 15. Response time: 1.
[NX Daemon Server] - 2026-08-31T20:26:43.160Z - [REQUEST]: Responding to the client. handleGetEstimatedTaskTimings
[NX Daemon Server] - 2026-08-31T20:26:43.160Z - Done responding to the client handleGetEstimatedTaskTimings
[NX Daemon Server] - 2026-08-31T20:26:43.160Z - Handled GET_ESTIMATED_TASK_TIMINGS. Handling time: 1. Response time: 0.
[NX Daemon Server] - 2026-08-31T20:26:44.025Z - [REQUEST]: Responding to the client. recordOutputsHash
[NX Daemon Server] - 2026-08-31T20:26:44.025Z - Done responding to the client recordOutputsHash
[NX Daemon Server] - 2026-08-31T20:26:44.025Z - Handled RECORD_OUTPUTS_HASH. Handling time: 2. Response time: 0.
[NX Daemon Server] - 2026-08-31T20:26:46.459Z - [REQUEST]: Responding to the client. recordOutputsHash
[NX Daemon Server] - 2026-08-31T20:26:46.460Z - Done responding to the client recordOutputsHash
[NX Daemon Server] - 2026-08-31T20:26:46.460Z - Handled RECORD_OUTPUTS_HASH. Handling time: 2. Response time: 1.
[NX Daemon Server] - 2026-08-31T20:26:46.466Z - [REQUEST]: Responding to the client. recordOutputsHash
[NX Daemon Server] - 2026-08-31T20:26:46.466Z - Done responding to the client recordOutputsHash
[NX Daemon Server] - 2026-08-31T20:26:46.466Z - Handled RECORD_OUTPUTS_HASH. Handling time: 0. Response time: 1.
[NX Daemon Server] - 2026-08-31T20:26:46.473Z - [REQUEST]: Responding to the client. handleRecordTaskRuns
[NX Daemon Server] - 2026-08-31T20:26:46.473Z - Done responding to the client handleRecordTaskRuns
[NX Daemon Server] - 2026-08-31T20:26:46.473Z - Handled RECORD_TASK_RUNS. Handling time: 5. Response time: 0.
[NX Daemon Server] - 2026-08-31T20:26:46.474Z - [REQUEST]: Responding to the client. handleGetFlakyTasks
[NX Daemon Server] - 2026-08-31T20:26:46.474Z - Done responding to the client handleGetFlakyTasks
[NX Daemon Server] - 2026-08-31T20:26:46.474Z - Handled GET_FLAKY_TASKS. Handling time: 0. Response time: 0.
[NX Daemon Server] - 2026-08-31T20:26:46.648Z - Closed a connection. Number of open connections: 1
[NX Daemon Server] - 2026-08-31T20:27:00.270Z - Established a connection. Number of open connections: 2
[NX Daemon Server] - 2026-08-31T20:27:00.270Z - Closed a connection. Number of open connections: 1
[NX Daemon Server] - 2026-08-31T20:27:00.270Z - Established a connection. Number of open connections: 2
[NX Daemon Server] - 2026-08-31T20:27:00.271Z - [REQUEST]: Client Request for Project Graph Received
[NX Daemon Server] - 2026-08-31T20:27:00.272Z - [REQUEST]: Responding to the client. project-graph
[NX Daemon Server] - 2026-08-31T20:27:00.272Z - Time taken for 'total for creating and serializing project graph' 0.25456499999927473ms
[NX Daemon Server] - 2026-08-31T20:27:00.273Z - Done responding to the client project-graph
[NX Daemon Server] - 2026-08-31T20:27:00.273Z - Handled REQUEST_PROJECT_GRAPH. Handling time: 1. Response time: 1.
[NX Daemon Server] - 2026-08-31T20:27:00.307Z - [REQUEST]: Responding to the client. handleHashTasks
[NX Daemon Server] - 2026-08-31T20:27:00.307Z - Done responding to the client handleHashTasks
[NX Daemon Server] - 2026-08-31T20:27:00.307Z - Handled HASH_TASKS. Handling time: 8. Response time: 0.
[NX Daemon Server] - 2026-08-31T20:27:00.322Z - [REQUEST]: Responding to the client. handleGetEstimatedTaskTimings
[NX Daemon Server] - 2026-08-31T20:27:00.323Z - Done responding to the client handleGetEstimatedTaskTimings
[NX Daemon Server] - 2026-08-31T20:27:00.323Z - Handled GET_ESTIMATED_TASK_TIMINGS. Handling time: 0. Response time: 1.
[NX Daemon Server] - 2026-08-31T20:27:01.154Z - [REQUEST]: Responding to the client. recordOutputsHash
[NX Daemon Server] - 2026-08-31T20:27:01.154Z - Done responding to the client recordOutputsHash
[NX Daemon Server] - 2026-08-31T20:27:01.154Z - Handled RECORD_OUTPUTS_HASH. Handling time: 3. Response time: 0.
[NX Daemon Server] - 2026-08-31T20:27:03.602Z - [REQUEST]: Responding to the client. recordOutputsHash
[NX Daemon Server] - 2026-08-31T20:27:03.602Z - Done responding to the client recordOutputsHash
[NX Daemon Server] - 2026-08-31T20:27:03.602Z - Handled RECORD_OUTPUTS_HASH. Handling time: 2. Response time: 0.
[NX Daemon Server] - 2026-08-31T20:27:03.906Z - [WATCHER]: Processing file changes in outputs
[NX Daemon Server] - 2026-08-31T20:27:03.907Z - [WATCHER]: 119 file(s) created or restored, 6 file(s) modified, 73 file(s) deleted
[NX Daemon Server] - 2026-08-31T20:27:03.921Z - [REQUEST]: Responding to the client. recordOutputsHash
[NX Daemon Server] - 2026-08-31T20:27:03.921Z - Done responding to the client recordOutputsHash
[NX Daemon Server] - 2026-08-31T20:27:03.921Z - Handled RECORD_OUTPUTS_HASH. Handling time: 0. Response time: 0.
[NX Daemon Server] - 2026-08-31T20:27:03.930Z - [REQUEST]: Responding to the client. handleRecordTaskRuns
[NX Daemon Server] - 2026-08-31T20:27:03.931Z - Done responding to the client handleRecordTaskRuns
[NX Daemon Server] - 2026-08-31T20:27:03.931Z - Handled RECORD_TASK_RUNS. Handling time: 7. Response time: 1.
[NX Daemon Server] - 2026-08-31T20:27:03.931Z - [REQUEST]: Responding to the client. handleGetFlakyTasks
[NX Daemon Server] - 2026-08-31T20:27:03.931Z - Done responding to the client handleGetFlakyTasks
[NX Daemon Server] - 2026-08-31T20:27:03.931Z - Handled GET_FLAKY_TASKS. Handling time: 0. Response time: 0.
[NX Daemon Server] - 2026-08-31T20:27:03.995Z - [WATCHER]: 0 file(s) created or restored, 0 file(s) modified, 6 file(s) deleted
[NX Daemon Server] - 2026-08-31T20:27:03.995Z - [WATCHER]: Processing file changes in outputs
[NX Daemon Server] - 2026-08-31T20:27:04.015Z - [REQUEST]: Updated workspace context based on watched changes, recomputing project graph...
[NX Daemon Server] - 2026-08-31T20:27:04.016Z - [REQUEST]: dist/packages/angular/esm2022/center/index.mjs,dist/packages/angular/esm2022/glowing-sea-studio-erebus-angular.mjs,dist/packages/angular/esm2022/tabs/tabs.component.mjs,dist/packages/angular/modal/modal.component.d.ts,dist/packages/angular/esm2022/checkbox/checkbox.component.mjs,dist/packages/angular/esm2022/scroll-area/scroll-area.component.mjs,dist/packages/angular/esm2022/spacer/index.mjs,dist/packages/angular/esm2022/input/input-wrapper.component.mjs,dist/packages/angular/esm2022/menu/index.mjs,dist/packages/angular/esm2022/modal/index.mjs,dist/packages/angular/esm2022/center/center.component.mjs,dist/packages/angular/radio/index.d.ts,dist/packages/angular/esm2022/stack/index.mjs,dist/packages/angular/panel/panel.component.d.ts,dist/packages/angular/esm2022/grid/grid.component.mjs,dist/packages/angular/scroll-area/index.d.ts,packages/react/dist/index.js.map,dist/packages/angular/footer/index.d.ts,dist/packages/angular/spacer/index.d.ts,dist/packages/angular/split/index.d.ts,dist/packages/angular/split/split.component.d.ts,dist/packages/angular/card/card.component.d.ts,dist/packages/angular/checkbox/index.d.ts,dist/packages/angular/esm2022/radio/radio.component.mjs,dist/packages/angular/stack/index.d.ts,dist/packages/angular/stack/stack.component.d.ts,dist/packages/angular/textarea/index.d.ts,dist/packages/angular/radio/radio.component.d.ts,dist/packages/angular/aspect-ratio/aspect-ratio.component.d.ts,dist/packages/angular/esm2022/aspect-ratio/index.mjs,dist/packages/angular/esm2022/scroll-area/index.mjs,dist/packages/angular/tabs/index.d.ts,dist/packages/angular/container/container.component.d.ts,dist/packages/angular/input/input-wrapper.component.d.ts,dist/packages/angular/inline/inline.component.d.ts,dist/packages/angular/esm2022/textarea/textarea.directive.mjs,dist/packages/angular/esm2022/utils.mjs,dist/packages/angular/flex/flex.component.d.ts,dist/packages/angular/esm2022/split/index.mjs,dist/packages/angular/esm2022/alert/alert.component.mjs,dist/packages/angular/inline/index.d.ts,dist/packages/angular/esm2022/input/index.mjs,dist/packages/angular/esm2022/input/input.directive.mjs,dist/packages/angular/switch/index.d.ts,dist/packages/angular/esm2022/card/index.mjs,dist/packages/angular/package.json,dist/packages/angular/esm2022/inline/index.mjs,dist/packages/angular/esm2022/menu/menu.component.mjs,dist/packages/angular/esm2022/button/button.directive.mjs,dist/packages/angular/esm2022/spacer/spacer.component.mjs,packages/react/dist/index.js,dist/packages/angular/esm2022/section/section.component.mjs,packages/react/dist/index.mjs,dist/packages/angular/esm2022/container/container.component.mjs,dist/packages/angular/header/index.d.ts,dist/packages/angular/grid/index.d.ts,dist/packages/angular/alert/index.d.ts,dist/packages/angular/input/input.directive.d.ts,dist/packages/angular/esm2022/button/index.mjs,dist/packages/angular/scroll-area/scroll-area.component.d.ts,dist/packages/angular/spacer/spacer.component.d.ts,dist/packages/angular/grid/grid-item.component.d.ts,dist/packages/angular/menu/index.d.ts,dist/packages/angular/esm2022/textarea/index.mjs,dist/packages/angular/header/header.component.d.ts,dist/packages/angular/container/index.d.ts,dist/packages/angular/esm2022/radio/index.mjs,dist/packages/angular/index.d.ts,dist/packages/angular/section/index.d.ts,dist/packages/angular/esm2022/grid/grid-item.component.mjs,dist/packages/angular/esm2022/split/split.component.mjs,dist/packages/angular/flex/index.d.ts,dist/packages/angular/.npmignore,dist/packages/angular/esm2022/container/index.mjs,dist/packages/angular/esm2022/index.mjs,dist/packages/angular/esm2022/aspect-ratio/aspect-ratio.component.mjs,dist/packages/angular/tabs/tabs.component.d.ts,dist/packages/angular/modal/index.d.ts,dist/packages/angular/esm2022/panel/panel.component.mjs,packages/react/dist/index.d.mts,dist/packages/angular/section/section.component.d.ts,dist/packages/angular/button/index.d.ts,dist/packages/angular/textarea/textarea.directive.d.ts,dist/packages/angular/esm2022/switch/switch.component.mjs,dist/packages/angular/input/index.d.ts,dist/packages/angular/esm2022/header/index.mjs,dist/packages/angular/esm2022/card/card.component.mjs,dist/packages/angular/fesm2022/glowing-sea-studio-erebus-angular.mjs,dist/packages/angular/esm2022/panel/index.mjs,dist/packages/angular/esm2022/stack/stack.component.mjs,dist/packages/angular/esm2022/alert/index.mjs,dist/packages/angular/esm2022/footer/index.mjs,dist/packages/angular/panel/index.d.ts,dist/packages/angular/footer/footer.component.d.ts,dist/packages/angular/grid/grid.component.d.ts,dist/packages/angular/switch/switch.component.d.ts,dist/packages/angular/esm2022/flex/flex.component.mjs,dist/packages/angular/aspect-ratio/index.d.ts,dist/packages/angular/esm2022/checkbox/index.mjs,dist/packages/angular/esm2022/grid/index.mjs,dist/packages/angular/checkbox/checkbox.component.d.ts,dist/packages/angular/center/index.d.ts,dist/packages/angular/esm2022/modal/modal.component.mjs,dist/packages/angular/esm2022/switch/index.mjs,dist/packages/angular/menu/menu.component.d.ts,dist/packages/angular/utils.d.ts,dist/packages/angular/center/center.component.d.ts,dist/packages/angular/fesm2022/glowing-sea-studio-erebus-angular.mjs.map,dist/packages/angular/esm2022/flex/index.mjs,dist/packages/angular/esm2022/inline/inline.component.mjs,dist/packages/angular/button/button.directive.d.ts,dist/packages/angular/esm2022/header/header.component.mjs,dist/packages/angular/esm2022/tabs/index.mjs,dist/packages/angular/alert/alert.component.d.ts,dist/packages/angular/esm2022/section/index.mjs,packages/react/dist/index.mjs.map,packages/react/dist/index.d.ts,dist/packages/angular/esm2022/footer/footer.component.mjs,dist/packages/angular/card/index.d.ts,packages/tokens/dist/json/tokens.json,packages/angular/src/radio/radio.component.ts,packages/tokens/dist/css/variables.css,packages/angular/src/switch/switch.component.ts,packages/tokens/dist/js/tokens.ts,packages/angular/src/checkbox/checkbox.component.ts
[NX Daemon Server] - 2026-08-31T20:27:04.016Z - [REQUEST]: _tmp_295063_11cb69e8,_tmp_296933_119396f4,_tmp_295702_1d006170,_tmp_295063_11ccbb55,packages/react/_tmp_297088_1e14b501,packages/tokens/_tmp_296744_24480a88,_tmp_296671_1ac76532,_tmp_294899_27a58a96,_tmp_295275_09792085,_tmp_295702_1cf52ea9,_tmp_296539_379b17d5,_tmp_295063_11c86617,packages/tokens/_tmp_296744_24515770,packages/angular/_tmp_297038_1b9b42c6,_tmp_296934_119073c6,_tmp_296933_1195eaab,packages/react/_tmp_297088_1e1aa455,_tmp_295275_097a8318,_tmp_296539_3796293a,packages/angular/_tmp_297038_1b9e074e,_tmp_296539_379822fb,_tmp_296671_1ac05c60,packages/react/_tmp_297088_1e10e142,packages/tokens/_tmp_296744_2444efb6,packages/tokens/_tmp_296744_24496452,_tmp_296934_119271bf,_tmp_296934_1193fe97,_tmp_294899_27a1d0db,packages/react/tsup.config.bundled_et68qhtpjh8.mjs,packages/angular/_tmp_297038_1b97599f,_tmp_295275_0974a8aa,packages/angular/_tmp_297038_1b9c79a4,_tmp_295275_097ca515,packages/tokens/_tmp_296744_244dd8da,_tmp_295275_0977c765,_tmp_296539_37937876,packages/angular/_tmp_297038_1b9a20a7,_tmp_296934_11972477,packages/angular/_tmp_297038_1ba2d7e9,_tmp_296671_1abbf70b,_tmp_294899_27a9263d,packages/react/_tmp_297088_1e17b79b,_tmp_294899_279ca5dc,_tmp_296933_119095fe,_tmp_296671_1ac4013f,_tmp_295278_09893c82,_tmp_295702_1cf97807,_tmp_296539_3794de02,_tmp_295278_098b2c43,_tmp_295278_098c5b29,_tmp_296933_11977977,packages/react/_tmp_297088_1e160917,_tmp_296671_1ac1b634,_tmp_295278_098fe7d9,_tmp_295702_1cfc64f3,_tmp_295063_11d35310,packages/react/_tmp_297088_1e139ac6,_tmp_296934_118da3ae,_tmp_295278_098ddcb7,_tmp_296539_37908a5e,packages/tokens/_tmp_296744_244b377a,_tmp_295702_1cf0dd35,_tmp_295063_11ce02e1,_tmp_294899_27a031ed,_tmp_295702_1cf6eec1,_tmp_294899_27a357b9,_tmp_295278_0992ea4b,_tmp_296934_119b806d,_tmp_296933_119ebcaf,_tmp_295063_11cfea82,_tmp_296933_1199fc0f,_tmp_295275_09802546,_tmp_296671_1abee568,_tmp_297353_383c7a50,_tmp_297353_38301d5e,_tmp_297353_38362f1c,_tmp_297353_38392a54,_tmp_297353_383404af,_tmp_297353_38418083
[NX Daemon Server] - 2026-08-31T20:27:04.020Z - [REQUEST]: Responding to the client. handleHashGlob
[NX Daemon Server] - 2026-08-31T20:27:04.020Z - Done responding to the client handleHashGlob
[NX Daemon Server] - 2026-08-31T20:27:04.020Z - Handled HASH_GLOB. Handling time: 0. Response time: 0.
[NX Daemon Server] - 2026-08-31T20:27:04.021Z - Time taken for 'hash changed files from watcher' 5.572304000001168ms
[NX Daemon Server] - 2026-08-31T20:27:04.021Z - [REQUEST]: Responding to the client. handleHashGlob
[NX Daemon Server] - 2026-08-31T20:27:04.022Z - Done responding to the client handleHashGlob
[NX Daemon Server] - 2026-08-31T20:27:04.022Z - Handled HASH_GLOB. Handling time: 0. Response time: 1.
[NX Daemon Server] - 2026-08-31T20:27:04.043Z - Time taken for 'build-project-configs' 19.77709500000128ms
[NX Daemon Server] - 2026-08-31T20:27:04.047Z - Time taken for '@nx/storybook/plugin:createDependencies' 8.422913000002154ms
[NX Daemon Server] - 2026-08-31T20:27:04.095Z - [SYNC]: collect registered sync generators
[NX Daemon Server] - 2026-08-31T20:27:04.095Z - [SYNC]: project graph hash is the same, not collecting task sync generators
[NX Daemon Server] - 2026-08-31T20:27:04.095Z - [SYNC]: nx.json hash is the same, not collecting global sync generators
[NX Daemon Server] - 2026-08-31T20:27:04.095Z - Time taken for 'total execution time for createProjectGraph()' 43.4271090000002ms
[NX Daemon Server] - 2026-08-31T20:27:04.096Z - Closed a connection. Number of open connections: 1
[NX Daemon Server] - 2026-08-31T20:27:11.451Z - [WATCHER]: 0 file(s) created or restored, 0 file(s) modified, 6 file(s) deleted
[NX Daemon Server] - 2026-08-31T20:27:11.451Z - [WATCHER]: Processing file changes in outputs
[NX Daemon Server] - 2026-08-31T20:27:11.653Z - [REQUEST]: Updated workspace context based on watched changes, recomputing project graph...
[NX Daemon Server] - 2026-08-31T20:27:11.653Z - [REQUEST]: 
[NX Daemon Server] - 2026-08-31T20:27:11.653Z - [REQUEST]: _tmp_297892_17d340c9,_tmp_297892_17ced60f,_tmp_297892_17cb9121,_tmp_297892_17d09baa,_tmp_297892_17daaf53,_tmp_297892_17d649d5
[NX Daemon Server] - 2026-08-31T20:27:11.656Z - [REQUEST]: Responding to the client. handleHashGlob
[NX Daemon Server] - 2026-08-31T20:27:11.656Z - Done responding to the client handleHashGlob
[NX Daemon Server] - 2026-08-31T20:27:11.657Z - Handled HASH_GLOB. Handling time: 0. Response time: 1.
[NX Daemon Server] - 2026-08-31T20:27:11.657Z - Time taken for 'hash changed files from watcher' 0.3576180000018212ms
[NX Daemon Server] - 2026-08-31T20:27:11.657Z - [REQUEST]: Responding to the client. handleHashGlob
[NX Daemon Server] - 2026-08-31T20:27:11.658Z - Done responding to the client handleHashGlob
[NX Daemon Server] - 2026-08-31T20:27:11.658Z - Handled HASH_GLOB. Handling time: 0. Response time: 1.
[NX Daemon Server] - 2026-08-31T20:27:11.673Z - Time taken for 'build-project-configs' 13.339882000000216ms
[NX Daemon Server] - 2026-08-31T20:27:11.677Z - Time taken for '@nx/storybook/plugin:createDependencies' 7.754268000000593ms
[NX Daemon Server] - 2026-08-31T20:27:11.703Z - [SYNC]: collect registered sync generators
[NX Daemon Server] - 2026-08-31T20:27:11.703Z - [SYNC]: project graph hash is the same, not collecting task sync generators
[NX Daemon Server] - 2026-08-31T20:27:11.703Z - [SYNC]: nx.json hash is the same, not collecting global sync generators
[NX Daemon Server] - 2026-08-31T20:27:11.704Z - Time taken for 'total execution time for createProjectGraph()' 22.811885999999504ms
[NX Daemon Server] - 2026-08-31T20:27:11.714Z - Established a connection. Number of open connections: 2
[NX Daemon Server] - 2026-08-31T20:27:11.715Z - Closed a connection. Number of open connections: 1
[NX Daemon Server] - 2026-08-31T20:27:11.715Z - Established a connection. Number of open connections: 2
[NX Daemon Server] - 2026-08-31T20:27:11.716Z - [REQUEST]: Client Request for Project Graph Received
[NX Daemon Server] - 2026-08-31T20:27:11.717Z - [REQUEST]: Responding to the client. project-graph
[NX Daemon Server] - 2026-08-31T20:27:11.718Z - Time taken for 'total for creating and serializing project graph' 0.3543570000001637ms
[NX Daemon Server] - 2026-08-31T20:27:11.718Z - Done responding to the client project-graph
[NX Daemon Server] - 2026-08-31T20:27:11.719Z - Handled REQUEST_PROJECT_GRAPH. Handling time: 1. Response time: 2.
[NX Daemon Server] - 2026-08-31T20:27:11.758Z - [REQUEST]: Responding to the client. handleHashTasks
[NX Daemon Server] - 2026-08-31T20:27:11.758Z - Done responding to the client handleHashTasks
[NX Daemon Server] - 2026-08-31T20:27:11.758Z - Handled HASH_TASKS. Handling time: 11. Response time: 0.
[NX Daemon Server] - 2026-08-31T20:27:11.775Z - [REQUEST]: Responding to the client. handleGetEstimatedTaskTimings
[NX Daemon Server] - 2026-08-31T20:27:11.775Z - Done responding to the client handleGetEstimatedTaskTimings
[NX Daemon Server] - 2026-08-31T20:27:11.775Z - Handled GET_ESTIMATED_TASK_TIMINGS. Handling time: 1. Response time: 0.
[NX Daemon Server] - 2026-08-31T20:27:12.856Z - [WATCHER]: Processing file changes in outputs
[NX Daemon Server] - 2026-08-31T20:27:13.688Z - [WATCHER]: Processing file changes in outputs
[NX Daemon Server] - 2026-08-31T20:27:13.757Z - [WATCHER]: 0 file(s) created or restored, 0 file(s) modified, 6 file(s) deleted
[NX Daemon Server] - 2026-08-31T20:27:13.757Z - [WATCHER]: Processing file changes in outputs
[NX Daemon Server] - 2026-08-31T20:27:13.845Z - [WATCHER]: Processing file changes in outputs
[NX Daemon Server] - 2026-08-31T20:27:13.858Z - [REQUEST]: Updated workspace context based on watched changes, recomputing project graph...
[NX Daemon Server] - 2026-08-31T20:27:13.858Z - [REQUEST]: 
[NX Daemon Server] - 2026-08-31T20:27:13.858Z - [REQUEST]: packages/react/_tmp_298180_2a0a9ec8,packages/react/_tmp_298180_2a0fa195,packages/react/_tmp_298180_2a052ac7,packages/react/_tmp_298180_2a009281,packages/react/_tmp_298180_2a03a259,packages/react/_tmp_298180_2a07d393
[NX Daemon Server] - 2026-08-31T20:27:13.861Z - [REQUEST]: Responding to the client. handleHashGlob
[NX Daemon Server] - 2026-08-31T20:27:13.861Z - Done responding to the client handleHashGlob
[NX Daemon Server] - 2026-08-31T20:27:13.861Z - Handled HASH_GLOB. Handling time: 0. Response time: 0.
[NX Daemon Server] - 2026-08-31T20:27:13.861Z - Time taken for 'hash changed files from watcher' 0.42841799999951036ms
[NX Daemon Server] - 2026-08-31T20:27:13.862Z - [REQUEST]: Responding to the client. handleHashGlob
[NX Daemon Server] - 2026-08-31T20:27:13.862Z - Done responding to the client handleHashGlob
[NX Daemon Server] - 2026-08-31T20:27:13.862Z - Handled HASH_GLOB. Handling time: 0. Response time: 0.
[NX Daemon Server] - 2026-08-31T20:27:13.877Z - Time taken for 'build-project-configs' 12.97919499999989ms
[NX Daemon Server] - 2026-08-31T20:27:13.881Z - Time taken for '@nx/storybook/plugin:createDependencies' 7.206537000001845ms
[NX Daemon Server] - 2026-08-31T20:27:13.911Z - [SYNC]: collect registered sync generators
[NX Daemon Server] - 2026-08-31T20:27:13.911Z - [SYNC]: project graph hash is the same, not collecting task sync generators
[NX Daemon Server] - 2026-08-31T20:27:13.911Z - [SYNC]: nx.json hash is the same, not collecting global sync generators
[NX Daemon Server] - 2026-08-31T20:27:13.911Z - Time taken for 'total execution time for createProjectGraph()' 21.867246000001614ms
[NX Daemon Server] - 2026-08-31T20:27:14.035Z - [WATCHER]: Processing file changes in outputs
[NX Daemon Server] - 2026-08-31T20:27:14.108Z - [WATCHER]: Processing file changes in outputs
[NX Daemon Server] - 2026-08-31T20:27:17.669Z - [WATCHER]: Processing file changes in outputs
[NX Daemon Server] - 2026-08-31T20:27:18.147Z - [REQUEST]: Responding to the client. recordOutputsHash
[NX Daemon Server] - 2026-08-31T20:27:18.148Z - Done responding to the client recordOutputsHash
[NX Daemon Server] - 2026-08-31T20:27:18.148Z - Handled RECORD_OUTPUTS_HASH. Handling time: 4. Response time: 1.
[NX Daemon Server] - 2026-08-31T20:27:18.225Z - [REQUEST]: Responding to the client. handleRecordTaskRuns
[NX Daemon Server] - 2026-08-31T20:27:18.225Z - Done responding to the client handleRecordTaskRuns
[NX Daemon Server] - 2026-08-31T20:27:18.225Z - Handled RECORD_TASK_RUNS. Handling time: 34. Response time: 0.
[NX Daemon Server] - 2026-08-31T20:27:18.226Z - [REQUEST]: Responding to the client. handleGetFlakyTasks
[NX Daemon Server] - 2026-08-31T20:27:18.226Z - Done responding to the client handleGetFlakyTasks
[NX Daemon Server] - 2026-08-31T20:27:18.226Z - Handled GET_FLAKY_TASKS. Handling time: 0. Response time: 0.
[NX Daemon Server] - 2026-08-31T20:27:18.287Z - [WATCHER]: Processing file changes in outputs
[NX Daemon Server] - 2026-08-31T20:27:18.288Z - [WATCHER]: 0 file(s) created or restored, 0 file(s) modified, 6 file(s) deleted
[NX Daemon Server] - 2026-08-31T20:27:18.384Z - Closed a connection. Number of open connections: 1
[NX Daemon Server] - 2026-08-31T20:27:18.488Z - [REQUEST]: Updated workspace context based on watched changes, recomputing project graph...
[NX Daemon Server] - 2026-08-31T20:27:18.488Z - [REQUEST]: 
[NX Daemon Server] - 2026-08-31T20:27:18.488Z - [REQUEST]: _tmp_298545_0e2247ec,_tmp_298545_0e1c4e84,_tmp_298545_0e17d3bc,_tmp_298545_0e2837cc,_tmp_298545_0e1ab608,_tmp_298545_0e1f0c0e
[NX Daemon Server] - 2026-08-31T20:27:18.492Z - [REQUEST]: Responding to the client. handleHashGlob
[NX Daemon Server] - 2026-08-31T20:27:18.492Z - Done responding to the client handleHashGlob
[NX Daemon Server] - 2026-08-31T20:27:18.492Z - Handled HASH_GLOB. Handling time: 1. Response time: 0.
[NX Daemon Server] - 2026-08-31T20:27:18.492Z - Time taken for 'hash changed files from watcher' 0.5027909999989788ms
[NX Daemon Server] - 2026-08-31T20:27:18.493Z - [REQUEST]: Responding to the client. handleHashGlob
[NX Daemon Server] - 2026-08-31T20:27:18.493Z - Done responding to the client handleHashGlob
[NX Daemon Server] - 2026-08-31T20:27:18.493Z - Handled HASH_GLOB. Handling time: 1. Response time: 0.
[NX Daemon Server] - 2026-08-31T20:27:18.506Z - Time taken for 'build-project-configs' 12.17684900000313ms
[NX Daemon Server] - 2026-08-31T20:27:18.511Z - Time taken for '@nx/storybook/plugin:createDependencies' 7.562174999999115ms
[NX Daemon Server] - 2026-08-31T20:27:18.545Z - [SYNC]: collect registered sync generators
[NX Daemon Server] - 2026-08-31T20:27:18.545Z - [SYNC]: project graph hash is the same, not collecting task sync generators
[NX Daemon Server] - 2026-08-31T20:27:18.545Z - [SYNC]: nx.json hash is the same, not collecting global sync generators
[NX Daemon Server] - 2026-08-31T20:27:18.545Z - Time taken for 'total execution time for createProjectGraph()' 28.640604000000167ms
[NX Daemon Server] - 2026-08-31T20:27:22.384Z - [WATCHER]: 0 file(s) created or restored, 0 file(s) modified, 6 file(s) deleted
[NX Daemon Server] - 2026-08-31T20:27:22.384Z - [WATCHER]: Processing file changes in outputs
[NX Daemon Server] - 2026-08-31T20:27:22.642Z - Established a connection. Number of open connections: 2
[NX Daemon Server] - 2026-08-31T20:27:22.643Z - Closed a connection. Number of open connections: 1
[NX Daemon Server] - 2026-08-31T20:27:22.644Z - Established a connection. Number of open connections: 2
[NX Daemon Server] - 2026-08-31T20:27:22.645Z - [REQUEST]: Client Request for Project Graph Received
[NX Daemon Server] - 2026-08-31T20:27:22.646Z - [REQUEST]: Updated workspace context based on watched changes, recomputing project graph...
[NX Daemon Server] - 2026-08-31T20:27:22.646Z - [REQUEST]: 
[NX Daemon Server] - 2026-08-31T20:27:22.646Z - [REQUEST]: _tmp_298870_13c6c073,_tmp_298870_13cc6372,_tmp_298870_13d23a3e,_tmp_298870_13d68b08,_tmp_298870_13ca6b10,_tmp_298870_13cf0c2a
[NX Daemon Server] - 2026-08-31T20:27:22.649Z - Time taken for 'hash changed files from watcher' 0.357467000001634ms
[NX Daemon Server] - 2026-08-31T20:27:22.650Z - [REQUEST]: Responding to the client. handleHashGlob
[NX Daemon Server] - 2026-08-31T20:27:22.650Z - Done responding to the client handleHashGlob
[NX Daemon Server] - 2026-08-31T20:27:22.650Z - Handled HASH_GLOB. Handling time: 0. Response time: 0.
[NX Daemon Server] - 2026-08-31T20:27:22.651Z - [REQUEST]: Responding to the client. handleHashGlob
[NX Daemon Server] - 2026-08-31T20:27:22.651Z - Done responding to the client handleHashGlob
[NX Daemon Server] - 2026-08-31T20:27:22.651Z - Handled HASH_GLOB. Handling time: 0. Response time: 0.
[NX Daemon Server] - 2026-08-31T20:27:22.663Z - Time taken for 'build-project-configs' 12.30722099999548ms
[NX Daemon Server] - 2026-08-31T20:27:22.668Z - Time taken for '@nx/storybook/plugin:createDependencies' 6.794237999994948ms
[NX Daemon Server] - 2026-08-31T20:27:22.692Z - [SYNC]: collect registered sync generators
[NX Daemon Server] - 2026-08-31T20:27:22.692Z - [SYNC]: project graph hash is the same, not collecting task sync generators
[NX Daemon Server] - 2026-08-31T20:27:22.692Z - [SYNC]: nx.json hash is the same, not collecting global sync generators
[NX Daemon Server] - 2026-08-31T20:27:22.692Z - [REQUEST]: Responding to the client. project-graph
[NX Daemon Server] - 2026-08-31T20:27:22.693Z - Time taken for 'total for creating and serializing project graph' 46.52083699999639ms
[NX Daemon Server] - 2026-08-31T20:27:22.694Z - Done responding to the client project-graph
[NX Daemon Server] - 2026-08-31T20:27:22.694Z - Handled REQUEST_PROJECT_GRAPH. Handling time: 47. Response time: 2.
[NX Daemon Server] - 2026-08-31T20:27:22.735Z - [REQUEST]: Responding to the client. handleHashTasks
[NX Daemon Server] - 2026-08-31T20:27:22.735Z - Done responding to the client handleHashTasks
[NX Daemon Server] - 2026-08-31T20:27:22.735Z - Handled HASH_TASKS. Handling time: 11. Response time: 0.
[NX Daemon Server] - 2026-08-31T20:27:22.750Z - [REQUEST]: Responding to the client. handleGetEstimatedTaskTimings
[NX Daemon Server] - 2026-08-31T20:27:22.750Z - Done responding to the client handleGetEstimatedTaskTimings
[NX Daemon Server] - 2026-08-31T20:27:22.750Z - Handled GET_ESTIMATED_TASK_TIMINGS. Handling time: 0. Response time: 0.
[NX Daemon Server] - 2026-08-31T20:27:23.029Z - Established a connection. Number of open connections: 3
[NX Daemon Server] - 2026-08-31T20:27:23.029Z - Closed a connection. Number of open connections: 2
[NX Daemon Server] - 2026-08-31T20:27:23.029Z - Established a connection. Number of open connections: 3
[NX Daemon Server] - 2026-08-31T20:27:23.030Z - [REQUEST]: Client Request for Project Graph Received
[NX Daemon Server] - 2026-08-31T20:27:23.030Z - [REQUEST]: Responding to the client. project-graph
[NX Daemon Server] - 2026-08-31T20:27:23.031Z - Time taken for 'total for creating and serializing project graph' 0.20399400000314927ms
[NX Daemon Server] - 2026-08-31T20:27:23.032Z - Done responding to the client project-graph
[NX Daemon Server] - 2026-08-31T20:27:23.032Z - Handled REQUEST_PROJECT_GRAPH. Handling time: 0. Response time: 2.
[NX Daemon Server] - 2026-08-31T20:27:23.785Z - [WATCHER]: Processing file changes in outputs
[NX Daemon Server] - 2026-08-31T20:27:25.097Z - [WATCHER]: Processing file changes in outputs
[NX Daemon Server] - 2026-08-31T20:27:25.941Z - [WATCHER]: 0 file(s) created or restored, 0 file(s) modified, 6 file(s) deleted
[NX Daemon Server] - 2026-08-31T20:27:25.942Z - [WATCHER]: Processing file changes in outputs
[NX Daemon Server] - 2026-08-31T20:27:26.042Z - [REQUEST]: Updated workspace context based on watched changes, recomputing project graph...
[NX Daemon Server] - 2026-08-31T20:27:26.042Z - [REQUEST]: 
[NX Daemon Server] - 2026-08-31T20:27:26.042Z - [REQUEST]: _tmp_299245_34f5c16a,_tmp_299245_3502e4e1,_tmp_299245_34facd15,_tmp_299245_34ffd563,_tmp_299245_34f8fd0c,_tmp_299245_34fd4c82
[NX Daemon Server] - 2026-08-31T20:27:26.046Z - [REQUEST]: Responding to the client. handleHashGlob
[NX Daemon Server] - 2026-08-31T20:27:26.046Z - Done responding to the client handleHashGlob
[NX Daemon Server] - 2026-08-31T20:27:26.046Z - Handled HASH_GLOB. Handling time: 1. Response time: 0.
[NX Daemon Server] - 2026-08-31T20:27:26.046Z - Time taken for 'hash changed files from watcher' 0.43720899999607354ms
[NX Daemon Server] - 2026-08-31T20:27:26.047Z - [REQUEST]: Responding to the client. handleHashGlob
[NX Daemon Server] - 2026-08-31T20:27:26.047Z - Done responding to the client handleHashGlob
[NX Daemon Server] - 2026-08-31T20:27:26.048Z - Handled HASH_GLOB. Handling time: 0. Response time: 1.
[NX Daemon Server] - 2026-08-31T20:27:26.066Z - Time taken for 'build-project-configs' 15.26908099999855ms
[NX Daemon Server] - 2026-08-31T20:27:26.071Z - Time taken for '@nx/storybook/plugin:createDependencies' 9.860959999998158ms
[NX Daemon Server] - 2026-08-31T20:27:26.100Z - [SYNC]: collect registered sync generators
[NX Daemon Server] - 2026-08-31T20:27:26.101Z - [SYNC]: project graph hash is the same, not collecting task sync generators
[NX Daemon Server] - 2026-08-31T20:27:26.101Z - [SYNC]: nx.json hash is the same, not collecting global sync generators
[NX Daemon Server] - 2026-08-31T20:27:26.101Z - Time taken for 'total execution time for createProjectGraph()' 27.621462999995856ms
[NX Daemon Server] - 2026-08-31T20:27:27.367Z - [WATCHER]: Processing file changes in outputs
[NX Daemon Server] - 2026-08-31T20:27:27.944Z - [WATCHER]: Processing file changes in outputs
[NX Daemon Server] - 2026-08-31T20:27:33.926Z - Closed a connection. Number of open connections: 2
[NX Daemon Server] - 2026-08-31T20:27:34.015Z - [REQUEST]: Responding to the client. recordOutputsHash
[NX Daemon Server] - 2026-08-31T20:27:34.015Z - Done responding to the client recordOutputsHash
[NX Daemon Server] - 2026-08-31T20:27:34.015Z - Handled RECORD_OUTPUTS_HASH. Handling time: 4. Response time: 0.
[NX Daemon Server] - 2026-08-31T20:27:34.037Z - [REQUEST]: Responding to the client. handleRecordTaskRuns
[NX Daemon Server] - 2026-08-31T20:27:34.037Z - Done responding to the client handleRecordTaskRuns
[NX Daemon Server] - 2026-08-31T20:27:34.037Z - Handled RECORD_TASK_RUNS. Handling time: 20. Response time: 0.
[NX Daemon Server] - 2026-08-31T20:27:34.038Z - [REQUEST]: Responding to the client. handleGetFlakyTasks
[NX Daemon Server] - 2026-08-31T20:27:34.038Z - Done responding to the client handleGetFlakyTasks
[NX Daemon Server] - 2026-08-31T20:27:34.038Z - Handled GET_FLAKY_TASKS. Handling time: 0. Response time: 0.
[NX Daemon Server] - 2026-08-31T20:27:34.101Z - [WATCHER]: 0 file(s) created or restored, 0 file(s) modified, 6 file(s) deleted
[NX Daemon Server] - 2026-08-31T20:27:34.101Z - [WATCHER]: Processing file changes in outputs
[NX Daemon Server] - 2026-08-31T20:27:34.194Z - Closed a connection. Number of open connections: 1
[NX Daemon Server] - 2026-08-31T20:27:34.301Z - [REQUEST]: Updated workspace context based on watched changes, recomputing project graph...
[NX Daemon Server] - 2026-08-31T20:27:34.301Z - [REQUEST]: 
[NX Daemon Server] - 2026-08-31T20:27:34.301Z - [REQUEST]: _tmp_299810_02ecefd6,_tmp_299810_02ea4494,_tmp_299810_02e69dd5,_tmp_299810_02f2bac2,_tmp_299810_02f85123,_tmp_299810_02ef627d
[NX Daemon Server] - 2026-08-31T20:27:34.304Z - [REQUEST]: Responding to the client. handleHashGlob
[NX Daemon Server] - 2026-08-31T20:27:34.305Z - Done responding to the client handleHashGlob
[NX Daemon Server] - 2026-08-31T20:27:34.305Z - Handled HASH_GLOB. Handling time: 0. Response time: 1.
[NX Daemon Server] - 2026-08-31T20:27:34.305Z - Time taken for 'hash changed files from watcher' 0.3619170000019949ms
[NX Daemon Server] - 2026-08-31T20:27:34.306Z - [REQUEST]: Responding to the client. handleHashGlob
[NX Daemon Server] - 2026-08-31T20:27:34.306Z - Done responding to the client handleHashGlob
[NX Daemon Server] - 2026-08-31T20:27:34.306Z - Handled HASH_GLOB. Handling time: 1. Response time: 0.
[NX Daemon Server] - 2026-08-31T20:27:34.320Z - Time taken for 'build-project-configs' 12.692208000000392ms
[NX Daemon Server] - 2026-08-31T20:27:34.323Z - Time taken for '@nx/storybook/plugin:createDependencies' 6.406990000003134ms
[NX Daemon Server] - 2026-08-31T20:27:34.347Z - [SYNC]: collect registered sync generators
[NX Daemon Server] - 2026-08-31T20:27:34.348Z - [SYNC]: project graph hash is the same, not collecting task sync generators
[NX Daemon Server] - 2026-08-31T20:27:34.348Z - [SYNC]: nx.json hash is the same, not collecting global sync generators
[NX Daemon Server] - 2026-08-31T20:27:34.348Z - Time taken for 'total execution time for createProjectGraph()' 19.084427000001597ms
[NX Daemon Server] - 2026-08-31T20:27:41.195Z - [WATCHER]: 0 file(s) created or restored, 3 file(s) modified, 0 file(s) deleted
[NX Daemon Server] - 2026-08-31T20:27:41.196Z - [WATCHER]: Processing file changes in outputs
[NX Daemon Server] - 2026-08-31T20:27:41.596Z - [REQUEST]: Updated workspace context based on watched changes, recomputing project graph...
[NX Daemon Server] - 2026-08-31T20:27:41.596Z - [REQUEST]: packages/angular/src/radio/radio.component.ts,packages/angular/src/checkbox/checkbox.component.ts,packages/angular/src/switch/switch.component.ts
[NX Daemon Server] - 2026-08-31T20:27:41.596Z - [REQUEST]: 
[NX Daemon Server] - 2026-08-31T20:27:41.598Z - [REQUEST]: Responding to the client. handleHashGlob
[NX Daemon Server] - 2026-08-31T20:27:41.599Z - Done responding to the client handleHashGlob
[NX Daemon Server] - 2026-08-31T20:27:41.599Z - Handled HASH_GLOB. Handling time: 0. Response time: 1.
[NX Daemon Server] - 2026-08-31T20:27:41.599Z - Time taken for 'hash changed files from watcher' 0.5240800000028685ms
[NX Daemon Server] - 2026-08-31T20:27:41.600Z - [REQUEST]: Responding to the client. handleHashGlob
[NX Daemon Server] - 2026-08-31T20:27:41.600Z - Done responding to the client handleHashGlob
[NX Daemon Server] - 2026-08-31T20:27:41.600Z - Handled HASH_GLOB. Handling time: 1. Response time: 0.
[NX Daemon Server] - 2026-08-31T20:27:41.613Z - Time taken for 'build-project-configs' 12.28821899999457ms
[NX Daemon Server] - 2026-08-31T20:27:41.617Z - Time taken for '@nx/storybook/plugin:createDependencies' 6.284647999993467ms
[NX Daemon Server] - 2026-08-31T20:27:41.653Z - [SYNC]: collect registered sync generators
[NX Daemon Server] - 2026-08-31T20:27:41.653Z - [SYNC]: project graph hash is the same, not collecting task sync generators
[NX Daemon Server] - 2026-08-31T20:27:41.653Z - [SYNC]: nx.json hash is the same, not collecting global sync generators
[NX Daemon Server] - 2026-08-31T20:27:41.653Z - Time taken for 'total execution time for createProjectGraph()' 31.64563199999975ms
[NX Daemon Server] - 2026-08-31T21:38:52.800Z - [WATCHER]: 7 file(s) created or restored, 1 file(s) modified, 0 file(s) deleted
[NX Daemon Server] - 2026-08-31T21:38:52.801Z - [WATCHER]: Processing file changes in outputs
[NX Daemon Server] - 2026-08-31T21:38:52.901Z - [REQUEST]: Updated workspace context based on watched changes, recomputing project graph...
[NX Daemon Server] - 2026-08-31T21:38:52.902Z - [REQUEST]: packages/core/src/components/number-input.css,packages/core/src/components/search-input.css,packages/tokens/src/component/search-input.json,packages/core/src/components/select.css,packages/tokens/src/component/number-input.json,create_lot3_part2.py,packages/tokens/src/component/select.json,packages/core/src/components/index.css
[NX Daemon Server] - 2026-08-31T21:38:52.902Z - [REQUEST]: 
[NX Daemon Server] - 2026-08-31T21:38:52.905Z - [REQUEST]: Responding to the client. handleHashGlob
[NX Daemon Server] - 2026-08-31T21:38:52.906Z - Done responding to the client handleHashGlob
[NX Daemon Server] - 2026-08-31T21:38:52.906Z - Handled HASH_GLOB. Handling time: 0. Response time: 1.
[NX Daemon Server] - 2026-08-31T21:38:52.906Z - Time taken for 'hash changed files from watcher' 0.6165030002593994ms
[NX Daemon Server] - 2026-08-31T21:38:52.907Z - [REQUEST]: Responding to the client. handleHashGlob
[NX Daemon Server] - 2026-08-31T21:38:52.907Z - Done responding to the client handleHashGlob
[NX Daemon Server] - 2026-08-31T21:38:52.907Z - Handled HASH_GLOB. Handling time: 1. Response time: 0.
[NX Daemon Server] - 2026-08-31T21:38:52.924Z - Time taken for 'build-project-configs' 15.832390000112355ms
[NX Daemon Server] - 2026-08-31T21:38:52.928Z - Time taken for '@nx/storybook/plugin:createDependencies' 7.733861000277102ms
[NX Daemon Server] - 2026-08-31T21:38:52.973Z - [SYNC]: collect registered sync generators
[NX Daemon Server] - 2026-08-31T21:38:52.973Z - [SYNC]: project graph hash is the same, not collecting task sync generators
[NX Daemon Server] - 2026-08-31T21:38:52.974Z - [SYNC]: nx.json hash is the same, not collecting global sync generators
[NX Daemon Server] - 2026-08-31T21:38:52.974Z - Time taken for 'total execution time for createProjectGraph()' 37.98996200039983ms
[NX Daemon Server] - 2026-08-31T21:38:56.689Z - [WATCHER]: 0 file(s) created or restored, 0 file(s) modified, 6 file(s) deleted
[NX Daemon Server] - 2026-08-31T21:38:56.689Z - [WATCHER]: Processing file changes in outputs
[NX Daemon Server] - 2026-08-31T21:38:56.890Z - [REQUEST]: Updated workspace context based on watched changes, recomputing project graph...
[NX Daemon Server] - 2026-08-31T21:38:56.890Z - [REQUEST]: 
[NX Daemon Server] - 2026-08-31T21:38:56.890Z - [REQUEST]: _tmp_530855_26085cef,_tmp_530855_25fd3ba8,_tmp_530855_25fa28a5,_tmp_530855_2600338e,_tmp_530855_25f66378,_tmp_530855_26033dc6
[NX Daemon Server] - 2026-08-31T21:38:56.893Z - [REQUEST]: Responding to the client. handleHashGlob
[NX Daemon Server] - 2026-08-31T21:38:56.893Z - Done responding to the client handleHashGlob
[NX Daemon Server] - 2026-08-31T21:38:56.893Z - Handled HASH_GLOB. Handling time: 1. Response time: 0.
[NX Daemon Server] - 2026-08-31T21:38:56.893Z - Time taken for 'hash changed files from watcher' 0.42804899998009205ms
[NX Daemon Server] - 2026-08-31T21:38:56.894Z - [REQUEST]: Responding to the client. handleHashGlob
[NX Daemon Server] - 2026-08-31T21:38:56.894Z - Done responding to the client handleHashGlob
[NX Daemon Server] - 2026-08-31T21:38:56.894Z - Handled HASH_GLOB. Handling time: 1. Response time: 0.
[NX Daemon Server] - 2026-08-31T21:38:56.911Z - Time taken for 'build-project-configs' 15.629534999839962ms
[NX Daemon Server] - 2026-08-31T21:38:56.915Z - Time taken for '@nx/storybook/plugin:createDependencies' 6.184518999420106ms
[NX Daemon Server] - 2026-08-31T21:38:56.939Z - [SYNC]: collect registered sync generators
[NX Daemon Server] - 2026-08-31T21:38:56.939Z - [SYNC]: project graph hash is the same, not collecting task sync generators
[NX Daemon Server] - 2026-08-31T21:38:56.939Z - [SYNC]: nx.json hash is the same, not collecting global sync generators
[NX Daemon Server] - 2026-08-31T21:38:56.939Z - Time taken for 'total execution time for createProjectGraph()' 18.718760000541806ms
[NX Daemon Server] - 2026-08-31T21:38:56.966Z - Established a connection. Number of open connections: 2
[NX Daemon Server] - 2026-08-31T21:38:56.966Z - Closed a connection. Number of open connections: 1
[NX Daemon Server] - 2026-08-31T21:38:56.966Z - Established a connection. Number of open connections: 2
[NX Daemon Server] - 2026-08-31T21:38:56.967Z - [REQUEST]: Client Request for Project Graph Received
[NX Daemon Server] - 2026-08-31T21:38:56.968Z - [REQUEST]: Responding to the client. project-graph
[NX Daemon Server] - 2026-08-31T21:38:56.968Z - Time taken for 'total for creating and serializing project graph' 0.24490499962121248ms
[NX Daemon Server] - 2026-08-31T21:38:56.969Z - Done responding to the client project-graph
[NX Daemon Server] - 2026-08-31T21:38:56.969Z - Handled REQUEST_PROJECT_GRAPH. Handling time: 1. Response time: 1.
[NX Daemon Server] - 2026-08-31T21:38:57.004Z - [REQUEST]: Responding to the client. handleHashTasks
[NX Daemon Server] - 2026-08-31T21:38:57.005Z - Done responding to the client handleHashTasks
[NX Daemon Server] - 2026-08-31T21:38:57.005Z - Handled HASH_TASKS. Handling time: 10. Response time: 1.
[NX Daemon Server] - 2026-08-31T21:38:57.023Z - [REQUEST]: Responding to the client. handleGetEstimatedTaskTimings
[NX Daemon Server] - 2026-08-31T21:38:57.023Z - Done responding to the client handleGetEstimatedTaskTimings
[NX Daemon Server] - 2026-08-31T21:38:57.023Z - Handled GET_ESTIMATED_TASK_TIMINGS. Handling time: 1. Response time: 0.
[NX Daemon Server] - 2026-08-31T21:38:57.212Z - [WATCHER]: 0 file(s) created or restored, 0 file(s) modified, 6 file(s) deleted
[NX Daemon Server] - 2026-08-31T21:38:57.212Z - [WATCHER]: Processing file changes in outputs
[NX Daemon Server] - 2026-08-31T21:38:57.312Z - [REQUEST]: Updated workspace context based on watched changes, recomputing project graph...
[NX Daemon Server] - 2026-08-31T21:38:57.312Z - [REQUEST]: 
[NX Daemon Server] - 2026-08-31T21:38:57.312Z - [REQUEST]: _tmp_531042_0991f05c,_tmp_531042_09870b0b,_tmp_531042_098b473f,_tmp_531042_098daaf0,_tmp_531042_09840475,_tmp_531042_0988b26a
[NX Daemon Server] - 2026-08-31T21:38:57.316Z - [REQUEST]: Responding to the client. handleHashGlob
[NX Daemon Server] - 2026-08-31T21:38:57.316Z - Done responding to the client handleHashGlob
[NX Daemon Server] - 2026-08-31T21:38:57.316Z - Handled HASH_GLOB. Handling time: 1. Response time: 0.
[NX Daemon Server] - 2026-08-31T21:38:57.316Z - Time taken for 'hash changed files from watcher' 0.5721319997683167ms
[NX Daemon Server] - 2026-08-31T21:38:57.317Z - [REQUEST]: Responding to the client. handleHashGlob
[NX Daemon Server] - 2026-08-31T21:38:57.317Z - Done responding to the client handleHashGlob
[NX Daemon Server] - 2026-08-31T21:38:57.317Z - Handled HASH_GLOB. Handling time: 1. Response time: 0.
[NX Daemon Server] - 2026-08-31T21:38:57.332Z - Time taken for 'build-project-configs' 13.461810999549925ms
[NX Daemon Server] - 2026-08-31T21:38:57.336Z - Time taken for '@nx/storybook/plugin:createDependencies' 7.006016000173986ms
[NX Daemon Server] - 2026-08-31T21:38:57.358Z - [SYNC]: collect registered sync generators
[NX Daemon Server] - 2026-08-31T21:38:57.358Z - [SYNC]: project graph hash is the same, not collecting task sync generators
[NX Daemon Server] - 2026-08-31T21:38:57.358Z - [SYNC]: nx.json hash is the same, not collecting global sync generators
[NX Daemon Server] - 2026-08-31T21:38:57.358Z - Time taken for 'total execution time for createProjectGraph()' 18.971295000053942ms
[NX Daemon Server] - 2026-08-31T21:38:57.370Z - [WATCHER]: 0 file(s) created or restored, 0 file(s) modified, 6 file(s) deleted
[NX Daemon Server] - 2026-08-31T21:38:57.371Z - [WATCHER]: Processing file changes in outputs
[NX Daemon Server] - 2026-08-31T21:38:57.571Z - [REQUEST]: Updated workspace context based on watched changes, recomputing project graph...
[NX Daemon Server] - 2026-08-31T21:38:57.571Z - [REQUEST]: 
[NX Daemon Server] - 2026-08-31T21:38:57.571Z - [REQUEST]: packages/tokens/_tmp_531107_12fd2137,packages/tokens/_tmp_531107_13015343,packages/tokens/_tmp_531107_12f66cb2,packages/tokens/_tmp_531107_12f38ab6,packages/tokens/_tmp_531107_12f7f3fe,packages/tokens/_tmp_531107_12fa35b3
[NX Daemon Server] - 2026-08-31T21:38:57.574Z - [REQUEST]: Responding to the client. handleHashGlob
[NX Daemon Server] - 2026-08-31T21:38:57.574Z - Done responding to the client handleHashGlob
[NX Daemon Server] - 2026-08-31T21:38:57.574Z - Handled HASH_GLOB. Handling time: 0. Response time: 0.
[NX Daemon Server] - 2026-08-31T21:38:57.574Z - Time taken for 'hash changed files from watcher' 0.4581599999219179ms
[NX Daemon Server] - 2026-08-31T21:38:57.575Z - [REQUEST]: Responding to the client. handleHashGlob
[NX Daemon Server] - 2026-08-31T21:38:57.575Z - Done responding to the client handleHashGlob
[NX Daemon Server] - 2026-08-31T21:38:57.575Z - Handled HASH_GLOB. Handling time: 0. Response time: 0.
[NX Daemon Server] - 2026-08-31T21:38:57.588Z - Time taken for 'build-project-configs' 11.94144899956882ms
[NX Daemon Server] - 2026-08-31T21:38:57.591Z - Time taken for '@nx/storybook/plugin:createDependencies' 5.804011000320315ms
[NX Daemon Server] - 2026-08-31T21:38:57.616Z - [SYNC]: collect registered sync generators
[NX Daemon Server] - 2026-08-31T21:38:57.617Z - [SYNC]: project graph hash is the same, not collecting task sync generators
[NX Daemon Server] - 2026-08-31T21:38:57.617Z - [SYNC]: nx.json hash is the same, not collecting global sync generators
[NX Daemon Server] - 2026-08-31T21:38:57.617Z - Time taken for 'total execution time for createProjectGraph()' 19.64685899950564ms
[NX Daemon Server] - 2026-08-31T21:38:57.867Z - [REQUEST]: Responding to the client. recordOutputsHash
[NX Daemon Server] - 2026-08-31T21:38:57.868Z - Done responding to the client recordOutputsHash
[NX Daemon Server] - 2026-08-31T21:38:57.868Z - Handled RECORD_OUTPUTS_HASH. Handling time: 1. Response time: 1.
[NX Daemon Server] - 2026-08-31T21:38:57.883Z - [REQUEST]: Responding to the client. handleRecordTaskRuns
[NX Daemon Server] - 2026-08-31T21:38:57.883Z - Done responding to the client handleRecordTaskRuns
[NX Daemon Server] - 2026-08-31T21:38:57.883Z - Handled RECORD_TASK_RUNS. Handling time: 12. Response time: 1.
[NX Daemon Server] - 2026-08-31T21:38:57.884Z - [REQUEST]: Responding to the client. handleGetFlakyTasks
[NX Daemon Server] - 2026-08-31T21:38:57.884Z - Done responding to the client handleGetFlakyTasks
[NX Daemon Server] - 2026-08-31T21:38:57.884Z - Handled GET_FLAKY_TASKS. Handling time: 0. Response time: 0.
[NX Daemon Server] - 2026-08-31T21:38:57.891Z - [WATCHER]: 0 file(s) created or restored, 3 file(s) modified, 0 file(s) deleted
[NX Daemon Server] - 2026-08-31T21:38:57.891Z - [WATCHER]: Processing file changes in outputs
[NX Daemon Server] - 2026-08-31T21:38:57.947Z - [WATCHER]: 0 file(s) created or restored, 0 file(s) modified, 6 file(s) deleted
[NX Daemon Server] - 2026-08-31T21:38:57.947Z - [WATCHER]: Processing file changes in outputs
[NX Daemon Server] - 2026-08-31T21:38:58.047Z - Closed a connection. Number of open connections: 1
[NX Daemon Server] - 2026-08-31T21:38:58.292Z - [REQUEST]: Updated workspace context based on watched changes, recomputing project graph...
[NX Daemon Server] - 2026-08-31T21:38:58.292Z - [REQUEST]: packages/tokens/dist/js/tokens.ts,packages/tokens/dist/json/tokens.json,packages/tokens/dist/css/variables.css
[NX Daemon Server] - 2026-08-31T21:38:58.292Z - [REQUEST]: _tmp_531207_3561ede9,_tmp_531207_3564d2bf,_tmp_531207_3567414d,_tmp_531207_355f0b57,_tmp_531207_356a5cfb,_tmp_531207_356ed47b
[NX Daemon Server] - 2026-08-31T21:38:58.295Z - [REQUEST]: Responding to the client. handleHashGlob
[NX Daemon Server] - 2026-08-31T21:38:58.295Z - Done responding to the client handleHashGlob
[NX Daemon Server] - 2026-08-31T21:38:58.295Z - Handled HASH_GLOB. Handling time: 0. Response time: 0.
[NX Daemon Server] - 2026-08-31T21:38:58.295Z - Time taken for 'hash changed files from watcher' 0.6986050000414252ms
[NX Daemon Server] - 2026-08-31T21:38:58.297Z - [REQUEST]: Responding to the client. handleHashGlob
[NX Daemon Server] - 2026-08-31T21:38:58.297Z - Done responding to the client handleHashGlob
[NX Daemon Server] - 2026-08-31T21:38:58.297Z - Handled HASH_GLOB. Handling time: 1. Response time: 0.
[NX Daemon Server] - 2026-08-31T21:38:58.310Z - Time taken for 'build-project-configs' 12.093252000398934ms
[NX Daemon Server] - 2026-08-31T21:38:58.314Z - Time taken for '@nx/storybook/plugin:createDependencies' 6.4303240003064275ms
[NX Daemon Server] - 2026-08-31T21:38:58.350Z - [SYNC]: collect registered sync generators
[NX Daemon Server] - 2026-08-31T21:38:58.350Z - [SYNC]: project graph hash is the same, not collecting task sync generators
[NX Daemon Server] - 2026-08-31T21:38:58.350Z - [SYNC]: nx.json hash is the same, not collecting global sync generators
[NX Daemon Server] - 2026-08-31T21:38:58.350Z - Time taken for 'total execution time for createProjectGraph()' 30.25797099992633ms
[NX Daemon Server] - 2026-08-31T21:39:49.406Z - [WATCHER]: 0 file(s) created or restored, 0 file(s) modified, 0 file(s) deleted
[NX Daemon Server] - 2026-08-31T21:39:50.207Z - [REQUEST]: Updated workspace context based on watched changes, recomputing project graph...
[NX Daemon Server] - 2026-08-31T21:39:50.207Z - [REQUEST]: 
[NX Daemon Server] - 2026-08-31T21:39:50.207Z - [REQUEST]: 
[NX Daemon Server] - 2026-08-31T21:39:50.210Z - [REQUEST]: Responding to the client. handleHashGlob
[NX Daemon Server] - 2026-08-31T21:39:50.211Z - Done responding to the client handleHashGlob
[NX Daemon Server] - 2026-08-31T21:39:50.211Z - Handled HASH_GLOB. Handling time: 0. Response time: 1.
[NX Daemon Server] - 2026-08-31T21:39:50.211Z - Time taken for 'hash changed files from watcher' 0.28927600011229515ms
[NX Daemon Server] - 2026-08-31T21:39:50.211Z - [REQUEST]: Responding to the client. handleHashGlob
[NX Daemon Server] - 2026-08-31T21:39:50.212Z - Done responding to the client handleHashGlob
[NX Daemon Server] - 2026-08-31T21:39:50.212Z - Handled HASH_GLOB. Handling time: 0. Response time: 1.
[NX Daemon Server] - 2026-08-31T21:39:50.228Z - Time taken for 'build-project-configs' 13.899248999543488ms
[NX Daemon Server] - 2026-08-31T21:39:50.231Z - Time taken for '@nx/storybook/plugin:createDependencies' 7.083556999452412ms
[NX Daemon Server] - 2026-08-31T21:39:50.256Z - [SYNC]: collect registered sync generators
[NX Daemon Server] - 2026-08-31T21:39:50.256Z - [SYNC]: project graph hash is the same, not collecting task sync generators
[NX Daemon Server] - 2026-08-31T21:39:50.256Z - [SYNC]: nx.json hash is the same, not collecting global sync generators
[NX Daemon Server] - 2026-08-31T21:39:50.256Z - Time taken for 'total execution time for createProjectGraph()' 20.125047999434173ms
[NX Daemon Server] - 2026-08-31T21:39:52.640Z - [WATCHER]: packages/angular/src/checkbox-group/checkbox-group.component.ts was created or restored
[NX Daemon Server] - 2026-08-31T21:39:52.640Z - [WATCHER]: Processing file changes in outputs
[NX Daemon Server] - 2026-08-31T21:39:52.741Z - [REQUEST]: Updated workspace context based on watched changes, recomputing project graph...
[NX Daemon Server] - 2026-08-31T21:39:52.741Z - [REQUEST]: packages/angular/src/checkbox-group/checkbox-group.component.ts
[NX Daemon Server] - 2026-08-31T21:39:52.741Z - [REQUEST]: 
[NX Daemon Server] - 2026-08-31T21:39:52.744Z - [REQUEST]: Responding to the client. handleHashGlob
[NX Daemon Server] - 2026-08-31T21:39:52.744Z - Done responding to the client handleHashGlob
[NX Daemon Server] - 2026-08-31T21:39:52.744Z - Handled HASH_GLOB. Handling time: 0. Response time: 0.
[NX Daemon Server] - 2026-08-31T21:39:52.744Z - Time taken for 'hash changed files from watcher' 0.34517799969762564ms
[NX Daemon Server] - 2026-08-31T21:39:52.745Z - [REQUEST]: Responding to the client. handleHashGlob
[NX Daemon Server] - 2026-08-31T21:39:52.745Z - Done responding to the client handleHashGlob
[NX Daemon Server] - 2026-08-31T21:39:52.745Z - Handled HASH_GLOB. Handling time: 0. Response time: 0.
[NX Daemon Server] - 2026-08-31T21:39:52.761Z - Time taken for 'build-project-configs' 13.981050999835134ms
[NX Daemon Server] - 2026-08-31T21:39:52.765Z - Time taken for '@nx/storybook/plugin:createDependencies' 6.99641599971801ms
[NX Daemon Server] - 2026-08-31T21:39:52.802Z - [SYNC]: collect registered sync generators
[NX Daemon Server] - 2026-08-31T21:39:52.802Z - [SYNC]: project graph hash is the same, not collecting task sync generators
[NX Daemon Server] - 2026-08-31T21:39:52.803Z - [SYNC]: nx.json hash is the same, not collecting global sync generators
[NX Daemon Server] - 2026-08-31T21:39:52.803Z - Time taken for 'total execution time for createProjectGraph()' 33.85364400036633ms
[NX Daemon Server] - 2026-08-31T21:39:56.035Z - [WATCHER]: packages/angular/src/checkbox-group/checkbox-group.spec.ts was created or restored
[NX Daemon Server] - 2026-08-31T21:39:56.035Z - [WATCHER]: Processing file changes in outputs
[NX Daemon Server] - 2026-08-31T21:39:56.136Z - [REQUEST]: Updated workspace context based on watched changes, recomputing project graph...
[NX Daemon Server] - 2026-08-31T21:39:56.136Z - [REQUEST]: packages/angular/src/checkbox-group/checkbox-group.spec.ts
[NX Daemon Server] - 2026-08-31T21:39:56.136Z - [REQUEST]: 
[NX Daemon Server] - 2026-08-31T21:39:56.140Z - [REQUEST]: Responding to the client. handleHashGlob
[NX Daemon Server] - 2026-08-31T21:39:56.140Z - Done responding to the client handleHashGlob
[NX Daemon Server] - 2026-08-31T21:39:56.140Z - Handled HASH_GLOB. Handling time: 1. Response time: 0.
[NX Daemon Server] - 2026-08-31T21:39:56.140Z - Time taken for 'hash changed files from watcher' 0.356946999207139ms
[NX Daemon Server] - 2026-08-31T21:39:56.141Z - [REQUEST]: Responding to the client. handleHashGlob
[NX Daemon Server] - 2026-08-31T21:39:56.141Z - Done responding to the client handleHashGlob
[NX Daemon Server] - 2026-08-31T21:39:56.141Z - Handled HASH_GLOB. Handling time: 1. Response time: 0.
[NX Daemon Server] - 2026-08-31T21:39:56.156Z - Time taken for 'build-project-configs' 13.158773999661207ms
[NX Daemon Server] - 2026-08-31T21:39:56.160Z - Time taken for '@nx/storybook/plugin:createDependencies' 7.039117000065744ms
[NX Daemon Server] - 2026-08-31T21:39:56.197Z - [SYNC]: collect registered sync generators
[NX Daemon Server] - 2026-08-31T21:39:56.197Z - [SYNC]: project graph hash is the same, not collecting task sync generators
[NX Daemon Server] - 2026-08-31T21:39:56.197Z - [SYNC]: nx.json hash is the same, not collecting global sync generators
[NX Daemon Server] - 2026-08-31T21:39:56.197Z - Time taken for 'total execution time for createProjectGraph()' 33.924344999715686ms
[NX Daemon Server] - 2026-08-31T21:39:57.345Z - [WATCHER]: 0 file(s) created or restored, 0 file(s) modified, 0 file(s) deleted
[NX Daemon Server] - 2026-08-31T21:39:57.545Z - [REQUEST]: Updated workspace context based on watched changes, recomputing project graph...
[NX Daemon Server] - 2026-08-31T21:39:57.545Z - [REQUEST]: 
[NX Daemon Server] - 2026-08-31T21:39:57.545Z - [REQUEST]: 
[NX Daemon Server] - 2026-08-31T21:39:57.548Z - [REQUEST]: Responding to the client. handleHashGlob
[NX Daemon Server] - 2026-08-31T21:39:57.549Z - Done responding to the client handleHashGlob
[NX Daemon Server] - 2026-08-31T21:39:57.549Z - Handled HASH_GLOB. Handling time: 0. Response time: 1.
[NX Daemon Server] - 2026-08-31T21:39:57.549Z - Time taken for 'hash changed files from watcher' 0.2742560002952814ms
[NX Daemon Server] - 2026-08-31T21:39:57.549Z - [REQUEST]: Responding to the client. handleHashGlob
[NX Daemon Server] - 2026-08-31T21:39:57.550Z - Done responding to the client handleHashGlob
[NX Daemon Server] - 2026-08-31T21:39:57.550Z - Handled HASH_GLOB. Handling time: 0. Response time: 1.
[NX Daemon Server] - 2026-08-31T21:39:57.563Z - Time taken for 'build-project-configs' 11.622330999933183ms
[NX Daemon Server] - 2026-08-31T21:39:57.566Z - Time taken for '@nx/storybook/plugin:createDependencies' 6.495954999700189ms
[NX Daemon Server] - 2026-08-31T21:39:57.591Z - [SYNC]: collect registered sync generators
[NX Daemon Server] - 2026-08-31T21:39:57.592Z - [SYNC]: project graph hash is the same, not collecting task sync generators
[NX Daemon Server] - 2026-08-31T21:39:57.592Z - [SYNC]: nx.json hash is the same, not collecting global sync generators
[NX Daemon Server] - 2026-08-31T21:39:57.592Z - Time taken for 'total execution time for createProjectGraph()' 19.24159999936819ms
[NX Daemon Server] - 2026-08-31T21:40:00.103Z - [WATCHER]: packages/angular/src/checkbox-group/checkbox-group.stories.ts was created or restored
[NX Daemon Server] - 2026-08-31T21:40:00.103Z - [WATCHER]: Processing file changes in outputs
[NX Daemon Server] - 2026-08-31T21:40:00.204Z - [REQUEST]: Updated workspace context based on watched changes, recomputing project graph...
[NX Daemon Server] - 2026-08-31T21:40:00.204Z - [REQUEST]: packages/angular/src/checkbox-group/checkbox-group.stories.ts
[NX Daemon Server] - 2026-08-31T21:40:00.204Z - [REQUEST]: 
[NX Daemon Server] - 2026-08-31T21:40:00.206Z - [REQUEST]: Responding to the client. handleHashGlob
[NX Daemon Server] - 2026-08-31T21:40:00.207Z - Done responding to the client handleHashGlob
[NX Daemon Server] - 2026-08-31T21:40:00.207Z - Handled HASH_GLOB. Handling time: 0. Response time: 1.
[NX Daemon Server] - 2026-08-31T21:40:00.207Z - Time taken for 'hash changed files from watcher' 0.3940080003812909ms
[NX Daemon Server] - 2026-08-31T21:40:00.208Z - [REQUEST]: Responding to the client. handleHashGlob
[NX Daemon Server] - 2026-08-31T21:40:00.208Z - Done responding to the client handleHashGlob
[NX Daemon Server] - 2026-08-31T21:40:00.208Z - Handled HASH_GLOB. Handling time: 1. Response time: 0.
[NX Daemon Server] - 2026-08-31T21:40:00.221Z - Time taken for 'build-project-configs' 11.882346999831498ms
[NX Daemon Server] - 2026-08-31T21:40:00.224Z - Time taken for '@nx/storybook/plugin:createDependencies' 6.074336000718176ms
[NX Daemon Server] - 2026-08-31T21:40:00.259Z - [SYNC]: collect registered sync generators
[NX Daemon Server] - 2026-08-31T21:40:00.259Z - [SYNC]: project graph hash is the same, not collecting task sync generators
[NX Daemon Server] - 2026-08-31T21:40:00.259Z - [SYNC]: nx.json hash is the same, not collecting global sync generators
[NX Daemon Server] - 2026-08-31T21:40:00.259Z - Time taken for 'total execution time for createProjectGraph()' 28.98082199972123ms
[NX Daemon Server] - 2026-08-31T21:40:02.512Z - [WATCHER]: packages/angular/src/checkbox-group/index.ts was created or restored
[NX Daemon Server] - 2026-08-31T21:40:02.512Z - [WATCHER]: Processing file changes in outputs
[NX Daemon Server] - 2026-08-31T21:40:02.613Z - [REQUEST]: Updated workspace context based on watched changes, recomputing project graph...
[NX Daemon Server] - 2026-08-31T21:40:02.613Z - [REQUEST]: packages/angular/src/checkbox-group/index.ts
[NX Daemon Server] - 2026-08-31T21:40:02.613Z - [REQUEST]: 
[NX Daemon Server] - 2026-08-31T21:40:02.616Z - [REQUEST]: Responding to the client. handleHashGlob
[NX Daemon Server] - 2026-08-31T21:40:02.616Z - Done responding to the client handleHashGlob
[NX Daemon Server] - 2026-08-31T21:40:02.616Z - Handled HASH_GLOB. Handling time: 1. Response time: 0.
[NX Daemon Server] - 2026-08-31T21:40:02.616Z - Time taken for 'hash changed files from watcher' 0.3560979999601841ms
[NX Daemon Server] - 2026-08-31T21:40:02.617Z - [REQUEST]: Responding to the client. handleHashGlob
[NX Daemon Server] - 2026-08-31T21:40:02.617Z - Done responding to the client handleHashGlob
[NX Daemon Server] - 2026-08-31T21:40:02.617Z - Handled HASH_GLOB. Handling time: 1. Response time: 0.
[NX Daemon Server] - 2026-08-31T21:40:02.632Z - Time taken for 'build-project-configs' 12.05131100025028ms
[NX Daemon Server] - 2026-08-31T21:40:02.635Z - Time taken for '@nx/storybook/plugin:createDependencies' 7.940094999969006ms
[NX Daemon Server] - 2026-08-31T21:40:02.668Z - [SYNC]: collect registered sync generators
[NX Daemon Server] - 2026-08-31T21:40:02.669Z - [SYNC]: project graph hash is the same, not collecting task sync generators
[NX Daemon Server] - 2026-08-31T21:40:02.669Z - [SYNC]: nx.json hash is the same, not collecting global sync generators
[NX Daemon Server] - 2026-08-31T21:40:02.669Z - Time taken for 'total execution time for createProjectGraph()' 29.53196300007403ms
[NX Daemon Server] - 2026-08-31T21:40:03.007Z - [WATCHER]: 2 file(s) created or restored, 0 file(s) modified, 0 file(s) deleted
[NX Daemon Server] - 2026-08-31T21:40:03.007Z - [WATCHER]: Processing file changes in outputs
[NX Daemon Server] - 2026-08-31T21:40:03.108Z - [REQUEST]: Updated workspace context based on watched changes, recomputing project graph...
[NX Daemon Server] - 2026-08-31T21:40:03.108Z - [REQUEST]: packages/react/src/checkbox-group/CheckboxGroup.tsx,packages/react/src/checkbox-group/CheckboxGroupContext.ts
[NX Daemon Server] - 2026-08-31T21:40:03.108Z - [REQUEST]: 
[NX Daemon Server] - 2026-08-31T21:40:03.111Z - [REQUEST]: Responding to the client. handleHashGlob
[NX Daemon Server] - 2026-08-31T21:40:03.111Z - Done responding to the client handleHashGlob
[NX Daemon Server] - 2026-08-31T21:40:03.111Z - Handled HASH_GLOB. Handling time: 0. Response time: 0.
[NX Daemon Server] - 2026-08-31T21:40:03.112Z - Time taken for 'hash changed files from watcher' 0.46908900048583746ms
[NX Daemon Server] - 2026-08-31T21:40:03.112Z - [REQUEST]: Responding to the client. handleHashGlob
[NX Daemon Server] - 2026-08-31T21:40:03.112Z - Done responding to the client handleHashGlob
[NX Daemon Server] - 2026-08-31T21:40:03.112Z - Handled HASH_GLOB. Handling time: 0. Response time: 0.
[NX Daemon Server] - 2026-08-31T21:40:03.135Z - Time taken for 'build-project-configs' 20.321882000193ms
[NX Daemon Server] - 2026-08-31T21:40:03.139Z - Time taken for '@nx/storybook/plugin:createDependencies' 8.212260000407696ms
[NX Daemon Server] - 2026-08-31T21:40:03.174Z - [SYNC]: collect registered sync generators
[NX Daemon Server] - 2026-08-31T21:40:03.174Z - [SYNC]: project graph hash is the same, not collecting task sync generators
[NX Daemon Server] - 2026-08-31T21:40:03.174Z - [SYNC]: nx.json hash is the same, not collecting global sync generators
[NX Daemon Server] - 2026-08-31T21:40:03.175Z - Time taken for 'total execution time for createProjectGraph()' 32.164188999682665ms
[NX Daemon Server] - 2026-08-31T21:40:05.761Z - [WATCHER]: packages/angular/src/radio-group/radio-group.component.ts was created or restored
[NX Daemon Server] - 2026-08-31T21:40:05.762Z - [WATCHER]: Processing file changes in outputs
[NX Daemon Server] - 2026-08-31T21:40:05.862Z - [REQUEST]: Updated workspace context based on watched changes, recomputing project graph...
[NX Daemon Server] - 2026-08-31T21:40:05.862Z - [REQUEST]: packages/angular/src/radio-group/radio-group.component.ts
[NX Daemon Server] - 2026-08-31T21:40:05.862Z - [REQUEST]: 
[NX Daemon Server] - 2026-08-31T21:40:05.864Z - Time taken for 'hash changed files from watcher' 0.3813379993662238ms
[NX Daemon Server] - 2026-08-31T21:40:05.865Z - [REQUEST]: Responding to the client. handleHashGlob
[NX Daemon Server] - 2026-08-31T21:40:05.865Z - Done responding to the client handleHashGlob
[NX Daemon Server] - 2026-08-31T21:40:05.865Z - Handled HASH_GLOB. Handling time: 0. Response time: 0.
[NX Daemon Server] - 2026-08-31T21:40:05.867Z - [REQUEST]: Responding to the client. handleHashGlob
[NX Daemon Server] - 2026-08-31T21:40:05.867Z - Done responding to the client handleHashGlob
[NX Daemon Server] - 2026-08-31T21:40:05.867Z - Handled HASH_GLOB. Handling time: 1. Response time: 0.
[NX Daemon Server] - 2026-08-31T21:40:05.884Z - Time taken for 'build-project-configs' 15.123184999451041ms
[NX Daemon Server] - 2026-08-31T21:40:05.887Z - Time taken for '@nx/storybook/plugin:createDependencies' 7.622109000571072ms
[NX Daemon Server] - 2026-08-31T21:40:05.929Z - [SYNC]: collect registered sync generators
[NX Daemon Server] - 2026-08-31T21:40:05.929Z - [SYNC]: project graph hash is the same, not collecting task sync generators
[NX Daemon Server] - 2026-08-31T21:40:05.929Z - [SYNC]: nx.json hash is the same, not collecting global sync generators
[NX Daemon Server] - 2026-08-31T21:40:05.929Z - Time taken for 'total execution time for createProjectGraph()' 37.31069499999285ms
[NX Daemon Server] - 2026-08-31T21:40:07.770Z - [WATCHER]: 3 file(s) created or restored, 0 file(s) modified, 0 file(s) deleted
[NX Daemon Server] - 2026-08-31T21:40:07.770Z - [WATCHER]: Processing file changes in outputs
[NX Daemon Server] - 2026-08-31T21:40:07.871Z - [REQUEST]: Updated workspace context based on watched changes, recomputing project graph...
[NX Daemon Server] - 2026-08-31T21:40:07.871Z - [REQUEST]: packages/react/src/checkbox-group/CheckboxGroup.test.tsx,packages/react/src/checkbox-group/index.ts,packages/react/src/checkbox-group/CheckboxGroup.stories.tsx
[NX Daemon Server] - 2026-08-31T21:40:07.872Z - [REQUEST]: 
[NX Daemon Server] - 2026-08-31T21:40:07.873Z - Time taken for 'hash changed files from watcher' 0.4839900005608797ms
[NX Daemon Server] - 2026-08-31T21:40:07.874Z - [REQUEST]: Responding to the client. handleHashGlob
[NX Daemon Server] - 2026-08-31T21:40:07.874Z - Done responding to the client handleHashGlob
[NX Daemon Server] - 2026-08-31T21:40:07.874Z - Handled HASH_GLOB. Handling time: 1. Response time: 0.
[NX Daemon Server] - 2026-08-31T21:40:07.875Z - [REQUEST]: Responding to the client. handleHashGlob
[NX Daemon Server] - 2026-08-31T21:40:07.875Z - Done responding to the client handleHashGlob
[NX Daemon Server] - 2026-08-31T21:40:07.875Z - Handled HASH_GLOB. Handling time: 1. Response time: 0.
[NX Daemon Server] - 2026-08-31T21:40:07.896Z - Time taken for 'build-project-configs' 18.936812999658287ms
[NX Daemon Server] - 2026-08-31T21:40:07.899Z - Time taken for '@nx/storybook/plugin:createDependencies' 6.119486999697983ms
[NX Daemon Server] - 2026-08-31T21:40:08.047Z - [SYNC]: collect registered sync generators
[NX Daemon Server] - 2026-08-31T21:40:08.047Z - [SYNC]: project graph hash is the same, not collecting task sync generators
[NX Daemon Server] - 2026-08-31T21:40:08.047Z - [SYNC]: nx.json hash is the same, not collecting global sync generators
[NX Daemon Server] - 2026-08-31T21:40:08.047Z - Time taken for 'total execution time for createProjectGraph()' 143.20484399981797ms
[NX Daemon Server] - 2026-08-31T21:40:09.566Z - [WATCHER]: packages/angular/src/radio-group/radio-group.spec.ts was created or restored
[NX Daemon Server] - 2026-08-31T21:40:09.566Z - [WATCHER]: Processing file changes in outputs
[NX Daemon Server] - 2026-08-31T21:40:09.667Z - [REQUEST]: Updated workspace context based on watched changes, recomputing project graph...
[NX Daemon Server] - 2026-08-31T21:40:09.667Z - [REQUEST]: packages/angular/src/radio-group/radio-group.spec.ts
[NX Daemon Server] - 2026-08-31T21:40:09.667Z - [REQUEST]: 
[NX Daemon Server] - 2026-08-31T21:40:09.669Z - Time taken for 'hash changed files from watcher' 0.40864900033921003ms
[NX Daemon Server] - 2026-08-31T21:40:09.670Z - [REQUEST]: Responding to the client. handleHashGlob
[NX Daemon Server] - 2026-08-31T21:40:09.670Z - Done responding to the client handleHashGlob
[NX Daemon Server] - 2026-08-31T21:40:09.670Z - Handled HASH_GLOB. Handling time: 0. Response time: 0.
[NX Daemon Server] - 2026-08-31T21:40:09.671Z - [REQUEST]: Responding to the client. handleHashGlob
[NX Daemon Server] - 2026-08-31T21:40:09.671Z - Done responding to the client handleHashGlob
[NX Daemon Server] - 2026-08-31T21:40:09.671Z - Handled HASH_GLOB. Handling time: 0. Response time: 0.
[NX Daemon Server] - 2026-08-31T21:40:09.684Z - Time taken for 'build-project-configs' 11.145542000420392ms
[NX Daemon Server] - 2026-08-31T21:40:09.687Z - Time taken for '@nx/storybook/plugin:createDependencies' 5.901393000036478ms
[NX Daemon Server] - 2026-08-31T21:40:09.720Z - [SYNC]: collect registered sync generators
[NX Daemon Server] - 2026-08-31T21:40:09.720Z - [SYNC]: project graph hash is the same, not collecting task sync generators
[NX Daemon Server] - 2026-08-31T21:40:09.720Z - [SYNC]: nx.json hash is the same, not collecting global sync generators
[NX Daemon Server] - 2026-08-31T21:40:09.721Z - Time taken for 'total execution time for createProjectGraph()' 28.62239500042051ms
[NX Daemon Server] - 2026-08-31T21:40:13.109Z - [WATCHER]: Processing file changes in outputs
[NX Daemon Server] - 2026-08-31T21:40:13.109Z - [WATCHER]: packages/react/src/checkbox/Checkbox.tsx was modified
[NX Daemon Server] - 2026-08-31T21:40:13.310Z - [REQUEST]: Updated workspace context based on watched changes, recomputing project graph...
[NX Daemon Server] - 2026-08-31T21:40:13.310Z - [REQUEST]: packages/react/src/checkbox/Checkbox.tsx
[NX Daemon Server] - 2026-08-31T21:40:13.310Z - [REQUEST]: 
[NX Daemon Server] - 2026-08-31T21:40:13.313Z - [REQUEST]: Responding to the client. handleHashGlob
[NX Daemon Server] - 2026-08-31T21:40:13.313Z - Done responding to the client handleHashGlob
[NX Daemon Server] - 2026-08-31T21:40:13.313Z - Handled HASH_GLOB. Handling time: 0. Response time: 0.
[NX Daemon Server] - 2026-08-31T21:40:13.313Z - Time taken for 'hash changed files from watcher' 0.3751579998061061ms
[NX Daemon Server] - 2026-08-31T21:40:13.314Z - [REQUEST]: Responding to the client. handleHashGlob
[NX Daemon Server] - 2026-08-31T21:40:13.314Z - Done responding to the client handleHashGlob
[NX Daemon Server] - 2026-08-31T21:40:13.314Z - Handled HASH_GLOB. Handling time: 0. Response time: 0.
[NX Daemon Server] - 2026-08-31T21:40:13.335Z - Time taken for 'build-project-configs' 20.315502000041306ms
[NX Daemon Server] - 2026-08-31T21:40:13.341Z - Time taken for '@nx/storybook/plugin:createDependencies' 8.555097999982536ms
[NX Daemon Server] - 2026-08-31T21:40:13.374Z - [SYNC]: collect registered sync generators
[NX Daemon Server] - 2026-08-31T21:40:13.375Z - [SYNC]: project graph hash is the same, not collecting task sync generators
[NX Daemon Server] - 2026-08-31T21:40:13.375Z - [SYNC]: nx.json hash is the same, not collecting global sync generators
[NX Daemon Server] - 2026-08-31T21:40:13.375Z - Time taken for 'total execution time for createProjectGraph()' 31.036704999394715ms
[NX Daemon Server] - 2026-08-31T21:40:15.878Z - [WATCHER]: packages/react/src/checkbox/Checkbox.tsx was modified
[NX Daemon Server] - 2026-08-31T21:40:15.878Z - [WATCHER]: Processing file changes in outputs
[NX Daemon Server] - 2026-08-31T21:40:16.279Z - [REQUEST]: Updated workspace context based on watched changes, recomputing project graph...
[NX Daemon Server] - 2026-08-31T21:40:16.279Z - [REQUEST]: packages/react/src/checkbox/Checkbox.tsx
[NX Daemon Server] - 2026-08-31T21:40:16.279Z - [REQUEST]: 
[NX Daemon Server] - 2026-08-31T21:40:16.280Z - Time taken for 'hash changed files from watcher' 0.4139189999550581ms
[NX Daemon Server] - 2026-08-31T21:40:16.281Z - [REQUEST]: Responding to the client. handleHashGlob
[NX Daemon Server] - 2026-08-31T21:40:16.282Z - Done responding to the client handleHashGlob
[NX Daemon Server] - 2026-08-31T21:40:16.282Z - Handled HASH_GLOB. Handling time: 0. Response time: 1.
[NX Daemon Server] - 2026-08-31T21:40:16.282Z - [REQUEST]: Responding to the client. handleHashGlob
[NX Daemon Server] - 2026-08-31T21:40:16.283Z - Done responding to the client handleHashGlob
[NX Daemon Server] - 2026-08-31T21:40:16.283Z - Handled HASH_GLOB. Handling time: 0. Response time: 1.
[NX Daemon Server] - 2026-08-31T21:40:16.308Z - Time taken for 'build-project-configs' 23.40274600032717ms
[NX Daemon Server] - 2026-08-31T21:40:16.312Z - Time taken for '@nx/storybook/plugin:createDependencies' 7.731549999676645ms
[NX Daemon Server] - 2026-08-31T21:40:16.330Z - [WATCHER]: packages/angular/src/radio-group/radio-group.stories.ts was created or restored
[NX Daemon Server] - 2026-08-31T21:40:16.330Z - [WATCHER]: Processing file changes in outputs
[NX Daemon Server] - 2026-08-31T21:40:16.347Z - [SYNC]: collect registered sync generators
[NX Daemon Server] - 2026-08-31T21:40:16.347Z - [SYNC]: project graph hash is the same, not collecting task sync generators
[NX Daemon Server] - 2026-08-31T21:40:16.347Z - [SYNC]: nx.json hash is the same, not collecting global sync generators
[NX Daemon Server] - 2026-08-31T21:40:16.347Z - Time taken for 'total execution time for createProjectGraph()' 31.720459000207484ms
[NX Daemon Server] - 2026-08-31T21:40:16.432Z - [REQUEST]: Updated workspace context based on watched changes, recomputing project graph...
[NX Daemon Server] - 2026-08-31T21:40:16.432Z - [REQUEST]: packages/angular/src/radio-group/radio-group.stories.ts
[NX Daemon Server] - 2026-08-31T21:40:16.432Z - [REQUEST]: 
[NX Daemon Server] - 2026-08-31T21:40:16.434Z - [REQUEST]: Responding to the client. handleHashGlob
[NX Daemon Server] - 2026-08-31T21:40:16.435Z - Done responding to the client handleHashGlob
[NX Daemon Server] - 2026-08-31T21:40:16.435Z - Handled HASH_GLOB. Handling time: 0. Response time: 1.
[NX Daemon Server] - 2026-08-31T21:40:16.435Z - Time taken for 'hash changed files from watcher' 0.3997080000117421ms
[NX Daemon Server] - 2026-08-31T21:40:16.436Z - [REQUEST]: Responding to the client. handleHashGlob
[NX Daemon Server] - 2026-08-31T21:40:16.436Z - Done responding to the client handleHashGlob
[NX Daemon Server] - 2026-08-31T21:40:16.436Z - Handled HASH_GLOB. Handling time: 1. Response time: 0.
[NX Daemon Server] - 2026-08-31T21:40:16.448Z - Time taken for 'build-project-configs' 11.017589000053704ms
[NX Daemon Server] - 2026-08-31T21:40:16.452Z - Time taken for '@nx/storybook/plugin:createDependencies' 6.139717999845743ms
[NX Daemon Server] - 2026-08-31T21:40:16.485Z - [SYNC]: collect registered sync generators
[NX Daemon Server] - 2026-08-31T21:40:16.485Z - [SYNC]: project graph hash is the same, not collecting task sync generators
[NX Daemon Server] - 2026-08-31T21:40:16.485Z - [SYNC]: nx.json hash is the same, not collecting global sync generators
[NX Daemon Server] - 2026-08-31T21:40:16.486Z - Time taken for 'total execution time for createProjectGraph()' 29.574262999929488ms
[NX Daemon Server] - 2026-08-31T21:40:18.948Z - [WATCHER]: packages/angular/src/radio-group/index.ts was created or restored
[NX Daemon Server] - 2026-08-31T21:40:18.948Z - [WATCHER]: Processing file changes in outputs
[NX Daemon Server] - 2026-08-31T21:40:19.049Z - [REQUEST]: Updated workspace context based on watched changes, recomputing project graph...
[NX Daemon Server] - 2026-08-31T21:40:19.049Z - [REQUEST]: packages/angular/src/radio-group/index.ts
[NX Daemon Server] - 2026-08-31T21:40:19.049Z - [REQUEST]: 
[NX Daemon Server] - 2026-08-31T21:40:19.051Z - Time taken for 'hash changed files from watcher' 0.3652279991656542ms
[NX Daemon Server] - 2026-08-31T21:40:19.053Z - [REQUEST]: Responding to the client. handleHashGlob
[NX Daemon Server] - 2026-08-31T21:40:19.053Z - Done responding to the client handleHashGlob
[NX Daemon Server] - 2026-08-31T21:40:19.053Z - Handled HASH_GLOB. Handling time: 1. Response time: 0.
[NX Daemon Server] - 2026-08-31T21:40:19.054Z - [REQUEST]: Responding to the client. handleHashGlob
[NX Daemon Server] - 2026-08-31T21:40:19.054Z - Done responding to the client handleHashGlob
[NX Daemon Server] - 2026-08-31T21:40:19.054Z - Handled HASH_GLOB. Handling time: 1. Response time: 0.
[NX Daemon Server] - 2026-08-31T21:40:19.066Z - Time taken for 'build-project-configs' 11.213002999313176ms
[NX Daemon Server] - 2026-08-31T21:40:19.069Z - Time taken for '@nx/storybook/plugin:createDependencies' 5.690418999642134ms
[NX Daemon Server] - 2026-08-31T21:40:19.101Z - [SYNC]: collect registered sync generators
[NX Daemon Server] - 2026-08-31T21:40:19.101Z - [SYNC]: project graph hash is the same, not collecting task sync generators
[NX Daemon Server] - 2026-08-31T21:40:19.101Z - [SYNC]: nx.json hash is the same, not collecting global sync generators
[NX Daemon Server] - 2026-08-31T21:40:19.101Z - Time taken for 'total execution time for createProjectGraph()' 27.164934000000358ms
[NX Daemon Server] - 2026-08-31T21:40:21.656Z - [WATCHER]: 2 file(s) created or restored, 0 file(s) modified, 0 file(s) deleted
[NX Daemon Server] - 2026-08-31T21:40:21.656Z - [WATCHER]: Processing file changes in outputs
[NX Daemon Server] - 2026-08-31T21:40:21.758Z - [REQUEST]: Updated workspace context based on watched changes, recomputing project graph...
[NX Daemon Server] - 2026-08-31T21:40:21.758Z - [REQUEST]: packages/react/src/radio-group/RadioGroupContext.ts,packages/react/src/radio-group/RadioGroup.tsx
[NX Daemon Server] - 2026-08-31T21:40:21.758Z - [REQUEST]: 
[NX Daemon Server] - 2026-08-31T21:40:21.760Z - [REQUEST]: Responding to the client. handleHashGlob
[NX Daemon Server] - 2026-08-31T21:40:21.760Z - Done responding to the client handleHashGlob
[NX Daemon Server] - 2026-08-31T21:40:21.760Z - Handled HASH_GLOB. Handling time: 0. Response time: 0.
[NX Daemon Server] - 2026-08-31T21:40:21.761Z - Time taken for 'hash changed files from watcher' 0.4777699997648597ms
[NX Daemon Server] - 2026-08-31T21:40:21.761Z - [REQUEST]: Responding to the client. handleHashGlob
[NX Daemon Server] - 2026-08-31T21:40:21.761Z - Done responding to the client handleHashGlob
[NX Daemon Server] - 2026-08-31T21:40:21.761Z - Handled HASH_GLOB. Handling time: 0. Response time: 0.
[NX Daemon Server] - 2026-08-31T21:40:21.782Z - Time taken for 'build-project-configs' 19.041234999895096ms
[NX Daemon Server] - 2026-08-31T21:40:21.785Z - Time taken for '@nx/storybook/plugin:createDependencies' 5.69316800031811ms
[NX Daemon Server] - 2026-08-31T21:40:21.819Z - [SYNC]: collect registered sync generators
[NX Daemon Server] - 2026-08-31T21:40:21.820Z - [SYNC]: project graph hash is the same, not collecting task sync generators
[NX Daemon Server] - 2026-08-31T21:40:21.820Z - [SYNC]: nx.json hash is the same, not collecting global sync generators
[NX Daemon Server] - 2026-08-31T21:40:21.820Z - Time taken for 'total execution time for createProjectGraph()' 29.48196200001985ms
[NX Daemon Server] - 2026-08-31T21:40:23.408Z - [WATCHER]: Processing file changes in outputs
[NX Daemon Server] - 2026-08-31T21:40:23.409Z - [WATCHER]: packages/angular/src/select/select.directive.ts was created or restored
[NX Daemon Server] - 2026-08-31T21:40:23.510Z - [REQUEST]: Updated workspace context based on watched changes, recomputing project graph...
[NX Daemon Server] - 2026-08-31T21:40:23.510Z - [REQUEST]: packages/angular/src/select/select.directive.ts
[NX Daemon Server] - 2026-08-31T21:40:23.510Z - [REQUEST]: 
[NX Daemon Server] - 2026-08-31T21:40:23.513Z - [REQUEST]: Responding to the client. handleHashGlob
[NX Daemon Server] - 2026-08-31T21:40:23.513Z - Done responding to the client handleHashGlob
[NX Daemon Server] - 2026-08-31T21:40:23.513Z - Handled HASH_GLOB. Handling time: 0. Response time: 0.
[NX Daemon Server] - 2026-08-31T21:40:23.513Z - Time taken for 'hash changed files from watcher' 0.36483800038695335ms
[NX Daemon Server] - 2026-08-31T21:40:23.514Z - [REQUEST]: Responding to the client. handleHashGlob
[NX Daemon Server] - 2026-08-31T21:40:23.514Z - Done responding to the client handleHashGlob
[NX Daemon Server] - 2026-08-31T21:40:23.514Z - Handled HASH_GLOB. Handling time: 0. Response time: 0.
[NX Daemon Server] - 2026-08-31T21:40:23.528Z - Time taken for 'build-project-configs' 11.112041000276804ms
[NX Daemon Server] - 2026-08-31T21:40:23.531Z - Time taken for '@nx/storybook/plugin:createDependencies' 6.968113999813795ms
[NX Daemon Server] - 2026-08-31T21:40:23.572Z - [SYNC]: collect registered sync generators
[NX Daemon Server] - 2026-08-31T21:40:23.572Z - [SYNC]: project graph hash is the same, not collecting task sync generators
[NX Daemon Server] - 2026-08-31T21:40:23.572Z - [SYNC]: nx.json hash is the same, not collecting global sync generators
[NX Daemon Server] - 2026-08-31T21:40:23.572Z - Time taken for 'total execution time for createProjectGraph()' 33.353612000122666ms
[NX Daemon Server] - 2026-08-31T21:40:26.429Z - [WATCHER]: 2 file(s) created or restored, 0 file(s) modified, 0 file(s) deleted
[NX Daemon Server] - 2026-08-31T21:40:26.429Z - [WATCHER]: Processing file changes in outputs
[NX Daemon Server] - 2026-08-31T21:40:26.486Z - [WATCHER]: packages/react/src/radio-group/RadioGroup.test.tsx was created or restored
[NX Daemon Server] - 2026-08-31T21:40:26.486Z - [WATCHER]: Processing file changes in outputs
[NX Daemon Server] - 2026-08-31T21:40:26.530Z - [REQUEST]: Updated workspace context based on watched changes, recomputing project graph...
[NX Daemon Server] - 2026-08-31T21:40:26.530Z - [REQUEST]: packages/react/src/radio-group/RadioGroup.stories.tsx,packages/react/src/radio-group/index.ts,packages/react/src/radio-group/RadioGroup.test.tsx
[NX Daemon Server] - 2026-08-31T21:40:26.530Z - [REQUEST]: 
[NX Daemon Server] - 2026-08-31T21:40:26.532Z - Time taken for 'hash changed files from watcher' 0.4948810003697872ms
[NX Daemon Server] - 2026-08-31T21:40:26.532Z - [REQUEST]: Responding to the client. handleHashGlob
[NX Daemon Server] - 2026-08-31T21:40:26.532Z - Done responding to the client handleHashGlob
[NX Daemon Server] - 2026-08-31T21:40:26.532Z - Handled HASH_GLOB. Handling time: 0. Response time: 0.
[NX Daemon Server] - 2026-08-31T21:40:26.533Z - [REQUEST]: Responding to the client. handleHashGlob
[NX Daemon Server] - 2026-08-31T21:40:26.533Z - Done responding to the client handleHashGlob
[NX Daemon Server] - 2026-08-31T21:40:26.533Z - Handled HASH_GLOB. Handling time: 0. Response time: 0.
[NX Daemon Server] - 2026-08-31T21:40:26.554Z - Time taken for 'build-project-configs' 18.749489000067115ms
[NX Daemon Server] - 2026-08-31T21:40:26.558Z - Time taken for '@nx/storybook/plugin:createDependencies' 6.8940129997208714ms
[NX Daemon Server] - 2026-08-31T21:40:26.594Z - [SYNC]: collect registered sync generators
[NX Daemon Server] - 2026-08-31T21:40:26.594Z - [SYNC]: project graph hash is the same, not collecting task sync generators
[NX Daemon Server] - 2026-08-31T21:40:26.594Z - [SYNC]: nx.json hash is the same, not collecting global sync generators
[NX Daemon Server] - 2026-08-31T21:40:26.594Z - Time taken for 'total execution time for createProjectGraph()' 31.424131999723613ms
[NX Daemon Server] - 2026-08-31T21:40:27.287Z - [WATCHER]: packages/angular/src/select/select.spec.ts was created or restored
[NX Daemon Server] - 2026-08-31T21:40:27.287Z - [WATCHER]: Processing file changes in outputs
[NX Daemon Server] - 2026-08-31T21:40:27.388Z - [REQUEST]: Updated workspace context based on watched changes, recomputing project graph...
[NX Daemon Server] - 2026-08-31T21:40:27.388Z - [REQUEST]: packages/angular/src/select/select.spec.ts
[NX Daemon Server] - 2026-08-31T21:40:27.388Z - [REQUEST]: 
[NX Daemon Server] - 2026-08-31T21:40:27.391Z - [REQUEST]: Responding to the client. handleHashGlob
[NX Daemon Server] - 2026-08-31T21:40:27.391Z - Done responding to the client handleHashGlob
[NX Daemon Server] - 2026-08-31T21:40:27.391Z - Handled HASH_GLOB. Handling time: 1. Response time: 0.
[NX Daemon Server] - 2026-08-31T21:40:27.391Z - Time taken for 'hash changed files from watcher' 0.41362900007516146ms
[NX Daemon Server] - 2026-08-31T21:40:27.392Z - [REQUEST]: Responding to the client. handleHashGlob
[NX Daemon Server] - 2026-08-31T21:40:27.392Z - Done responding to the client handleHashGlob
[NX Daemon Server] - 2026-08-31T21:40:27.392Z - Handled HASH_GLOB. Handling time: 1. Response time: 0.
[NX Daemon Server] - 2026-08-31T21:40:27.405Z - Time taken for 'build-project-configs' 11.612261000089347ms
[NX Daemon Server] - 2026-08-31T21:40:27.408Z - Time taken for '@nx/storybook/plugin:createDependencies' 6.197858000174165ms
[NX Daemon Server] - 2026-08-31T21:40:27.440Z - [SYNC]: collect registered sync generators
[NX Daemon Server] - 2026-08-31T21:40:27.440Z - [SYNC]: project graph hash is the same, not collecting task sync generators
[NX Daemon Server] - 2026-08-31T21:40:27.440Z - [SYNC]: nx.json hash is the same, not collecting global sync generators
[NX Daemon Server] - 2026-08-31T21:40:27.440Z - Time taken for 'total execution time for createProjectGraph()' 26.921618000604212ms
[NX Daemon Server] - 2026-08-31T21:40:31.753Z - [WATCHER]: packages/react/src/radio/Radio.tsx was modified
[NX Daemon Server] - 2026-08-31T21:40:31.753Z - [WATCHER]: Processing file changes in outputs
[NX Daemon Server] - 2026-08-31T21:40:31.868Z - [WATCHER]: packages/angular/src/select/select.stories.ts was created or restored
[NX Daemon Server] - 2026-08-31T21:40:31.868Z - [WATCHER]: Processing file changes in outputs
[NX Daemon Server] - 2026-08-31T21:40:31.954Z - [REQUEST]: Updated workspace context based on watched changes, recomputing project graph...
[NX Daemon Server] - 2026-08-31T21:40:31.954Z - [REQUEST]: packages/react/src/radio/Radio.tsx,packages/angular/src/select/select.stories.ts
[NX Daemon Server] - 2026-08-31T21:40:31.954Z - [REQUEST]: 
[NX Daemon Server] - 2026-08-31T21:40:31.957Z - [REQUEST]: Responding to the client. handleHashGlob
[NX Daemon Server] - 2026-08-31T21:40:31.957Z - Done responding to the client handleHashGlob
[NX Daemon Server] - 2026-08-31T21:40:31.957Z - Handled HASH_GLOB. Handling time: 0. Response time: 0.
[NX Daemon Server] - 2026-08-31T21:40:31.957Z - Time taken for 'hash changed files from watcher' 0.49491000082343817ms
[NX Daemon Server] - 2026-08-31T21:40:31.962Z - [REQUEST]: Responding to the client. handleHashGlob
[NX Daemon Server] - 2026-08-31T21:40:31.962Z - Done responding to the client handleHashGlob
[NX Daemon Server] - 2026-08-31T21:40:31.962Z - Handled HASH_GLOB. Handling time: 4. Response time: 0.
[NX Daemon Server] - 2026-08-31T21:40:31.985Z - Time taken for 'build-project-configs' 24.412697000429034ms
[NX Daemon Server] - 2026-08-31T21:40:31.989Z - Time taken for '@nx/storybook/plugin:createDependencies' 6.820531999692321ms
[NX Daemon Server] - 2026-08-31T21:40:32.025Z - [SYNC]: collect registered sync generators
[NX Daemon Server] - 2026-08-31T21:40:32.025Z - [SYNC]: project graph hash is the same, not collecting task sync generators
[NX Daemon Server] - 2026-08-31T21:40:32.025Z - [SYNC]: nx.json hash is the same, not collecting global sync generators
[NX Daemon Server] - 2026-08-31T21:40:32.025Z - Time taken for 'total execution time for createProjectGraph()' 33.04104600008577ms
[NX Daemon Server] - 2026-08-31T21:40:34.548Z - [WATCHER]: packages/angular/src/select/index.ts was created or restored
[NX Daemon Server] - 2026-08-31T21:40:34.548Z - [WATCHER]: Processing file changes in outputs
[NX Daemon Server] - 2026-08-31T21:40:34.649Z - [REQUEST]: Updated workspace context based on watched changes, recomputing project graph...
[NX Daemon Server] - 2026-08-31T21:40:34.649Z - [REQUEST]: packages/angular/src/select/index.ts
[NX Daemon Server] - 2026-08-31T21:40:34.649Z - [REQUEST]: 
[NX Daemon Server] - 2026-08-31T21:40:34.652Z - [REQUEST]: Responding to the client. handleHashGlob
[NX Daemon Server] - 2026-08-31T21:40:34.652Z - Done responding to the client handleHashGlob
[NX Daemon Server] - 2026-08-31T21:40:34.653Z - Handled HASH_GLOB. Handling time: 0. Response time: 1.
[NX Daemon Server] - 2026-08-31T21:40:34.653Z - Time taken for 'hash changed files from watcher' 0.30955700017511845ms
[NX Daemon Server] - 2026-08-31T21:40:34.653Z - [REQUEST]: Responding to the client. handleHashGlob
[NX Daemon Server] - 2026-08-31T21:40:34.654Z - Done responding to the client handleHashGlob
[NX Daemon Server] - 2026-08-31T21:40:34.654Z - Handled HASH_GLOB. Handling time: 0. Response time: 1.
[NX Daemon Server] - 2026-08-31T21:40:34.666Z - Time taken for 'build-project-configs' 11.312223999761045ms
[NX Daemon Server] - 2026-08-31T21:40:34.669Z - Time taken for '@nx/storybook/plugin:createDependencies' 6.665587999857962ms
[NX Daemon Server] - 2026-08-31T21:40:34.704Z - [SYNC]: collect registered sync generators
[NX Daemon Server] - 2026-08-31T21:40:34.705Z - [SYNC]: project graph hash is the same, not collecting task sync generators
[NX Daemon Server] - 2026-08-31T21:40:34.705Z - [SYNC]: nx.json hash is the same, not collecting global sync generators
[NX Daemon Server] - 2026-08-31T21:40:34.705Z - Time taken for 'total execution time for createProjectGraph()' 30.47769199963659ms
[NX Daemon Server] - 2026-08-31T21:40:55.111Z - [WATCHER]: packages/react/src/select/Select.tsx was created or restored
[NX Daemon Server] - 2026-08-31T21:40:55.111Z - [WATCHER]: Processing file changes in outputs
[NX Daemon Server] - 2026-08-31T21:40:55.211Z - [REQUEST]: Updated workspace context based on watched changes, recomputing project graph...
[NX Daemon Server] - 2026-08-31T21:40:55.212Z - [REQUEST]: packages/react/src/select/Select.tsx
[NX Daemon Server] - 2026-08-31T21:40:55.212Z - [REQUEST]: 
[NX Daemon Server] - 2026-08-31T21:40:55.214Z - [REQUEST]: Responding to the client. handleHashGlob
[NX Daemon Server] - 2026-08-31T21:40:55.214Z - Done responding to the client handleHashGlob
[NX Daemon Server] - 2026-08-31T21:40:55.214Z - Handled HASH_GLOB. Handling time: 0. Response time: 0.
[NX Daemon Server] - 2026-08-31T21:40:55.214Z - Time taken for 'hash changed files from watcher' 0.3818180002272129ms
[NX Daemon Server] - 2026-08-31T21:40:55.215Z - [REQUEST]: Responding to the client. handleHashGlob
[NX Daemon Server] - 2026-08-31T21:40:55.215Z - Done responding to the client handleHashGlob
[NX Daemon Server] - 2026-08-31T21:40:55.215Z - Handled HASH_GLOB. Handling time: 0. Response time: 0.
[NX Daemon Server] - 2026-08-31T21:40:55.236Z - Time taken for 'build-project-configs' 19.096255999989808ms
[NX Daemon Server] - 2026-08-31T21:40:55.241Z - Time taken for '@nx/storybook/plugin:createDependencies' 7.256070000119507ms
[NX Daemon Server] - 2026-08-31T21:40:55.284Z - [SYNC]: collect registered sync generators
[NX Daemon Server] - 2026-08-31T21:40:55.285Z - [SYNC]: project graph hash is the same, not collecting task sync generators
[NX Daemon Server] - 2026-08-31T21:40:55.285Z - [SYNC]: nx.json hash is the same, not collecting global sync generators
[NX Daemon Server] - 2026-08-31T21:40:55.285Z - Time taken for 'total execution time for createProjectGraph()' 39.352156000211835ms
[NX Daemon Server] - 2026-08-31T21:40:56.007Z - [WATCHER]: Processing file changes in outputs
[NX Daemon Server] - 2026-08-31T21:40:56.007Z - [WATCHER]: 3 file(s) created or restored, 0 file(s) modified, 0 file(s) deleted
[NX Daemon Server] - 2026-08-31T21:40:56.109Z - [REQUEST]: Updated workspace context based on watched changes, recomputing project graph...
[NX Daemon Server] - 2026-08-31T21:40:56.109Z - [REQUEST]: packages/react/src/select/Select.test.tsx,packages/react/src/select/index.ts,packages/react/src/select/Select.stories.tsx
[NX Daemon Server] - 2026-08-31T21:40:56.109Z - [REQUEST]: 
[NX Daemon Server] - 2026-08-31T21:40:56.111Z - [REQUEST]: Responding to the client. handleHashGlob
[NX Daemon Server] - 2026-08-31T21:40:56.111Z - Done responding to the client handleHashGlob
[NX Daemon Server] - 2026-08-31T21:40:56.111Z - Handled HASH_GLOB. Handling time: 0. Response time: 0.
[NX Daemon Server] - 2026-08-31T21:40:56.112Z - Time taken for 'hash changed files from watcher' 0.7706660004332662ms
[NX Daemon Server] - 2026-08-31T21:40:56.112Z - [REQUEST]: Responding to the client. handleHashGlob
[NX Daemon Server] - 2026-08-31T21:40:56.112Z - Done responding to the client handleHashGlob
[NX Daemon Server] - 2026-08-31T21:40:56.112Z - Handled HASH_GLOB. Handling time: 0. Response time: 0.
[NX Daemon Server] - 2026-08-31T21:40:56.132Z - Time taken for 'build-project-configs' 18.034403999336064ms
[NX Daemon Server] - 2026-08-31T21:40:56.136Z - Time taken for '@nx/storybook/plugin:createDependencies' 6.8369220001623034ms
[NX Daemon Server] - 2026-08-31T21:40:56.172Z - [SYNC]: collect registered sync generators
[NX Daemon Server] - 2026-08-31T21:40:56.172Z - [SYNC]: project graph hash is the same, not collecting task sync generators
[NX Daemon Server] - 2026-08-31T21:40:56.173Z - [SYNC]: nx.json hash is the same, not collecting global sync generators
[NX Daemon Server] - 2026-08-31T21:40:56.173Z - Time taken for 'total execution time for createProjectGraph()' 32.05946399923414ms
[NX Daemon Server] - 2026-08-31T21:40:56.244Z - [WATCHER]: packages/angular/src/number-input/number-input.component.ts was created or restored
[NX Daemon Server] - 2026-08-31T21:40:56.245Z - [WATCHER]: Processing file changes in outputs
[NX Daemon Server] - 2026-08-31T21:40:56.346Z - [REQUEST]: Updated workspace context based on watched changes, recomputing project graph...
[NX Daemon Server] - 2026-08-31T21:40:56.346Z - [REQUEST]: packages/angular/src/number-input/number-input.component.ts
[NX Daemon Server] - 2026-08-31T21:40:56.346Z - [REQUEST]: 
[NX Daemon Server] - 2026-08-31T21:40:56.348Z - Time taken for 'hash changed files from watcher' 0.44666900020092726ms
[NX Daemon Server] - 2026-08-31T21:40:56.349Z - [REQUEST]: Responding to the client. handleHashGlob
[NX Daemon Server] - 2026-08-31T21:40:56.349Z - Done responding to the client handleHashGlob
[NX Daemon Server] - 2026-08-31T21:40:56.349Z - Handled HASH_GLOB. Handling time: 1. Response time: 0.
[NX Daemon Server] - 2026-08-31T21:40:56.350Z - [REQUEST]: Responding to the client. handleHashGlob
[NX Daemon Server] - 2026-08-31T21:40:56.350Z - Done responding to the client handleHashGlob
[NX Daemon Server] - 2026-08-31T21:40:56.350Z - Handled HASH_GLOB. Handling time: 1. Response time: 0.
[NX Daemon Server] - 2026-08-31T21:40:56.362Z - Time taken for 'build-project-configs' 11.244713000021875ms
[NX Daemon Server] - 2026-08-31T21:40:56.367Z - Time taken for '@nx/storybook/plugin:createDependencies' 6.835671000182629ms
[NX Daemon Server] - 2026-08-31T21:40:56.402Z - [SYNC]: collect registered sync generators
[NX Daemon Server] - 2026-08-31T21:40:56.403Z - [SYNC]: project graph hash is the same, not collecting task sync generators
[NX Daemon Server] - 2026-08-31T21:40:56.403Z - [SYNC]: nx.json hash is the same, not collecting global sync generators
[NX Daemon Server] - 2026-08-31T21:40:56.403Z - Time taken for 'total execution time for createProjectGraph()' 32.50416400004178ms
[NX Daemon Server] - 2026-08-31T21:40:59.372Z - [WATCHER]: packages/angular/src/number-input/number-input.spec.ts was created or restored
[NX Daemon Server] - 2026-08-31T21:40:59.372Z - [WATCHER]: Processing file changes in outputs
[NX Daemon Server] - 2026-08-31T21:40:59.473Z - [REQUEST]: Updated workspace context based on watched changes, recomputing project graph...
[NX Daemon Server] - 2026-08-31T21:40:59.474Z - [REQUEST]: packages/angular/src/number-input/number-input.spec.ts
[NX Daemon Server] - 2026-08-31T21:40:59.474Z - [REQUEST]: 
[NX Daemon Server] - 2026-08-31T21:40:59.477Z - [REQUEST]: Responding to the client. handleHashGlob
[NX Daemon Server] - 2026-08-31T21:40:59.477Z - Done responding to the client handleHashGlob
[NX Daemon Server] - 2026-08-31T21:40:59.477Z - Handled HASH_GLOB. Handling time: 1. Response time: 0.
[NX Daemon Server] - 2026-08-31T21:40:59.477Z - Time taken for 'hash changed files from watcher' 0.33074699994176626ms
[NX Daemon Server] - 2026-08-31T21:40:59.478Z - [REQUEST]: Responding to the client. handleHashGlob
[NX Daemon Server] - 2026-08-31T21:40:59.478Z - Done responding to the client handleHashGlob
[NX Daemon Server] - 2026-08-31T21:40:59.478Z - Handled HASH_GLOB. Handling time: 0. Response time: 0.
[NX Daemon Server] - 2026-08-31T21:40:59.494Z - Time taken for 'build-project-configs' 13.648302999325097ms
[NX Daemon Server] - 2026-08-31T21:40:59.498Z - Time taken for '@nx/storybook/plugin:createDependencies' 7.998315999284387ms
[NX Daemon Server] - 2026-08-31T21:40:59.535Z - [SYNC]: collect registered sync generators
[NX Daemon Server] - 2026-08-31T21:40:59.535Z - [SYNC]: project graph hash is the same, not collecting task sync generators
[NX Daemon Server] - 2026-08-31T21:40:59.536Z - [SYNC]: nx.json hash is the same, not collecting global sync generators
[NX Daemon Server] - 2026-08-31T21:40:59.536Z - Time taken for 'total execution time for createProjectGraph()' 33.986084999516606ms
[NX Daemon Server] - 2026-08-31T21:41:01.952Z - [WATCHER]: packages/react/src/input/Input.tsx was modified
[NX Daemon Server] - 2026-08-31T21:41:01.952Z - [WATCHER]: Processing file changes in outputs
[NX Daemon Server] - 2026-08-31T21:41:02.154Z - [REQUEST]: Updated workspace context based on watched changes, recomputing project graph...
[NX Daemon Server] - 2026-08-31T21:41:02.154Z - [REQUEST]: packages/react/src/input/Input.tsx
[NX Daemon Server] - 2026-08-31T21:41:02.154Z - [REQUEST]: 
[NX Daemon Server] - 2026-08-31T21:41:02.157Z - [REQUEST]: Responding to the client. handleHashGlob
[NX Daemon Server] - 2026-08-31T21:41:02.157Z - Done responding to the client handleHashGlob
[NX Daemon Server] - 2026-08-31T21:41:02.157Z - Handled HASH_GLOB. Handling time: 0. Response time: 0.
[NX Daemon Server] - 2026-08-31T21:41:02.157Z - Time taken for 'hash changed files from watcher' 0.4298590002581477ms
[NX Daemon Server] - 2026-08-31T21:41:02.158Z - [REQUEST]: Responding to the client. handleHashGlob
[NX Daemon Server] - 2026-08-31T21:41:02.158Z - Done responding to the client handleHashGlob
[NX Daemon Server] - 2026-08-31T21:41:02.158Z - Handled HASH_GLOB. Handling time: 0. Response time: 0.
[NX Daemon Server] - 2026-08-31T21:41:02.179Z - Time taken for 'build-project-configs' 18.962152999825776ms
[NX Daemon Server] - 2026-08-31T21:41:02.183Z - Time taken for '@nx/storybook/plugin:createDependencies' 6.742620000615716ms
[NX Daemon Server] - 2026-08-31T21:41:02.219Z - [SYNC]: collect registered sync generators
[NX Daemon Server] - 2026-08-31T21:41:02.220Z - [SYNC]: project graph hash is the same, not collecting task sync generators
[NX Daemon Server] - 2026-08-31T21:41:02.220Z - [SYNC]: nx.json hash is the same, not collecting global sync generators
[NX Daemon Server] - 2026-08-31T21:41:02.220Z - Time taken for 'total execution time for createProjectGraph()' 31.80130899976939ms
[NX Daemon Server] - 2026-08-31T21:41:03.277Z - [WATCHER]: packages/angular/src/number-input/number-input.stories.ts was created or restored
[NX Daemon Server] - 2026-08-31T21:41:03.277Z - [WATCHER]: Processing file changes in outputs
[NX Daemon Server] - 2026-08-31T21:41:03.378Z - [REQUEST]: Updated workspace context based on watched changes, recomputing project graph...
[NX Daemon Server] - 2026-08-31T21:41:03.378Z - [REQUEST]: packages/angular/src/number-input/number-input.stories.ts
[NX Daemon Server] - 2026-08-31T21:41:03.379Z - [REQUEST]: 
[NX Daemon Server] - 2026-08-31T21:41:03.380Z - Time taken for 'hash changed files from watcher' 0.3776480006054044ms
[NX Daemon Server] - 2026-08-31T21:41:03.381Z - [REQUEST]: Responding to the client. handleHashGlob
[NX Daemon Server] - 2026-08-31T21:41:03.381Z - Done responding to the client handleHashGlob
[NX Daemon Server] - 2026-08-31T21:41:03.382Z - Handled HASH_GLOB. Handling time: 0. Response time: 1.
[NX Daemon Server] - 2026-08-31T21:41:03.382Z - [REQUEST]: Responding to the client. handleHashGlob
[NX Daemon Server] - 2026-08-31T21:41:03.382Z - Done responding to the client handleHashGlob
[NX Daemon Server] - 2026-08-31T21:41:03.382Z - Handled HASH_GLOB. Handling time: 0. Response time: 0.
[NX Daemon Server] - 2026-08-31T21:41:03.399Z - Time taken for 'build-project-configs' 13.44566799979657ms
[NX Daemon Server] - 2026-08-31T21:41:03.403Z - Time taken for '@nx/storybook/plugin:createDependencies' 8.42437499947846ms
[NX Daemon Server] - 2026-08-31T21:41:03.441Z - [SYNC]: collect registered sync generators
[NX Daemon Server] - 2026-08-31T21:41:03.442Z - [SYNC]: project graph hash is the same, not collecting task sync generators
[NX Daemon Server] - 2026-08-31T21:41:03.442Z - [SYNC]: nx.json hash is the same, not collecting global sync generators
[NX Daemon Server] - 2026-08-31T21:41:03.442Z - Time taken for 'total execution time for createProjectGraph()' 36.238020999357104ms
[NX Daemon Server] - 2026-08-31T21:41:05.128Z - [WATCHER]: packages/react/src/input/Input.tsx was modified
[NX Daemon Server] - 2026-08-31T21:41:05.128Z - [WATCHER]: Processing file changes in outputs
[NX Daemon Server] - 2026-08-31T21:41:05.328Z - [REQUEST]: Updated workspace context based on watched changes, recomputing project graph...
[NX Daemon Server] - 2026-08-31T21:41:05.328Z - [REQUEST]: packages/react/src/input/Input.tsx
[NX Daemon Server] - 2026-08-31T21:41:05.328Z - [REQUEST]: 
[NX Daemon Server] - 2026-08-31T21:41:05.331Z - [REQUEST]: Responding to the client. handleHashGlob
[NX Daemon Server] - 2026-08-31T21:41:05.331Z - Done responding to the client handleHashGlob
[NX Daemon Server] - 2026-08-31T21:41:05.331Z - Handled HASH_GLOB. Handling time: 1. Response time: 0.
[NX Daemon Server] - 2026-08-31T21:41:05.331Z - Time taken for 'hash changed files from watcher' 0.4088179999962449ms
[NX Daemon Server] - 2026-08-31T21:41:05.332Z - [REQUEST]: Responding to the client. handleHashGlob
[NX Daemon Server] - 2026-08-31T21:41:05.332Z - Done responding to the client handleHashGlob
[NX Daemon Server] - 2026-08-31T21:41:05.332Z - Handled HASH_GLOB. Handling time: 1. Response time: 0.
[NX Daemon Server] - 2026-08-31T21:41:05.352Z - Time taken for 'build-project-configs' 18.20052699930966ms
[NX Daemon Server] - 2026-08-31T21:41:05.356Z - Time taken for '@nx/storybook/plugin:createDependencies' 6.88765300065279ms
[NX Daemon Server] - 2026-08-31T21:41:05.388Z - [SYNC]: collect registered sync generators
[NX Daemon Server] - 2026-08-31T21:41:05.389Z - [SYNC]: project graph hash is the same, not collecting task sync generators
[NX Daemon Server] - 2026-08-31T21:41:05.389Z - [SYNC]: nx.json hash is the same, not collecting global sync generators
[NX Daemon Server] - 2026-08-31T21:41:05.389Z - Time taken for 'total execution time for createProjectGraph()' 29.238355999812484ms
[NX Daemon Server] - 2026-08-31T21:41:05.827Z - [WATCHER]: packages/angular/src/number-input/index.ts was created or restored
[NX Daemon Server] - 2026-08-31T21:41:05.827Z - [WATCHER]: Processing file changes in outputs
[NX Daemon Server] - 2026-08-31T21:41:05.927Z - [REQUEST]: Updated workspace context based on watched changes, recomputing project graph...
[NX Daemon Server] - 2026-08-31T21:41:05.927Z - [REQUEST]: packages/angular/src/number-input/index.ts
[NX Daemon Server] - 2026-08-31T21:41:05.927Z - [REQUEST]: 
[NX Daemon Server] - 2026-08-31T21:41:05.930Z - [REQUEST]: Responding to the client. handleHashGlob
[NX Daemon Server] - 2026-08-31T21:41:05.930Z - Done responding to the client handleHashGlob
[NX Daemon Server] - 2026-08-31T21:41:05.930Z - Handled HASH_GLOB. Handling time: 0. Response time: 0.
[NX Daemon Server] - 2026-08-31T21:41:05.930Z - Time taken for 'hash changed files from watcher' 0.38344800006598234ms
[NX Daemon Server] - 2026-08-31T21:41:05.931Z - [REQUEST]: Responding to the client. handleHashGlob
[NX Daemon Server] - 2026-08-31T21:41:05.931Z - Done responding to the client handleHashGlob
[NX Daemon Server] - 2026-08-31T21:41:05.931Z - Handled HASH_GLOB. Handling time: 0. Response time: 0.
[NX Daemon Server] - 2026-08-31T21:41:05.945Z - Time taken for 'build-project-configs' 11.384495999664068ms
[NX Daemon Server] - 2026-08-31T21:41:05.948Z - Time taken for '@nx/storybook/plugin:createDependencies' 6.570175999775529ms
[NX Daemon Server] - 2026-08-31T21:41:05.982Z - [SYNC]: collect registered sync generators
[NX Daemon Server] - 2026-08-31T21:41:05.983Z - [SYNC]: project graph hash is the same, not collecting task sync generators
[NX Daemon Server] - 2026-08-31T21:41:05.983Z - [SYNC]: nx.json hash is the same, not collecting global sync generators
[NX Daemon Server] - 2026-08-31T21:41:05.983Z - Time taken for 'total execution time for createProjectGraph()' 29.95509000029415ms
[NX Daemon Server] - 2026-08-31T21:41:14.926Z - [WATCHER]: packages/angular/src/search-input/search-input.component.ts was created or restored
[NX Daemon Server] - 2026-08-31T21:41:14.926Z - [WATCHER]: Processing file changes in outputs
[NX Daemon Server] - 2026-08-31T21:41:15.027Z - [REQUEST]: Updated workspace context based on watched changes, recomputing project graph...
[NX Daemon Server] - 2026-08-31T21:41:15.027Z - [REQUEST]: packages/angular/src/search-input/search-input.component.ts
[NX Daemon Server] - 2026-08-31T21:41:15.027Z - [REQUEST]: 
[NX Daemon Server] - 2026-08-31T21:41:15.030Z - [REQUEST]: Responding to the client. handleHashGlob
[NX Daemon Server] - 2026-08-31T21:41:15.030Z - Done responding to the client handleHashGlob
[NX Daemon Server] - 2026-08-31T21:41:15.030Z - Handled HASH_GLOB. Handling time: 1. Response time: 0.
[NX Daemon Server] - 2026-08-31T21:41:15.030Z - Time taken for 'hash changed files from watcher' 0.389058000408113ms
[NX Daemon Server] - 2026-08-31T21:41:15.033Z - [REQUEST]: Responding to the client. handleHashGlob
[NX Daemon Server] - 2026-08-31T21:41:15.033Z - Done responding to the client handleHashGlob
[NX Daemon Server] - 2026-08-31T21:41:15.033Z - Handled HASH_GLOB. Handling time: 2. Response time: 0.
[NX Daemon Server] - 2026-08-31T21:41:15.045Z - Time taken for 'build-project-configs' 12.311154999770224ms
[NX Daemon Server] - 2026-08-31T21:41:15.049Z - Time taken for '@nx/storybook/plugin:createDependencies' 7.287371000275016ms
[NX Daemon Server] - 2026-08-31T21:41:15.084Z - [SYNC]: collect registered sync generators
[NX Daemon Server] - 2026-08-31T21:41:15.084Z - [SYNC]: project graph hash is the same, not collecting task sync generators
[NX Daemon Server] - 2026-08-31T21:41:15.084Z - [SYNC]: nx.json hash is the same, not collecting global sync generators
[NX Daemon Server] - 2026-08-31T21:41:15.084Z - Time taken for 'total execution time for createProjectGraph()' 31.06353300064802ms
[NX Daemon Server] - 2026-08-31T21:41:18.451Z - [WATCHER]: packages/angular/src/search-input/search-input.spec.ts was created or restored
[NX Daemon Server] - 2026-08-31T21:41:18.451Z - [WATCHER]: Processing file changes in outputs
[NX Daemon Server] - 2026-08-31T21:41:18.552Z - [REQUEST]: Updated workspace context based on watched changes, recomputing project graph...
[NX Daemon Server] - 2026-08-31T21:41:18.552Z - [REQUEST]: packages/angular/src/search-input/search-input.spec.ts
[NX Daemon Server] - 2026-08-31T21:41:18.552Z - [REQUEST]: 
[NX Daemon Server] - 2026-08-31T21:41:18.555Z - [REQUEST]: Responding to the client. handleHashGlob
[NX Daemon Server] - 2026-08-31T21:41:18.555Z - Done responding to the client handleHashGlob
[NX Daemon Server] - 2026-08-31T21:41:18.555Z - Handled HASH_GLOB. Handling time: 0. Response time: 0.
[NX Daemon Server] - 2026-08-31T21:41:18.555Z - Time taken for 'hash changed files from watcher' 0.39561899937689304ms
[NX Daemon Server] - 2026-08-31T21:41:18.556Z - [REQUEST]: Responding to the client. handleHashGlob
[NX Daemon Server] - 2026-08-31T21:41:18.556Z - Done responding to the client handleHashGlob
[NX Daemon Server] - 2026-08-31T21:41:18.556Z - Handled HASH_GLOB. Handling time: 0. Response time: 0.
[NX Daemon Server] - 2026-08-31T21:41:18.568Z - Time taken for 'build-project-configs' 10.97732700034976ms
[NX Daemon Server] - 2026-08-31T21:41:18.572Z - Time taken for '@nx/storybook/plugin:createDependencies' 6.193008000031114ms
[NX Daemon Server] - 2026-08-31T21:41:18.610Z - [SYNC]: collect registered sync generators
[NX Daemon Server] - 2026-08-31T21:41:18.610Z - [SYNC]: project graph hash is the same, not collecting task sync generators
[NX Daemon Server] - 2026-08-31T21:41:18.610Z - [SYNC]: nx.json hash is the same, not collecting global sync generators
[NX Daemon Server] - 2026-08-31T21:41:18.610Z - Time taken for 'total execution time for createProjectGraph()' 32.93314200080931ms
[NX Daemon Server] - 2026-08-31T21:41:22.204Z - [WATCHER]: Processing file changes in outputs
[NX Daemon Server] - 2026-08-31T21:41:22.205Z - [WATCHER]: packages/angular/src/search-input/search-input.stories.ts was created or restored
[NX Daemon Server] - 2026-08-31T21:41:22.306Z - [REQUEST]: Updated workspace context based on watched changes, recomputing project graph...
[NX Daemon Server] - 2026-08-31T21:41:22.306Z - [REQUEST]: packages/angular/src/search-input/search-input.stories.ts
[NX Daemon Server] - 2026-08-31T21:41:22.306Z - [REQUEST]: 
[NX Daemon Server] - 2026-08-31T21:41:22.308Z - Time taken for 'hash changed files from watcher' 0.4355790000408888ms
[NX Daemon Server] - 2026-08-31T21:41:22.309Z - [REQUEST]: Responding to the client. handleHashGlob
[NX Daemon Server] - 2026-08-31T21:41:22.309Z - Done responding to the client handleHashGlob
[NX Daemon Server] - 2026-08-31T21:41:22.309Z - Handled HASH_GLOB. Handling time: 1. Response time: 0.
[NX Daemon Server] - 2026-08-31T21:41:22.310Z - [REQUEST]: Responding to the client. handleHashGlob
[NX Daemon Server] - 2026-08-31T21:41:22.310Z - Done responding to the client handleHashGlob
[NX Daemon Server] - 2026-08-31T21:41:22.310Z - Handled HASH_GLOB. Handling time: 1. Response time: 0.
[NX Daemon Server] - 2026-08-31T21:41:22.323Z - Time taken for 'build-project-configs' 11.276993999257684ms
[NX Daemon Server] - 2026-08-31T21:41:22.328Z - Time taken for '@nx/storybook/plugin:createDependencies' 7.9880059994757175ms
[NX Daemon Server] - 2026-08-31T21:41:22.366Z - [SYNC]: collect registered sync generators
[NX Daemon Server] - 2026-08-31T21:41:22.366Z - [SYNC]: project graph hash is the same, not collecting task sync generators
[NX Daemon Server] - 2026-08-31T21:41:22.366Z - [SYNC]: nx.json hash is the same, not collecting global sync generators
[NX Daemon Server] - 2026-08-31T21:41:22.366Z - Time taken for 'total execution time for createProjectGraph()' 32.12880500033498ms
[NX Daemon Server] - 2026-08-31T21:41:24.889Z - [WATCHER]: packages/angular/src/search-input/index.ts was created or restored
[NX Daemon Server] - 2026-08-31T21:41:24.890Z - [WATCHER]: Processing file changes in outputs
[NX Daemon Server] - 2026-08-31T21:41:24.990Z - [REQUEST]: Updated workspace context based on watched changes, recomputing project graph...
[NX Daemon Server] - 2026-08-31T21:41:24.990Z - [REQUEST]: packages/angular/src/search-input/index.ts
[NX Daemon Server] - 2026-08-31T21:41:24.990Z - [REQUEST]: 
[NX Daemon Server] - 2026-08-31T21:41:24.992Z - Time taken for 'hash changed files from watcher' 0.3905279999598861ms
[NX Daemon Server] - 2026-08-31T21:41:24.993Z - [REQUEST]: Responding to the client. handleHashGlob
[NX Daemon Server] - 2026-08-31T21:41:24.993Z - Done responding to the client handleHashGlob
[NX Daemon Server] - 2026-08-31T21:41:24.993Z - Handled HASH_GLOB. Handling time: 1. Response time: 0.
[NX Daemon Server] - 2026-08-31T21:41:24.994Z - [REQUEST]: Responding to the client. handleHashGlob
[NX Daemon Server] - 2026-08-31T21:41:24.994Z - Done responding to the client handleHashGlob
[NX Daemon Server] - 2026-08-31T21:41:24.994Z - Handled HASH_GLOB. Handling time: 1. Response time: 0.
[NX Daemon Server] - 2026-08-31T21:41:25.007Z - Time taken for 'build-project-configs' 11.241732999682426ms
[NX Daemon Server] - 2026-08-31T21:41:25.012Z - Time taken for '@nx/storybook/plugin:createDependencies' 7.65151899959892ms
[NX Daemon Server] - 2026-08-31T21:41:25.045Z - [SYNC]: collect registered sync generators
[NX Daemon Server] - 2026-08-31T21:41:25.046Z - [SYNC]: project graph hash is the same, not collecting task sync generators
[NX Daemon Server] - 2026-08-31T21:41:25.046Z - [SYNC]: nx.json hash is the same, not collecting global sync generators
[NX Daemon Server] - 2026-08-31T21:41:25.046Z - Time taken for 'total execution time for createProjectGraph()' 30.248266000300646ms
[NX Daemon Server] - 2026-08-31T21:41:27.547Z - [WATCHER]: packages/react/src/number-input/NumberInput.tsx was created or restored
[NX Daemon Server] - 2026-08-31T21:41:27.547Z - [WATCHER]: Processing file changes in outputs
[NX Daemon Server] - 2026-08-31T21:41:27.648Z - [REQUEST]: Updated workspace context based on watched changes, recomputing project graph...
[NX Daemon Server] - 2026-08-31T21:41:27.648Z - [REQUEST]: packages/react/src/number-input/NumberInput.tsx
[NX Daemon Server] - 2026-08-31T21:41:27.648Z - [REQUEST]: 
[NX Daemon Server] - 2026-08-31T21:41:27.651Z - [REQUEST]: Responding to the client. handleHashGlob
[NX Daemon Server] - 2026-08-31T21:41:27.651Z - Done responding to the client handleHashGlob
[NX Daemon Server] - 2026-08-31T21:41:27.651Z - Handled HASH_GLOB. Handling time: 1. Response time: 0.
[NX Daemon Server] - 2026-08-31T21:41:27.651Z - Time taken for 'hash changed files from watcher' 0.38160800002515316ms
[NX Daemon Server] - 2026-08-31T21:41:27.652Z - [REQUEST]: Responding to the client. handleHashGlob
[NX Daemon Server] - 2026-08-31T21:41:27.652Z - Done responding to the client handleHashGlob
[NX Daemon Server] - 2026-08-31T21:41:27.652Z - Handled HASH_GLOB. Handling time: 1. Response time: 0.
[NX Daemon Server] - 2026-08-31T21:41:27.672Z - Time taken for 'build-project-configs' 19.458232999779284ms
[NX Daemon Server] - 2026-08-31T21:41:27.677Z - Time taken for '@nx/storybook/plugin:createDependencies' 7.582907000556588ms
[NX Daemon Server] - 2026-08-31T21:41:27.711Z - [SYNC]: collect registered sync generators
[NX Daemon Server] - 2026-08-31T21:41:27.711Z - [SYNC]: project graph hash is the same, not collecting task sync generators
[NX Daemon Server] - 2026-08-31T21:41:27.711Z - [SYNC]: nx.json hash is the same, not collecting global sync generators
[NX Daemon Server] - 2026-08-31T21:41:27.711Z - Time taken for 'total execution time for createProjectGraph()' 30.46114999987185ms
[NX Daemon Server] - 2026-08-31T21:41:30.532Z - [WATCHER]: packages/angular/src/index.ts was modified
[NX Daemon Server] - 2026-08-31T21:41:30.532Z - [WATCHER]: Processing file changes in outputs
[NX Daemon Server] - 2026-08-31T21:41:30.733Z - [REQUEST]: Updated workspace context based on watched changes, recomputing project graph...
[NX Daemon Server] - 2026-08-31T21:41:30.733Z - [REQUEST]: packages/angular/src/index.ts
[NX Daemon Server] - 2026-08-31T21:41:30.733Z - [REQUEST]: 
[NX Daemon Server] - 2026-08-31T21:41:30.735Z - Time taken for 'hash changed files from watcher' 0.4226889992132783ms
[NX Daemon Server] - 2026-08-31T21:41:30.736Z - [REQUEST]: Responding to the client. handleHashGlob
[NX Daemon Server] - 2026-08-31T21:41:30.736Z - Done responding to the client handleHashGlob
[NX Daemon Server] - 2026-08-31T21:41:30.736Z - Handled HASH_GLOB. Handling time: 0. Response time: 0.
[NX Daemon Server] - 2026-08-31T21:41:30.737Z - [REQUEST]: Responding to the client. handleHashGlob
[NX Daemon Server] - 2026-08-31T21:41:30.737Z - Done responding to the client handleHashGlob
[NX Daemon Server] - 2026-08-31T21:41:30.737Z - Handled HASH_GLOB. Handling time: 1. Response time: 0.
[NX Daemon Server] - 2026-08-31T21:41:30.751Z - Time taken for 'build-project-configs' 12.090669999830425ms
[NX Daemon Server] - 2026-08-31T21:41:30.755Z - Time taken for '@nx/storybook/plugin:createDependencies' 7.407433000393212ms
[NX Daemon Server] - 2026-08-31T21:41:30.789Z - [SYNC]: collect registered sync generators
[NX Daemon Server] - 2026-08-31T21:41:30.789Z - [SYNC]: project graph hash is the same, not collecting task sync generators
[NX Daemon Server] - 2026-08-31T21:41:30.789Z - [SYNC]: nx.json hash is the same, not collecting global sync generators
[NX Daemon Server] - 2026-08-31T21:41:30.789Z - Time taken for 'total execution time for createProjectGraph()' 29.523880999535322ms
[NX Daemon Server] - 2026-08-31T21:41:31.662Z - [WATCHER]: 3 file(s) created or restored, 0 file(s) modified, 0 file(s) deleted
[NX Daemon Server] - 2026-08-31T21:41:31.662Z - [WATCHER]: Processing file changes in outputs
[NX Daemon Server] - 2026-08-31T21:41:31.764Z - [REQUEST]: Updated workspace context based on watched changes, recomputing project graph...
[NX Daemon Server] - 2026-08-31T21:41:31.764Z - [REQUEST]: packages/react/src/number-input/index.ts,packages/react/src/number-input/NumberInput.stories.tsx,packages/react/src/number-input/NumberInput.test.tsx
[NX Daemon Server] - 2026-08-31T21:41:31.764Z - [REQUEST]: 
[NX Daemon Server] - 2026-08-31T21:41:31.768Z - [REQUEST]: Responding to the client. handleHashGlob
[NX Daemon Server] - 2026-08-31T21:41:31.768Z - Done responding to the client handleHashGlob
[NX Daemon Server] - 2026-08-31T21:41:31.768Z - Handled HASH_GLOB. Handling time: 1. Response time: 0.
[NX Daemon Server] - 2026-08-31T21:41:31.768Z - Time taken for 'hash changed files from watcher' 0.7206549998372793ms
[NX Daemon Server] - 2026-08-31T21:41:31.769Z - [REQUEST]: Responding to the client. handleHashGlob
[NX Daemon Server] - 2026-08-31T21:41:31.769Z - Done responding to the client handleHashGlob
[NX Daemon Server] - 2026-08-31T21:41:31.769Z - Handled HASH_GLOB. Handling time: 0. Response time: 0.
[NX Daemon Server] - 2026-08-31T21:41:31.791Z - Time taken for 'build-project-configs' 21.18805900029838ms
[NX Daemon Server] - 2026-08-31T21:41:31.796Z - Time taken for '@nx/storybook/plugin:createDependencies' 6.977314999327064ms
[NX Daemon Server] - 2026-08-31T21:41:31.834Z - [SYNC]: collect registered sync generators
[NX Daemon Server] - 2026-08-31T21:41:31.834Z - [SYNC]: project graph hash is the same, not collecting task sync generators
[NX Daemon Server] - 2026-08-31T21:41:31.834Z - [SYNC]: nx.json hash is the same, not collecting global sync generators
[NX Daemon Server] - 2026-08-31T21:41:31.834Z - Time taken for 'total execution time for createProjectGraph()' 34.776479999534786ms
[NX Daemon Server] - 2026-08-31T21:41:34.119Z - Established a connection. Number of open connections: 2
[NX Daemon Server] - 2026-08-31T21:41:34.120Z - Closed a connection. Number of open connections: 1
[NX Daemon Server] - 2026-08-31T21:41:34.120Z - Established a connection. Number of open connections: 2
[NX Daemon Server] - 2026-08-31T21:41:34.121Z - [REQUEST]: Client Request for Project Graph Received
[NX Daemon Server] - 2026-08-31T21:41:34.121Z - [REQUEST]: Responding to the client. project-graph
[NX Daemon Server] - 2026-08-31T21:41:34.122Z - Time taken for 'total for creating and serializing project graph' 0.28359599970281124ms
[NX Daemon Server] - 2026-08-31T21:41:34.123Z - Done responding to the client project-graph
[NX Daemon Server] - 2026-08-31T21:41:34.123Z - Handled REQUEST_PROJECT_GRAPH. Handling time: 0. Response time: 2.
[NX Daemon Server] - 2026-08-31T21:41:34.131Z - Closed a connection. Number of open connections: 1
[NX Daemon Server] - 2026-08-31T21:41:39.734Z - [WATCHER]: 0 file(s) created or restored, 0 file(s) modified, 113 file(s) deleted
[NX Daemon Server] - 2026-08-31T21:41:39.734Z - [WATCHER]: Processing file changes in outputs
[NX Daemon Server] - 2026-08-31T21:41:39.834Z - [REQUEST]: Updated workspace context based on watched changes, recomputing project graph...
[NX Daemon Server] - 2026-08-31T21:41:39.834Z - [REQUEST]: 
[NX Daemon Server] - 2026-08-31T21:41:39.834Z - [REQUEST]: dist/packages/angular/esm2022/button/index.mjs,dist/packages/angular/radio/index.d.ts,dist/packages/angular/esm2022/panel/index.mjs,dist/packages/angular/container/index.d.ts,dist/packages/angular/scroll-area/index.d.ts,dist/packages/angular/esm2022/panel/panel.component.mjs,dist/packages/angular/esm2022/section/section.component.mjs,dist/packages/angular/.npmignore,dist/packages/angular/esm2022/container/container.component.mjs,dist/packages/angular/header/header.component.d.ts,dist/packages/angular/button/button.directive.d.ts,dist/packages/angular/esm2022/grid/grid.component.mjs,dist/packages/angular/esm2022/footer/index.mjs,dist/packages/angular/esm2022/utils.mjs,dist/packages/angular/split/split.component.d.ts,dist/packages/angular/esm2022/switch/switch.component.mjs,dist/packages/angular/esm2022/checkbox/index.mjs,dist/packages/angular/grid/grid-item.component.d.ts,dist/packages/angular/fesm2022/glowing-sea-studio-erebus-angular.mjs,dist/packages/angular/input/input.directive.d.ts,dist/packages/angular/esm2022/grid/grid-item.component.mjs,dist/packages/angular/esm2022/aspect-ratio/index.mjs,dist/packages/angular/esm2022/index.mjs,dist/packages/angular/section/index.d.ts,dist/packages/angular/menu/menu.component.d.ts,dist/packages/angular/esm2022/section/index.mjs,dist/packages/angular/esm2022/container/index.mjs,dist/packages/angular/grid/grid.component.d.ts,dist/packages/angular/aspect-ratio/index.d.ts,dist/packages/angular/section/section.component.d.ts,dist/packages/angular/grid/index.d.ts,dist/packages/angular/esm2022/spacer/index.mjs,dist/packages/angular/esm2022/radio/radio.component.mjs,dist/packages/angular/esm2022/input/input.directive.mjs,dist/packages/angular/esm2022/menu/menu.component.mjs,dist/packages/angular/esm2022/inline/index.mjs,dist/packages/angular/fesm2022/glowing-sea-studio-erebus-angular.mjs.map,dist/packages/angular/inline/inline.component.d.ts,dist/packages/angular/esm2022/modal/modal.component.mjs,dist/packages/angular/esm2022/tabs/tabs.component.mjs,dist/packages/angular/esm2022/menu/index.mjs,dist/packages/angular/textarea/textarea.directive.d.ts,dist/packages/angular/container/container.component.d.ts,dist/packages/angular/esm2022/center/center.component.mjs,dist/packages/angular/index.d.ts,dist/packages/angular/esm2022/alert/alert.component.mjs,dist/packages/angular/esm2022/header/header.component.mjs,dist/packages/angular/esm2022/center/index.mjs,dist/packages/angular/flex/flex.component.d.ts,dist/packages/angular/esm2022/scroll-area/index.mjs,dist/packages/angular/esm2022/stack/stack.component.mjs,dist/packages/angular/checkbox/index.d.ts,dist/packages/angular/panel/index.d.ts,dist/packages/angular/inline/index.d.ts,dist/packages/angular/esm2022/tabs/index.mjs,dist/packages/angular/spacer/spacer.component.d.ts,dist/packages/angular/scroll-area/scroll-area.component.d.ts,dist/packages/angular/tabs/index.d.ts,dist/packages/angular/esm2022/stack/index.mjs,dist/packages/angular/esm2022/input/index.mjs,dist/packages/angular/card/index.d.ts,dist/packages/angular/card/card.component.d.ts,dist/packages/angular/alert/alert.component.d.ts,dist/packages/angular/button/index.d.ts,dist/packages/angular/esm2022/split/index.mjs,dist/packages/angular/esm2022/modal/index.mjs,dist/packages/angular/modal/modal.component.d.ts,dist/packages/angular/esm2022/spacer/spacer.component.mjs,dist/packages/angular/switch/switch.component.d.ts,dist/packages/angular/stack/stack.component.d.ts,dist/packages/angular/stack/index.d.ts,dist/packages/angular/esm2022/checkbox/checkbox.component.mjs,dist/packages/angular/esm2022/input/input-wrapper.component.mjs,dist/packages/angular/utils.d.ts,dist/packages/angular/alert/index.d.ts,dist/packages/angular/package.json,dist/packages/angular/menu/index.d.ts,dist/packages/angular/esm2022/button/button.directive.mjs,dist/packages/angular/modal/index.d.ts,dist/packages/angular/radio/radio.component.d.ts,dist/packages/angular/switch/index.d.ts,dist/packages/angular/esm2022/grid/index.mjs,dist/packages/angular/esm2022/scroll-area/scroll-area.component.mjs,dist/packages/angular/footer/footer.component.d.ts,dist/packages/angular/esm2022/header/index.mjs,dist/packages/angular/esm2022/split/split.component.mjs,dist/packages/angular/esm2022/aspect-ratio/aspect-ratio.component.mjs,dist/packages/angular/header/index.d.ts,dist/packages/angular/split/index.d.ts,dist/packages/angular/esm2022/flex/index.mjs,dist/packages/angular/esm2022/textarea/index.mjs,dist/packages/angular/spacer/index.d.ts,dist/packages/angular/esm2022/card/index.mjs,dist/packages/angular/esm2022/radio/index.mjs,dist/packages/angular/panel/panel.component.d.ts,dist/packages/angular/center/center.component.d.ts,dist/packages/angular/checkbox/checkbox.component.d.ts,dist/packages/angular/esm2022/inline/inline.component.mjs,dist/packages/angular/esm2022/textarea/textarea.directive.mjs,dist/packages/angular/esm2022/footer/footer.component.mjs,dist/packages/angular/input/index.d.ts,dist/packages/angular/aspect-ratio/aspect-ratio.component.d.ts,dist/packages/angular/input/input-wrapper.component.d.ts,dist/packages/angular/textarea/index.d.ts,dist/packages/angular/tabs/tabs.component.d.ts,dist/packages/angular/center/index.d.ts,dist/packages/angular/esm2022/switch/index.mjs,dist/packages/angular/esm2022/flex/flex.component.mjs,dist/packages/angular/esm2022/card/card.component.mjs,dist/packages/angular/footer/index.d.ts,dist/packages/angular/flex/index.d.ts,dist/packages/angular/esm2022/alert/index.mjs,dist/packages/angular/esm2022/glowing-sea-studio-erebus-angular.mjs
[NX Daemon Server] - 2026-08-31T21:41:39.836Z - Time taken for 'hash changed files from watcher' 0.36819699965417385ms
[NX Daemon Server] - 2026-08-31T21:41:39.837Z - [REQUEST]: Responding to the client. handleHashGlob
[NX Daemon Server] - 2026-08-31T21:41:39.837Z - Done responding to the client handleHashGlob
[NX Daemon Server] - 2026-08-31T21:41:39.837Z - Handled HASH_GLOB. Handling time: 0. Response time: 0.
[NX Daemon Server] - 2026-08-31T21:41:39.838Z - [REQUEST]: Responding to the client. handleHashGlob
[NX Daemon Server] - 2026-08-31T21:41:39.838Z - Done responding to the client handleHashGlob
[NX Daemon Server] - 2026-08-31T21:41:39.838Z - Handled HASH_GLOB. Handling time: 0. Response time: 0.
[NX Daemon Server] - 2026-08-31T21:41:39.852Z - Time taken for 'build-project-configs' 12.129960999824107ms
[NX Daemon Server] - 2026-08-31T21:41:39.856Z - Time taken for '@nx/storybook/plugin:createDependencies' 6.58387599978596ms
[NX Daemon Server] - 2026-08-31T21:41:39.879Z - [SYNC]: collect registered sync generators
[NX Daemon Server] - 2026-08-31T21:41:39.880Z - [SYNC]: project graph hash is the same, not collecting task sync generators
[NX Daemon Server] - 2026-08-31T21:41:39.880Z - [SYNC]: nx.json hash is the same, not collecting global sync generators
[NX Daemon Server] - 2026-08-31T21:41:39.880Z - Time taken for 'total execution time for createProjectGraph()' 18.85913100000471ms
[NX Daemon Server] - 2026-08-31T21:41:41.146Z - [WATCHER]: 71 file(s) created or restored, 0 file(s) modified, 0 file(s) deleted
[NX Daemon Server] - 2026-08-31T21:41:41.147Z - [WATCHER]: Processing file changes in outputs
[NX Daemon Server] - 2026-08-31T21:41:41.198Z - [WATCHER]: Processing file changes in outputs
[NX Daemon Server] - 2026-08-31T21:41:41.199Z - [WATCHER]: 61 file(s) created or restored, 0 file(s) modified, 0 file(s) deleted
[NX Daemon Server] - 2026-08-31T21:41:41.252Z - [REQUEST]: Updated workspace context based on watched changes, recomputing project graph...
[NX Daemon Server] - 2026-08-31T21:41:41.252Z - [REQUEST]: dist/packages/angular/inline/inline.component.d.ts,dist/packages/angular/scroll-area/scroll-area.component.d.ts,dist/packages/angular/flex/index.d.ts,dist/packages/angular/esm2022/grid/index.mjs,dist/packages/angular/spacer/index.d.ts,dist/packages/angular/esm2022/center/index.mjs,dist/packages/angular/esm2022/input/index.mjs,dist/packages/angular/esm2022/scroll-area/index.mjs,dist/packages/angular/esm2022/container/container.component.mjs,dist/packages/angular/card/index.d.ts,dist/packages/angular/esm2022/inline/inline.component.mjs,dist/packages/angular/esm2022/aspect-ratio/aspect-ratio.component.mjs,dist/packages/angular/input/input-wrapper.component.d.ts,dist/packages/angular/section/section.component.d.ts,dist/packages/angular/grid/grid.component.d.ts,dist/packages/angular/textarea/index.d.ts,dist/packages/angular/inline/index.d.ts,dist/packages/angular/aspect-ratio/aspect-ratio.component.d.ts,dist/packages/angular/aspect-ratio/index.d.ts,dist/packages/angular/esm2022/card/index.mjs,dist/packages/angular/esm2022/inline/index.mjs,dist/packages/angular/grid/grid-item.component.d.ts,dist/packages/angular/esm2022/split/index.mjs,dist/packages/angular/split/index.d.ts,dist/packages/angular/split/split.component.d.ts,dist/packages/angular/esm2022/container/index.mjs,dist/packages/angular/esm2022/button/button.directive.mjs,dist/packages/angular/esm2022/checkbox/index.mjs,dist/packages/angular/esm2022/stack/stack.component.mjs,dist/packages/angular/spacer/spacer.component.d.ts,dist/packages/angular/esm2022/textarea/index.mjs,dist/packages/angular/esm2022/scroll-area/scroll-area.component.mjs,dist/packages/angular/esm2022/stack/index.mjs,dist/packages/angular/scroll-area/index.d.ts,dist/packages/angular/esm2022/center/center.component.mjs,dist/packages/angular/card/card.component.d.ts,dist/packages/angular/input/input.directive.d.ts,dist/packages/angular/utils.d.ts,dist/packages/angular/grid/index.d.ts,dist/packages/angular/esm2022/input/input-wrapper.component.mjs,dist/packages/angular/esm2022/aspect-ratio/index.mjs,dist/packages/angular/center/center.component.d.ts,dist/packages/angular/button/index.d.ts,dist/packages/angular/checkbox/index.d.ts,dist/packages/angular/esm2022/card/card.component.mjs,dist/packages/angular/esm2022/section/section.component.mjs,dist/packages/angular/esm2022/textarea/textarea.directive.mjs,dist/packages/angular/esm2022/grid/grid-item.component.mjs,dist/packages/angular/esm2022/split/split.component.mjs,dist/packages/angular/esm2022/flex/index.mjs,dist/packages/angular/stack/index.d.ts,dist/packages/angular/textarea/textarea.directive.d.ts,dist/packages/angular/esm2022/radio/radio.component.mjs,dist/packages/angular/esm2022/spacer/spacer.component.mjs,dist/packages/angular/esm2022/section/index.mjs,dist/packages/angular/button/button.directive.d.ts,dist/packages/angular/checkbox/checkbox.component.d.ts,dist/packages/angular/container/index.d.ts,dist/packages/angular/esm2022/grid/grid.component.mjs,dist/packages/angular/esm2022/utils.mjs,dist/packages/angular/esm2022/input/input.directive.mjs,dist/packages/angular/input/index.d.ts,dist/packages/angular/esm2022/button/index.mjs,dist/packages/angular/esm2022/checkbox/checkbox.component.mjs,dist/packages/angular/section/index.d.ts,dist/packages/angular/esm2022/spacer/index.mjs,dist/packages/angular/container/container.component.d.ts,dist/packages/angular/flex/flex.component.d.ts,dist/packages/angular/stack/stack.component.d.ts,dist/packages/angular/esm2022/flex/flex.component.mjs,dist/packages/angular/center/index.d.ts,dist/packages/angular/esm2022/tabs/tabs.component.mjs,dist/packages/angular/footer/index.d.ts,dist/packages/angular/select/select.directive.d.ts,dist/packages/angular/esm2022/panel/index.mjs,dist/packages/angular/esm2022/footer/index.mjs,dist/packages/angular/switch/index.d.ts,dist/packages/angular/esm2022/radio-group/index.mjs,dist/packages/angular/radio-group/index.d.ts,dist/packages/angular/esm2022/alert/index.mjs,dist/packages/angular/esm2022/select/select.directive.mjs,dist/packages/angular/esm2022/switch/index.mjs,dist/packages/angular/menu/index.d.ts,dist/packages/angular/tabs/tabs.component.d.ts,dist/packages/angular/esm2022/number-input/number-input.component.mjs,dist/packages/angular/radio/index.d.ts,dist/packages/angular/panel/index.d.ts,dist/packages/angular/esm2022/tabs/index.mjs,dist/packages/angular/alert/index.d.ts,dist/packages/angular/radio/radio.component.d.ts,dist/packages/angular/switch/switch.component.d.ts,dist/packages/angular/esm2022/checkbox-group/index.mjs,dist/packages/angular/esm2022/radio-group/radio-group.component.mjs,dist/packages/angular/radio-group/radio-group.component.d.ts,dist/packages/angular/search-input/search-input.component.d.ts,dist/packages/angular/esm2022/glowing-sea-studio-erebus-angular.mjs,dist/packages/angular/modal/modal.component.d.ts,dist/packages/angular/header/index.d.ts,dist/packages/angular/esm2022/panel/panel.component.mjs,dist/packages/angular/esm2022/search-input/search-input.component.mjs,dist/packages/angular/esm2022/alert/alert.component.mjs,dist/packages/angular/esm2022/header/header.component.mjs,dist/packages/angular/panel/panel.component.d.ts,dist/packages/angular/esm2022/index.mjs,dist/packages/angular/esm2022/modal/index.mjs,dist/packages/angular/select/index.d.ts,dist/packages/angular/esm2022/number-input/index.mjs,dist/packages/angular/esm2022/menu/menu.component.mjs,dist/packages/angular/esm2022/radio/index.mjs,dist/packages/angular/checkbox-group/index.d.ts,dist/packages/angular/modal/index.d.ts,dist/packages/angular/index.d.ts,dist/packages/angular/esm2022/switch/switch.component.mjs,dist/packages/angular/esm2022/select/index.mjs,dist/packages/angular/search-input/index.d.ts,dist/packages/angular/menu/menu.component.d.ts,dist/packages/angular/esm2022/modal/modal.component.mjs,dist/packages/angular/alert/alert.component.d.ts,dist/packages/angular/esm2022/header/index.mjs,dist/packages/angular/esm2022/checkbox-group/checkbox-group.component.mjs,dist/packages/angular/number-input/index.d.ts,dist/packages/angular/tabs/index.d.ts,dist/packages/angular/number-input/number-input.component.d.ts,dist/packages/angular/checkbox-group/checkbox-group.component.d.ts,dist/packages/angular/header/header.component.d.ts,dist/packages/angular/esm2022/search-input/index.mjs,dist/packages/angular/esm2022/menu/index.mjs,dist/packages/angular/esm2022/footer/footer.component.mjs,dist/packages/angular/footer/footer.component.d.ts
[NX Daemon Server] - 2026-08-31T21:41:41.252Z - [REQUEST]: 
[NX Daemon Server] - 2026-08-31T21:41:41.253Z - Time taken for 'hash changed files from watcher' 4.294448000378907ms
[NX Daemon Server] - 2026-08-31T21:41:41.254Z - [REQUEST]: Responding to the client. handleHashGlob
[NX Daemon Server] - 2026-08-31T21:41:41.254Z - Done responding to the client handleHashGlob
[NX Daemon Server] - 2026-08-31T21:41:41.254Z - Handled HASH_GLOB. Handling time: 0. Response time: 0.
[NX Daemon Server] - 2026-08-31T21:41:41.255Z - [REQUEST]: Responding to the client. handleHashGlob
[NX Daemon Server] - 2026-08-31T21:41:41.256Z - Done responding to the client handleHashGlob
[NX Daemon Server] - 2026-08-31T21:41:41.256Z - Handled HASH_GLOB. Handling time: 0. Response time: 1.
[NX Daemon Server] - 2026-08-31T21:41:41.269Z - Time taken for 'build-project-configs' 11.310154000297189ms
[NX Daemon Server] - 2026-08-31T21:41:41.274Z - Time taken for '@nx/storybook/plugin:createDependencies' 8.344613000750542ms
[NX Daemon Server] - 2026-08-31T21:41:41.296Z - [SYNC]: collect registered sync generators
[NX Daemon Server] - 2026-08-31T21:41:41.296Z - [SYNC]: project graph hash is the same, not collecting task sync generators
[NX Daemon Server] - 2026-08-31T21:41:41.296Z - [SYNC]: nx.json hash is the same, not collecting global sync generators
[NX Daemon Server] - 2026-08-31T21:41:41.296Z - Time taken for 'total execution time for createProjectGraph()' 16.927769999951124ms
[NX Daemon Server] - 2026-08-31T21:41:41.355Z - [WATCHER]: Processing file changes in outputs
[NX Daemon Server] - 2026-08-31T21:41:41.356Z - [WATCHER]: 4 file(s) created or restored, 0 file(s) modified, 0 file(s) deleted
[NX Daemon Server] - 2026-08-31T21:41:41.457Z - [REQUEST]: Updated workspace context based on watched changes, recomputing project graph...
[NX Daemon Server] - 2026-08-31T21:41:41.457Z - [REQUEST]: dist/packages/angular/fesm2022/glowing-sea-studio-erebus-angular.mjs.map,dist/packages/angular/.npmignore,dist/packages/angular/fesm2022/glowing-sea-studio-erebus-angular.mjs,dist/packages/angular/package.json
[NX Daemon Server] - 2026-08-31T21:41:41.458Z - [REQUEST]: 
[NX Daemon Server] - 2026-08-31T21:41:41.459Z - Time taken for 'hash changed files from watcher' 0.5818420005962253ms
[NX Daemon Server] - 2026-08-31T21:41:41.460Z - [REQUEST]: Responding to the client. handleHashGlob
[NX Daemon Server] - 2026-08-31T21:41:41.460Z - Done responding to the client handleHashGlob
[NX Daemon Server] - 2026-08-31T21:41:41.460Z - Handled HASH_GLOB. Handling time: 1. Response time: 0.
[NX Daemon Server] - 2026-08-31T21:41:41.461Z - [REQUEST]: Responding to the client. handleHashGlob
[NX Daemon Server] - 2026-08-31T21:41:41.461Z - Done responding to the client handleHashGlob
[NX Daemon Server] - 2026-08-31T21:41:41.461Z - Handled HASH_GLOB. Handling time: 1. Response time: 0.
[NX Daemon Server] - 2026-08-31T21:41:41.475Z - Time taken for 'build-project-configs' 11.061637999489903ms
[NX Daemon Server] - 2026-08-31T21:41:41.480Z - Time taken for '@nx/storybook/plugin:createDependencies' 8.808612000197172ms
[NX Daemon Server] - 2026-08-31T21:41:41.500Z - [SYNC]: collect registered sync generators
[NX Daemon Server] - 2026-08-31T21:41:41.500Z - [SYNC]: project graph hash is the same, not collecting task sync generators
[NX Daemon Server] - 2026-08-31T21:41:41.500Z - [SYNC]: nx.json hash is the same, not collecting global sync generators
[NX Daemon Server] - 2026-08-31T21:41:41.500Z - Time taken for 'total execution time for createProjectGraph()' 18.3728400003165ms
[NX Daemon Server] - 2026-08-31T21:41:44.879Z - [WATCHER]: packages/react/src/search-input/SearchInput.tsx was created or restored
[NX Daemon Server] - 2026-08-31T21:41:44.879Z - [WATCHER]: Processing file changes in outputs
[NX Daemon Server] - 2026-08-31T21:41:44.980Z - [REQUEST]: Updated workspace context based on watched changes, recomputing project graph...
[NX Daemon Server] - 2026-08-31T21:41:44.980Z - [REQUEST]: packages/react/src/search-input/SearchInput.tsx
[NX Daemon Server] - 2026-08-31T21:41:44.980Z - [REQUEST]: 
[NX Daemon Server] - 2026-08-31T21:41:44.982Z - Time taken for 'hash changed files from watcher' 0.4045480005443096ms
[NX Daemon Server] - 2026-08-31T21:41:44.983Z - [REQUEST]: Responding to the client. handleHashGlob
[NX Daemon Server] - 2026-08-31T21:41:44.983Z - Done responding to the client handleHashGlob
[NX Daemon Server] - 2026-08-31T21:41:44.983Z - Handled HASH_GLOB. Handling time: 1. Response time: 0.
[NX Daemon Server] - 2026-08-31T21:41:44.984Z - [REQUEST]: Responding to the client. handleHashGlob
[NX Daemon Server] - 2026-08-31T21:41:44.984Z - Done responding to the client handleHashGlob
[NX Daemon Server] - 2026-08-31T21:41:44.985Z - Handled HASH_GLOB. Handling time: 0. Response time: 1.
[NX Daemon Server] - 2026-08-31T21:41:45.007Z - Time taken for 'build-project-configs' 20.6440770002082ms
[NX Daemon Server] - 2026-08-31T21:41:45.011Z - Time taken for '@nx/storybook/plugin:createDependencies' 6.617536999285221ms
[NX Daemon Server] - 2026-08-31T21:41:45.047Z - [SYNC]: collect registered sync generators
[NX Daemon Server] - 2026-08-31T21:41:45.047Z - [SYNC]: project graph hash is the same, not collecting task sync generators
[NX Daemon Server] - 2026-08-31T21:41:45.047Z - [SYNC]: nx.json hash is the same, not collecting global sync generators
[NX Daemon Server] - 2026-08-31T21:41:45.047Z - Time taken for 'total execution time for createProjectGraph()' 32.85502899996936ms
[NX Daemon Server] - 2026-08-31T21:41:48.976Z - [WATCHER]: 2 file(s) created or restored, 0 file(s) modified, 0 file(s) deleted
[NX Daemon Server] - 2026-08-31T21:41:48.976Z - [WATCHER]: Processing file changes in outputs
[NX Daemon Server] - 2026-08-31T21:41:49.077Z - [REQUEST]: Updated workspace context based on watched changes, recomputing project graph...
[NX Daemon Server] - 2026-08-31T21:41:49.077Z - [REQUEST]: packages/react/src/search-input/index.ts,packages/react/src/search-input/SearchInput.stories.tsx
[NX Daemon Server] - 2026-08-31T21:41:49.077Z - [REQUEST]: 
[NX Daemon Server] - 2026-08-31T21:41:49.079Z - Time taken for 'hash changed files from watcher' 0.5022109998390079ms
[NX Daemon Server] - 2026-08-31T21:41:49.080Z - [REQUEST]: Responding to the client. handleHashGlob
[NX Daemon Server] - 2026-08-31T21:41:49.080Z - Done responding to the client handleHashGlob
[NX Daemon Server] - 2026-08-31T21:41:49.080Z - Handled HASH_GLOB. Handling time: 1. Response time: 0.
[NX Daemon Server] - 2026-08-31T21:41:49.081Z - [REQUEST]: Responding to the client. handleHashGlob
[NX Daemon Server] - 2026-08-31T21:41:49.081Z - Done responding to the client handleHashGlob
[NX Daemon Server] - 2026-08-31T21:41:49.081Z - Handled HASH_GLOB. Handling time: 1. Response time: 0.
[NX Daemon Server] - 2026-08-31T21:41:49.094Z - [WATCHER]: Processing file changes in outputs
[NX Daemon Server] - 2026-08-31T21:41:49.095Z - [WATCHER]: packages/react/src/search-input/SearchInput.test.tsx was created or restored
[NX Daemon Server] - 2026-08-31T21:41:49.106Z - Time taken for 'build-project-configs' 22.749001000076532ms
[NX Daemon Server] - 2026-08-31T21:41:49.110Z - Time taken for '@nx/storybook/plugin:createDependencies' 7.797640999779105ms
[NX Daemon Server] - 2026-08-31T21:41:49.149Z - [SYNC]: collect registered sync generators
[NX Daemon Server] - 2026-08-31T21:41:49.149Z - [SYNC]: project graph hash is the same, not collecting task sync generators
[NX Daemon Server] - 2026-08-31T21:41:49.149Z - [SYNC]: nx.json hash is the same, not collecting global sync generators
[NX Daemon Server] - 2026-08-31T21:41:49.149Z - Time taken for 'total execution time for createProjectGraph()' 34.63688599970192ms
[NX Daemon Server] - 2026-08-31T21:41:49.196Z - [REQUEST]: Updated workspace context based on watched changes, recomputing project graph...
[NX Daemon Server] - 2026-08-31T21:41:49.196Z - [REQUEST]: 
[NX Daemon Server] - 2026-08-31T21:41:49.196Z - [REQUEST]: 
[NX Daemon Server] - 2026-08-31T21:41:49.199Z - [REQUEST]: Responding to the client. handleHashGlob
[NX Daemon Server] - 2026-08-31T21:41:49.199Z - Done responding to the client handleHashGlob
[NX Daemon Server] - 2026-08-31T21:41:49.199Z - Handled HASH_GLOB. Handling time: 1. Response time: 0.
[NX Daemon Server] - 2026-08-31T21:41:49.199Z - Time taken for 'hash changed files from watcher' 0.38680800050497055ms
[NX Daemon Server] - 2026-08-31T21:41:49.200Z - [REQUEST]: Responding to the client. handleHashGlob
[NX Daemon Server] - 2026-08-31T21:41:49.201Z - Done responding to the client handleHashGlob
[NX Daemon Server] - 2026-08-31T21:41:49.201Z - Handled HASH_GLOB. Handling time: 0. Response time: 1.
[NX Daemon Server] - 2026-08-31T21:41:49.215Z - Time taken for 'build-project-configs' 12.155402000062168ms
[NX Daemon Server] - 2026-08-31T21:41:49.220Z - Time taken for '@nx/storybook/plugin:createDependencies' 9.41159399971366ms
[NX Daemon Server] - 2026-08-31T21:41:49.241Z - [SYNC]: collect registered sync generators
[NX Daemon Server] - 2026-08-31T21:41:49.241Z - [SYNC]: project graph hash is the same, not collecting task sync generators
[NX Daemon Server] - 2026-08-31T21:41:49.241Z - [SYNC]: nx.json hash is the same, not collecting global sync generators
[NX Daemon Server] - 2026-08-31T21:41:49.241Z - Time taken for 'total execution time for createProjectGraph()' 19.543205000460148ms
[NX Daemon Server] - 2026-08-31T21:41:52.869Z - [WATCHER]: packages/react/src/index.ts was modified
[NX Daemon Server] - 2026-08-31T21:41:52.870Z - [WATCHER]: Processing file changes in outputs
[NX Daemon Server] - 2026-08-31T21:41:53.070Z - [REQUEST]: Updated workspace context based on watched changes, recomputing project graph...
[NX Daemon Server] - 2026-08-31T21:41:53.071Z - [REQUEST]: packages/react/src/index.ts
[NX Daemon Server] - 2026-08-31T21:41:53.071Z - [REQUEST]: 
[NX Daemon Server] - 2026-08-31T21:41:53.072Z - Time taken for 'hash changed files from watcher' 0.4672699999064207ms
[NX Daemon Server] - 2026-08-31T21:41:53.073Z - [REQUEST]: Responding to the client. handleHashGlob
[NX Daemon Server] - 2026-08-31T21:41:53.073Z - Done responding to the client handleHashGlob
[NX Daemon Server] - 2026-08-31T21:41:53.073Z - Handled HASH_GLOB. Handling time: 0. Response time: 0.
[NX Daemon Server] - 2026-08-31T21:41:53.074Z - [REQUEST]: Responding to the client. handleHashGlob
[NX Daemon Server] - 2026-08-31T21:41:53.074Z - Done responding to the client handleHashGlob
[NX Daemon Server] - 2026-08-31T21:41:53.074Z - Handled HASH_GLOB. Handling time: 0. Response time: 0.
[NX Daemon Server] - 2026-08-31T21:41:53.097Z - Time taken for 'build-project-configs' 20.498494000174105ms
[NX Daemon Server] - 2026-08-31T21:41:53.101Z - Time taken for '@nx/storybook/plugin:createDependencies' 7.684469000436366ms
[NX Daemon Server] - 2026-08-31T21:41:53.142Z - [SYNC]: collect registered sync generators
[NX Daemon Server] - 2026-08-31T21:41:53.142Z - [SYNC]: project graph hash is the same, not collecting task sync generators
[NX Daemon Server] - 2026-08-31T21:41:53.142Z - [SYNC]: nx.json hash is the same, not collecting global sync generators
[NX Daemon Server] - 2026-08-31T21:41:53.142Z - Time taken for 'total execution time for createProjectGraph()' 36.97884500026703ms
[NX Daemon Server] - 2026-08-31T21:42:35.632Z - [WATCHER]: 0 file(s) created or restored, 0 file(s) modified, 6 file(s) deleted
[NX Daemon Server] - 2026-08-31T21:42:35.632Z - [WATCHER]: Processing file changes in outputs
[NX Daemon Server] - 2026-08-31T21:42:35.913Z - Established a connection. Number of open connections: 2
[NX Daemon Server] - 2026-08-31T21:42:35.913Z - Closed a connection. Number of open connections: 1
[NX Daemon Server] - 2026-08-31T21:42:35.914Z - Established a connection. Number of open connections: 2
[NX Daemon Server] - 2026-08-31T21:42:35.915Z - [REQUEST]: Client Request for Project Graph Received
[NX Daemon Server] - 2026-08-31T21:42:35.916Z - [REQUEST]: Updated workspace context based on watched changes, recomputing project graph...
[NX Daemon Server] - 2026-08-31T21:42:35.916Z - [REQUEST]: 
[NX Daemon Server] - 2026-08-31T21:42:35.916Z - [REQUEST]: _tmp_541478_229c16d7,_tmp_541478_22aec6ce,_tmp_541478_22a0cd8b,_tmp_541478_2295056e,_tmp_541478_22a8224d,_tmp_541478_22b6614b
[NX Daemon Server] - 2026-08-31T21:42:35.918Z - Time taken for 'hash changed files from watcher' 0.40038799960166216ms
[NX Daemon Server] - 2026-08-31T21:42:35.919Z - [REQUEST]: Responding to the client. handleHashGlob
[NX Daemon Server] - 2026-08-31T21:42:35.919Z - Done responding to the client handleHashGlob
[NX Daemon Server] - 2026-08-31T21:42:35.919Z - Handled HASH_GLOB. Handling time: 1. Response time: 0.
[NX Daemon Server] - 2026-08-31T21:42:35.920Z - [REQUEST]: Responding to the client. handleHashGlob
[NX Daemon Server] - 2026-08-31T21:42:35.920Z - Done responding to the client handleHashGlob
[NX Daemon Server] - 2026-08-31T21:42:35.920Z - Handled HASH_GLOB. Handling time: 1. Response time: 0.
[NX Daemon Server] - 2026-08-31T21:42:35.935Z - Time taken for 'build-project-configs' 12.30952399969101ms
[NX Daemon Server] - 2026-08-31T21:42:35.939Z - Time taken for '@nx/storybook/plugin:createDependencies' 7.963113999925554ms
[NX Daemon Server] - 2026-08-31T21:42:35.963Z - [SYNC]: collect registered sync generators
[NX Daemon Server] - 2026-08-31T21:42:35.963Z - [SYNC]: project graph hash is the same, not collecting task sync generators
[NX Daemon Server] - 2026-08-31T21:42:35.963Z - [SYNC]: nx.json hash is the same, not collecting global sync generators
[NX Daemon Server] - 2026-08-31T21:42:35.963Z - [REQUEST]: Responding to the client. project-graph
[NX Daemon Server] - 2026-08-31T21:42:35.964Z - Time taken for 'total for creating and serializing project graph' 48.18703499995172ms
[NX Daemon Server] - 2026-08-31T21:42:35.965Z - Done responding to the client project-graph
[NX Daemon Server] - 2026-08-31T21:42:35.965Z - Handled REQUEST_PROJECT_GRAPH. Handling time: 48. Response time: 2.
[NX Daemon Server] - 2026-08-31T21:42:36.001Z - [REQUEST]: Responding to the client. handleHashTasks
[NX Daemon Server] - 2026-08-31T21:42:36.001Z - Done responding to the client handleHashTasks
[NX Daemon Server] - 2026-08-31T21:42:36.001Z - Handled HASH_TASKS. Handling time: 12. Response time: 0.
[NX Daemon Server] - 2026-08-31T21:42:36.019Z - [REQUEST]: Responding to the client. handleGetEstimatedTaskTimings
[NX Daemon Server] - 2026-08-31T21:42:36.019Z - Done responding to the client handleGetEstimatedTaskTimings
[NX Daemon Server] - 2026-08-31T21:42:36.019Z - Handled GET_ESTIMATED_TASK_TIMINGS. Handling time: 0. Response time: 0.
[NX Daemon Server] - 2026-08-31T21:42:36.192Z - [WATCHER]: 0 file(s) created or restored, 0 file(s) modified, 12 file(s) deleted
[NX Daemon Server] - 2026-08-31T21:42:36.193Z - [WATCHER]: Processing file changes in outputs
[NX Daemon Server] - 2026-08-31T21:42:36.293Z - [REQUEST]: Updated workspace context based on watched changes, recomputing project graph...
[NX Daemon Server] - 2026-08-31T21:42:36.294Z - [REQUEST]: 
[NX Daemon Server] - 2026-08-31T21:42:36.294Z - [REQUEST]: _tmp_541626_08a38c99,_tmp_541623_08744d59,_tmp_541626_08b9c6c1,_tmp_541626_08b492c6,_tmp_541623_085f830d,_tmp_541623_08594066,_tmp_541623_08689797,_tmp_541626_08c01641,_tmp_541626_08a9aa05,_tmp_541626_08af19a6,_tmp_541623_0863a974,_tmp_541623_086e4c71
[NX Daemon Server] - 2026-08-31T21:42:36.296Z - [REQUEST]: Responding to the client. handleHashGlob
[NX Daemon Server] - 2026-08-31T21:42:36.296Z - Done responding to the client handleHashGlob
[NX Daemon Server] - 2026-08-31T21:42:36.296Z - Handled HASH_GLOB. Handling time: 0. Response time: 0.
[NX Daemon Server] - 2026-08-31T21:42:36.297Z - Time taken for 'hash changed files from watcher' 0.7600360000506043ms
[NX Daemon Server] - 2026-08-31T21:42:36.298Z - [REQUEST]: Responding to the client. handleHashGlob
[NX Daemon Server] - 2026-08-31T21:42:36.298Z - Done responding to the client handleHashGlob
[NX Daemon Server] - 2026-08-31T21:42:36.298Z - Handled HASH_GLOB. Handling time: 1. Response time: 0.
[NX Daemon Server] - 2026-08-31T21:42:36.314Z - Time taken for 'build-project-configs' 12.028659000061452ms
[NX Daemon Server] - 2026-08-31T21:42:36.321Z - Time taken for '@nx/storybook/plugin:createDependencies' 11.234202000312507ms
[NX Daemon Server] - 2026-08-31T21:42:36.344Z - [SYNC]: collect registered sync generators
[NX Daemon Server] - 2026-08-31T21:42:36.345Z - [SYNC]: project graph hash is the same, not collecting task sync generators
[NX Daemon Server] - 2026-08-31T21:42:36.345Z - [SYNC]: nx.json hash is the same, not collecting global sync generators
[NX Daemon Server] - 2026-08-31T21:42:36.345Z - Time taken for 'total execution time for createProjectGraph()' 20.40444099996239ms
[NX Daemon Server] - 2026-08-31T21:42:36.345Z - [WATCHER]: 0 file(s) created or restored, 0 file(s) modified, 6 file(s) deleted
[NX Daemon Server] - 2026-08-31T21:42:36.345Z - [WATCHER]: Processing file changes in outputs
[NX Daemon Server] - 2026-08-31T21:42:36.412Z - [WATCHER]: Processing file changes in outputs
[NX Daemon Server] - 2026-08-31T21:42:36.413Z - [WATCHER]: 0 file(s) created or restored, 0 file(s) modified, 6 file(s) deleted
[NX Daemon Server] - 2026-08-31T21:42:36.547Z - [REQUEST]: Updated workspace context based on watched changes, recomputing project graph...
[NX Daemon Server] - 2026-08-31T21:42:36.547Z - [REQUEST]: 
[NX Daemon Server] - 2026-08-31T21:42:36.547Z - [REQUEST]: packages/react/_tmp_541729_11601b55,packages/react/_tmp_541729_116b764f,packages/react/_tmp_541729_11652624,packages/react/_tmp_541729_11564ec4,packages/react/_tmp_541729_115b238d,packages/react/_tmp_541729_114f4480,packages/angular/_tmp_541784_1598abcb,packages/angular/_tmp_541784_15850ba1,packages/angular/_tmp_541784_15a9febb,packages/angular/_tmp_541784_1591a8f4,packages/angular/_tmp_541784_15a071cc,packages/angular/_tmp_541784_1588d7ea
[NX Daemon Server] - 2026-08-31T21:42:36.550Z - [REQUEST]: Responding to the client. handleHashGlob
[NX Daemon Server] - 2026-08-31T21:42:36.550Z - Done responding to the client handleHashGlob
[NX Daemon Server] - 2026-08-31T21:42:36.550Z - Handled HASH_GLOB. Handling time: 1. Response time: 0.
[NX Daemon Server] - 2026-08-31T21:42:36.550Z - Time taken for 'hash changed files from watcher' 0.6888239998370409ms
[NX Daemon Server] - 2026-08-31T21:42:36.551Z - [REQUEST]: Responding to the client. handleHashGlob
[NX Daemon Server] - 2026-08-31T21:42:36.551Z - Done responding to the client handleHashGlob
[NX Daemon Server] - 2026-08-31T21:42:36.551Z - Handled HASH_GLOB. Handling time: 1. Response time: 0.
[NX Daemon Server] - 2026-08-31T21:42:36.571Z - Time taken for 'build-project-configs' 15.927349000237882ms
[NX Daemon Server] - 2026-08-31T21:42:36.577Z - Time taken for '@nx/storybook/plugin:createDependencies' 10.730100999586284ms
[NX Daemon Server] - 2026-08-31T21:42:36.605Z - [SYNC]: collect registered sync generators
[NX Daemon Server] - 2026-08-31T21:42:36.605Z - [SYNC]: project graph hash is the same, not collecting task sync generators
[NX Daemon Server] - 2026-08-31T21:42:36.605Z - [SYNC]: nx.json hash is the same, not collecting global sync generators
[NX Daemon Server] - 2026-08-31T21:42:36.605Z - Time taken for 'total execution time for createProjectGraph()' 26.105248999781907ms
[NX Daemon Server] - 2026-08-31T21:42:37.355Z - [REQUEST]: Responding to the client. recordOutputsHash
[NX Daemon Server] - 2026-08-31T21:42:37.355Z - Done responding to the client recordOutputsHash
[NX Daemon Server] - 2026-08-31T21:42:37.355Z - Handled RECORD_OUTPUTS_HASH. Handling time: 0. Response time: 0.
[NX Daemon Server] - 2026-08-31T21:42:38.223Z - [REQUEST]: Responding to the client. recordOutputsHash
[NX Daemon Server] - 2026-08-31T21:42:38.223Z - Done responding to the client recordOutputsHash
[NX Daemon Server] - 2026-08-31T21:42:38.223Z - Handled RECORD_OUTPUTS_HASH. Handling time: 0. Response time: 0.
[NX Daemon Server] - 2026-08-31T21:42:38.240Z - [REQUEST]: Responding to the client. handleRecordTaskRuns
[NX Daemon Server] - 2026-08-31T21:42:38.240Z - Done responding to the client handleRecordTaskRuns
[NX Daemon Server] - 2026-08-31T21:42:38.240Z - Handled RECORD_TASK_RUNS. Handling time: 15. Response time: 0.
[NX Daemon Server] - 2026-08-31T21:42:38.241Z - [REQUEST]: Responding to the client. handleGetFlakyTasks
[NX Daemon Server] - 2026-08-31T21:42:38.241Z - Done responding to the client handleGetFlakyTasks
[NX Daemon Server] - 2026-08-31T21:42:38.241Z - Handled GET_FLAKY_TASKS. Handling time: 0. Response time: 0.
[NX Daemon Server] - 2026-08-31T21:42:38.303Z - [WATCHER]: 0 file(s) created or restored, 0 file(s) modified, 6 file(s) deleted
[NX Daemon Server] - 2026-08-31T21:42:38.304Z - [WATCHER]: Processing file changes in outputs
[NX Daemon Server] - 2026-08-31T21:42:38.399Z - Closed a connection. Number of open connections: 1
[NX Daemon Server] - 2026-08-31T21:42:38.704Z - [REQUEST]: Updated workspace context based on watched changes, recomputing project graph...
[NX Daemon Server] - 2026-08-31T21:42:38.705Z - [REQUEST]: 
[NX Daemon Server] - 2026-08-31T21:42:38.705Z - [REQUEST]: _tmp_541967_0f2682b6,_tmp_541967_0f0ab0ba,_tmp_541967_0f0e6dbd,_tmp_541967_0f13f6cc,_tmp_541967_0f1f57d4,_tmp_541967_0f19c938
[NX Daemon Server] - 2026-08-31T21:42:38.708Z - [REQUEST]: Responding to the client. handleHashGlob
[NX Daemon Server] - 2026-08-31T21:42:38.708Z - Done responding to the client handleHashGlob
[NX Daemon Server] - 2026-08-31T21:42:38.708Z - Handled HASH_GLOB. Handling time: 1. Response time: 0.
[NX Daemon Server] - 2026-08-31T21:42:38.708Z - Time taken for 'hash changed files from watcher' 0.41588900052011013ms
[NX Daemon Server] - 2026-08-31T21:42:38.709Z - [REQUEST]: Responding to the client. handleHashGlob
[NX Daemon Server] - 2026-08-31T21:42:38.709Z - Done responding to the client handleHashGlob
[NX Daemon Server] - 2026-08-31T21:42:38.709Z - Handled HASH_GLOB. Handling time: 0. Response time: 0.
[NX Daemon Server] - 2026-08-31T21:42:38.726Z - Time taken for 'build-project-configs' 16.624882999807596ms
[NX Daemon Server] - 2026-08-31T21:42:38.735Z - Time taken for '@nx/storybook/plugin:createDependencies' 11.1783010000363ms
[NX Daemon Server] - 2026-08-31T21:42:38.756Z - [SYNC]: collect registered sync generators
[NX Daemon Server] - 2026-08-31T21:42:38.757Z - [SYNC]: project graph hash is the same, not collecting task sync generators
[NX Daemon Server] - 2026-08-31T21:42:38.757Z - [SYNC]: nx.json hash is the same, not collecting global sync generators
[NX Daemon Server] - 2026-08-31T21:42:38.757Z - Time taken for 'total execution time for createProjectGraph()' 21.071785000152886ms
[NX Daemon Server] - 2026-08-31T21:42:47.274Z - [WATCHER]: 1 file(s) created or restored, 5 file(s) modified, 0 file(s) deleted
[NX Daemon Server] - 2026-08-31T21:42:47.274Z - [WATCHER]: Processing file changes in outputs
[NX Daemon Server] - 2026-08-31T21:42:47.376Z - [REQUEST]: Updated workspace context based on watched changes, recomputing project graph...
[NX Daemon Server] - 2026-08-31T21:42:47.376Z - [REQUEST]: fix_all.py,packages/react/src/radio-group/RadioGroup.test.tsx,packages/react/src/select/Select.test.tsx,packages/react/src/checkbox-group/CheckboxGroup.test.tsx,packages/react/src/number-input/NumberInput.test.tsx,packages/react/src/search-input/SearchInput.test.tsx
[NX Daemon Server] - 2026-08-31T21:42:47.376Z - [REQUEST]: 
[NX Daemon Server] - 2026-08-31T21:42:47.379Z - [REQUEST]: Responding to the client. handleHashGlob
[NX Daemon Server] - 2026-08-31T21:42:47.379Z - Done responding to the client handleHashGlob
[NX Daemon Server] - 2026-08-31T21:42:47.379Z - Handled HASH_GLOB. Handling time: 1. Response time: 0.
[NX Daemon Server] - 2026-08-31T21:42:47.379Z - Time taken for 'hash changed files from watcher' 0.5977619998157024ms
[NX Daemon Server] - 2026-08-31T21:42:47.380Z - [REQUEST]: Responding to the client. handleHashGlob
[NX Daemon Server] - 2026-08-31T21:42:47.380Z - Done responding to the client handleHashGlob
[NX Daemon Server] - 2026-08-31T21:42:47.380Z - Handled HASH_GLOB. Handling time: 1. Response time: 0.
[NX Daemon Server] - 2026-08-31T21:42:47.401Z - Time taken for 'build-project-configs' 19.515443000011146ms
[NX Daemon Server] - 2026-08-31T21:42:47.406Z - Time taken for '@nx/storybook/plugin:createDependencies' 8.133748000487685ms
[NX Daemon Server] - 2026-08-31T21:42:47.449Z - [SYNC]: collect registered sync generators
[NX Daemon Server] - 2026-08-31T21:42:47.449Z - [SYNC]: project graph hash is the same, not collecting task sync generators
[NX Daemon Server] - 2026-08-31T21:42:47.449Z - [SYNC]: nx.json hash is the same, not collecting global sync generators
[NX Daemon Server] - 2026-08-31T21:42:47.449Z - Time taken for 'total execution time for createProjectGraph()' 35.137455000542104ms
[NX Daemon Server] - 2026-08-31T21:42:51.154Z - [WATCHER]: 0 file(s) created or restored, 0 file(s) modified, 6 file(s) deleted
[NX Daemon Server] - 2026-08-31T21:42:51.155Z - [WATCHER]: Processing file changes in outputs
[NX Daemon Server] - 2026-08-31T21:42:51.356Z - [REQUEST]: Updated workspace context based on watched changes, recomputing project graph...
[NX Daemon Server] - 2026-08-31T21:42:51.356Z - [REQUEST]: 
[NX Daemon Server] - 2026-08-31T21:42:51.356Z - [REQUEST]: _tmp_542602_0645339f,_tmp_542602_06266297,_tmp_542602_063eb656,_tmp_542602_062cdfd6,_tmp_542602_06324095,_tmp_542602_06386987
[NX Daemon Server] - 2026-08-31T21:42:51.359Z - [REQUEST]: Responding to the client. handleHashGlob
[NX Daemon Server] - 2026-08-31T21:42:51.359Z - Done responding to the client handleHashGlob
[NX Daemon Server] - 2026-08-31T21:42:51.359Z - Handled HASH_GLOB. Handling time: 0. Response time: 0.
[NX Daemon Server] - 2026-08-31T21:42:51.359Z - Time taken for 'hash changed files from watcher' 0.5017699999734759ms
[NX Daemon Server] - 2026-08-31T21:42:51.360Z - [REQUEST]: Responding to the client. handleHashGlob
[NX Daemon Server] - 2026-08-31T21:42:51.360Z - Done responding to the client handleHashGlob
[NX Daemon Server] - 2026-08-31T21:42:51.360Z - Handled HASH_GLOB. Handling time: 0. Response time: 0.
[NX Daemon Server] - 2026-08-31T21:42:51.378Z - Time taken for 'build-project-configs' 15.72299399971962ms
[NX Daemon Server] - 2026-08-31T21:42:51.383Z - Time taken for '@nx/storybook/plugin:createDependencies' 8.569396999664605ms
[NX Daemon Server] - 2026-08-31T21:42:51.403Z - [SYNC]: collect registered sync generators
[NX Daemon Server] - 2026-08-31T21:42:51.403Z - [SYNC]: project graph hash is the same, not collecting task sync generators
[NX Daemon Server] - 2026-08-31T21:42:51.404Z - [SYNC]: nx.json hash is the same, not collecting global sync generators
[NX Daemon Server] - 2026-08-31T21:42:51.404Z - Time taken for 'total execution time for createProjectGraph()' 17.930339000187814ms
[NX Daemon Server] - 2026-08-31T21:42:51.433Z - Established a connection. Number of open connections: 2
[NX Daemon Server] - 2026-08-31T21:42:51.433Z - Closed a connection. Number of open connections: 1
[NX Daemon Server] - 2026-08-31T21:42:51.433Z - Established a connection. Number of open connections: 2
[NX Daemon Server] - 2026-08-31T21:42:51.435Z - [REQUEST]: Client Request for Project Graph Received
[NX Daemon Server] - 2026-08-31T21:42:51.435Z - [REQUEST]: Responding to the client. project-graph
[NX Daemon Server] - 2026-08-31T21:42:51.435Z - Time taken for 'total for creating and serializing project graph' 0.20740399975329638ms
[NX Daemon Server] - 2026-08-31T21:42:51.436Z - Done responding to the client project-graph
[NX Daemon Server] - 2026-08-31T21:42:51.436Z - Handled REQUEST_PROJECT_GRAPH. Handling time: 1. Response time: 1.
[NX Daemon Server] - 2026-08-31T21:42:51.474Z - [REQUEST]: Responding to the client. handleHashTasks
[NX Daemon Server] - 2026-08-31T21:42:51.474Z - Done responding to the client handleHashTasks
[NX Daemon Server] - 2026-08-31T21:42:51.474Z - Handled HASH_TASKS. Handling time: 14. Response time: 0.
[NX Daemon Server] - 2026-08-31T21:42:51.498Z - [REQUEST]: Responding to the client. handleGetEstimatedTaskTimings
[NX Daemon Server] - 2026-08-31T21:42:51.498Z - Done responding to the client handleGetEstimatedTaskTimings
[NX Daemon Server] - 2026-08-31T21:42:51.498Z - Handled GET_ESTIMATED_TASK_TIMINGS. Handling time: 1. Response time: 0.
[NX Daemon Server] - 2026-08-31T21:42:51.675Z - [WATCHER]: 0 file(s) created or restored, 0 file(s) modified, 12 file(s) deleted
[NX Daemon Server] - 2026-08-31T21:42:51.675Z - [WATCHER]: Processing file changes in outputs
[NX Daemon Server] - 2026-08-31T21:42:51.776Z - [REQUEST]: Updated workspace context based on watched changes, recomputing project graph...
[NX Daemon Server] - 2026-08-31T21:42:51.776Z - [REQUEST]: 
[NX Daemon Server] - 2026-08-31T21:42:51.776Z - [REQUEST]: _tmp_542758_2508dada,_tmp_542758_2516303e,_tmp_542761_2545b435,_tmp_542761_254abebe,_tmp_542758_25029a6e,_tmp_542761_2537a170,_tmp_542761_253cb65c,_tmp_542761_2540c9aa,_tmp_542758_24fbd09f,_tmp_542761_2550cf78,_tmp_542758_250f8901,_tmp_542758_251da383
[NX Daemon Server] - 2026-08-31T21:42:51.779Z - [REQUEST]: Responding to the client. handleHashGlob
[NX Daemon Server] - 2026-08-31T21:42:51.779Z - Done responding to the client handleHashGlob
[NX Daemon Server] - 2026-08-31T21:42:51.779Z - Handled HASH_GLOB. Handling time: 1. Response time: 0.
[NX Daemon Server] - 2026-08-31T21:42:51.779Z - Time taken for 'hash changed files from watcher' 0.8432080000638962ms
[NX Daemon Server] - 2026-08-31T21:42:51.780Z - [REQUEST]: Responding to the client. handleHashGlob
[NX Daemon Server] - 2026-08-31T21:42:51.780Z - Done responding to the client handleHashGlob
[NX Daemon Server] - 2026-08-31T21:42:51.780Z - Handled HASH_GLOB. Handling time: 1. Response time: 0.
[NX Daemon Server] - 2026-08-31T21:42:51.798Z - Time taken for 'build-project-configs' 15.745435000397265ms
[NX Daemon Server] - 2026-08-31T21:42:51.804Z - Time taken for '@nx/storybook/plugin:createDependencies' 9.419575000181794ms
[NX Daemon Server] - 2026-08-31T21:42:51.827Z - [SYNC]: collect registered sync generators
[NX Daemon Server] - 2026-08-31T21:42:51.827Z - [SYNC]: project graph hash is the same, not collecting task sync generators
[NX Daemon Server] - 2026-08-31T21:42:51.827Z - [SYNC]: nx.json hash is the same, not collecting global sync generators
[NX Daemon Server] - 2026-08-31T21:42:51.827Z - Time taken for 'total execution time for createProjectGraph()' 21.16139700077474ms
[NX Daemon Server] - 2026-08-31T21:42:51.833Z - [WATCHER]: 0 file(s) created or restored, 0 file(s) modified, 6 file(s) deleted
[NX Daemon Server] - 2026-08-31T21:42:51.833Z - [WATCHER]: Processing file changes in outputs
[NX Daemon Server] - 2026-08-31T21:42:51.901Z - [WATCHER]: Processing file changes in outputs
[NX Daemon Server] - 2026-08-31T21:42:51.902Z - [WATCHER]: 0 file(s) created or restored, 0 file(s) modified, 6 file(s) deleted
[NX Daemon Server] - 2026-08-31T21:42:52.034Z - [REQUEST]: Updated workspace context based on watched changes, recomputing project graph...
[NX Daemon Server] - 2026-08-31T21:42:52.035Z - [REQUEST]: 
[NX Daemon Server] - 2026-08-31T21:42:52.035Z - [REQUEST]: packages/angular/_tmp_542864_2e9e81ed,packages/angular/_tmp_542864_2ea48faf,packages/angular/_tmp_542864_2eb4ebe5,packages/angular/_tmp_542864_2eaa4f8d,packages/angular/_tmp_542864_2eaf663c,packages/angular/_tmp_542864_2ebaf5fc,packages/react/_tmp_542919_32abb5ba,packages/react/_tmp_542919_32b6f21d,packages/react/_tmp_542919_32a8cb6c,packages/react/_tmp_542919_32bcf675,packages/react/_tmp_542919_32b1f982,packages/react/_tmp_542919_32c3a21c
[NX Daemon Server] - 2026-08-31T21:42:52.037Z - Time taken for 'hash changed files from watcher' 0.9730799999088049ms
[NX Daemon Server] - 2026-08-31T21:42:52.037Z - [REQUEST]: Responding to the client. handleHashGlob
[NX Daemon Server] - 2026-08-31T21:42:52.038Z - Done responding to the client handleHashGlob
[NX Daemon Server] - 2026-08-31T21:42:52.038Z - Handled HASH_GLOB. Handling time: 0. Response time: 1.
[NX Daemon Server] - 2026-08-31T21:42:52.038Z - [REQUEST]: Responding to the client. handleHashGlob
[NX Daemon Server] - 2026-08-31T21:42:52.039Z - Done responding to the client handleHashGlob
[NX Daemon Server] - 2026-08-31T21:42:52.039Z - Handled HASH_GLOB. Handling time: 0. Response time: 1.
[NX Daemon Server] - 2026-08-31T21:42:52.055Z - Time taken for 'build-project-configs' 13.088200000114739ms
[NX Daemon Server] - 2026-08-31T21:42:52.059Z - Time taken for '@nx/storybook/plugin:createDependencies' 7.96323399990797ms
[NX Daemon Server] - 2026-08-31T21:42:52.084Z - [SYNC]: collect registered sync generators
[NX Daemon Server] - 2026-08-31T21:42:52.084Z - [SYNC]: project graph hash is the same, not collecting task sync generators
[NX Daemon Server] - 2026-08-31T21:42:52.084Z - [SYNC]: nx.json hash is the same, not collecting global sync generators
[NX Daemon Server] - 2026-08-31T21:42:52.084Z - Time taken for 'total execution time for createProjectGraph()' 20.620146000757813ms
[NX Daemon Server] - 2026-08-31T21:42:52.787Z - [REQUEST]: Responding to the client. recordOutputsHash
[NX Daemon Server] - 2026-08-31T21:42:52.787Z - Done responding to the client recordOutputsHash
[NX Daemon Server] - 2026-08-31T21:42:52.787Z - Handled RECORD_OUTPUTS_HASH. Handling time: 0. Response time: 0.
[NX Daemon Server] - 2026-08-31T21:42:53.729Z - [REQUEST]: Responding to the client. recordOutputsHash
[NX Daemon Server] - 2026-08-31T21:42:53.729Z - Done responding to the client recordOutputsHash
[NX Daemon Server] - 2026-08-31T21:42:53.729Z - Handled RECORD_OUTPUTS_HASH. Handling time: 0. Response time: 0.
[NX Daemon Server] - 2026-08-31T21:42:53.742Z - [REQUEST]: Responding to the client. handleRecordTaskRuns
[NX Daemon Server] - 2026-08-31T21:42:53.742Z - Done responding to the client handleRecordTaskRuns
[NX Daemon Server] - 2026-08-31T21:42:53.743Z - Handled RECORD_TASK_RUNS. Handling time: 11. Response time: 1.
[NX Daemon Server] - 2026-08-31T21:42:53.743Z - [REQUEST]: Responding to the client. handleGetFlakyTasks
[NX Daemon Server] - 2026-08-31T21:42:53.743Z - Done responding to the client handleGetFlakyTasks
[NX Daemon Server] - 2026-08-31T21:42:53.744Z - Handled GET_FLAKY_TASKS. Handling time: 0. Response time: 1.
[NX Daemon Server] - 2026-08-31T21:42:53.806Z - [WATCHER]: 0 file(s) created or restored, 0 file(s) modified, 6 file(s) deleted
[NX Daemon Server] - 2026-08-31T21:42:53.806Z - [WATCHER]: Processing file changes in outputs
[NX Daemon Server] - 2026-08-31T21:42:53.897Z - Closed a connection. Number of open connections: 1
[NX Daemon Server] - 2026-08-31T21:42:54.207Z - [REQUEST]: Updated workspace context based on watched changes, recomputing project graph...
[NX Daemon Server] - 2026-08-31T21:42:54.207Z - [REQUEST]: 
[NX Daemon Server] - 2026-08-31T21:42:54.207Z - [REQUEST]: _tmp_543133_2cfa5a2e,_tmp_543133_2d00e749,_tmp_543133_2cf06ed5,_tmp_543133_2d075b46,_tmp_543133_2cf454be,_tmp_543133_2d112e85
[NX Daemon Server] - 2026-08-31T21:42:54.210Z - [REQUEST]: Responding to the client. handleHashGlob
[NX Daemon Server] - 2026-08-31T21:42:54.210Z - Done responding to the client handleHashGlob
[NX Daemon Server] - 2026-08-31T21:42:54.210Z - Handled HASH_GLOB. Handling time: 1. Response time: 0.
[NX Daemon Server] - 2026-08-31T21:42:54.210Z - Time taken for 'hash changed files from watcher' 0.5049910005182028ms
[NX Daemon Server] - 2026-08-31T21:42:54.211Z - [REQUEST]: Responding to the client. handleHashGlob
[NX Daemon Server] - 2026-08-31T21:42:54.211Z - Done responding to the client handleHashGlob
[NX Daemon Server] - 2026-08-31T21:42:54.211Z - Handled HASH_GLOB. Handling time: 1. Response time: 0.
[NX Daemon Server] - 2026-08-31T21:42:54.224Z - Time taken for 'build-project-configs' 10.983865999616683ms
[NX Daemon Server] - 2026-08-31T21:42:54.227Z - Time taken for '@nx/storybook/plugin:createDependencies' 6.206618000753224ms
[NX Daemon Server] - 2026-08-31T21:42:54.249Z - [SYNC]: collect registered sync generators
[NX Daemon Server] - 2026-08-31T21:42:54.250Z - [SYNC]: project graph hash is the same, not collecting task sync generators
[NX Daemon Server] - 2026-08-31T21:42:54.250Z - [SYNC]: nx.json hash is the same, not collecting global sync generators
[NX Daemon Server] - 2026-08-31T21:42:54.250Z - Time taken for 'total execution time for createProjectGraph()' 17.888580000028014ms
[NX Daemon Server] - 2026-08-31T21:43:02.000Z - [WATCHER]: 1 file(s) created or restored, 49 file(s) modified, 0 file(s) deleted
[NX Daemon Server] - 2026-08-31T21:43:02.003Z - [WATCHER]: Processing file changes in outputs
[NX Daemon Server] - 2026-08-31T21:43:02.106Z - [REQUEST]: Updated workspace context based on watched changes, recomputing project graph...
[NX Daemon Server] - 2026-08-31T21:43:02.106Z - [REQUEST]: fix_all2.py,packages/angular/src/panel/panel.spec.ts,packages/angular/src/flex/flex.spec.ts,packages/angular/src/textarea/textarea.stories.ts,packages/angular/src/number-input/number-input.spec.ts,packages/angular/src/alert/alert.stories.ts,packages/angular/src/footer/footer.spec.ts,packages/angular/src/stack/stack.spec.ts,packages/angular/src/header/header.stories.ts,packages/angular/src/checkbox/checkbox.stories.ts,packages/angular/src/radio-group/radio-group.stories.ts,packages/angular/src/panel/panel.stories.ts,packages/angular/src/modal/modal.spec.ts,packages/angular/src/checkbox/checkbox.spec.ts,packages/angular/src/card/card.spec.ts,packages/angular/src/card/card.stories.ts,packages/angular/src/menu/menu.stories.ts,packages/angular/src/radio/radio.stories.ts,packages/angular/src/modal/modal.stories.ts,packages/angular/src/input/input.stories.ts,packages/angular/src/switch/switch.stories.ts,packages/angular/src/switch/switch.spec.ts,packages/angular/src/alert/alert.spec.ts,packages/angular/src/search-input/search-input.spec.ts,packages/angular/src/select/select.spec.ts,packages/angular/src/select/select.stories.ts,packages/angular/src/center/center.spec.ts,packages/angular/src/radio-group/radio-group.spec.ts,packages/angular/src/button/button.spec.ts,packages/angular/src/footer/footer.stories.ts,packages/angular/src/container/container.spec.ts,packages/angular/src/section/section.spec.ts,packages/angular/src/spacer/spacer.spec.ts,packages/angular/src/input/input.spec.ts,packages/angular/src/inline/inline.spec.ts,packages/angular/src/checkbox-group/checkbox-group.stories.ts,packages/angular/src/scroll-area/scroll-area.spec.ts,packages/angular/src/textarea/textarea.spec.ts,packages/angular/src/search-input/search-input.stories.ts,packages/angular/src/grid/grid.spec.ts,packages/angular/src/tabs/tabs.spec.ts,packages/angular/src/aspect-ratio/aspect-ratio.spec.ts,packages/angular/src/checkbox-group/checkbox-group.spec.ts,packages/angular/src/header/header.spec.ts,packages/angular/src/split/split.spec.ts,packages/angular/src/number-input/number-input.stories.ts,packages/angular/src/button/button.stories.ts,packages/angular/src/tabs/tabs.stories.ts,packages/angular/src/menu/menu.spec.ts,packages/angular/src/radio/radio.spec.ts
[NX Daemon Server] - 2026-08-31T21:43:02.106Z - [REQUEST]: 
[NX Daemon Server] - 2026-08-31T21:43:02.107Z - Time taken for 'hash changed files from watcher' 1.9958709999918938ms
[NX Daemon Server] - 2026-08-31T21:43:02.108Z - [REQUEST]: Responding to the client. handleHashGlob
[NX Daemon Server] - 2026-08-31T21:43:02.108Z - Done responding to the client handleHashGlob
[NX Daemon Server] - 2026-08-31T21:43:02.108Z - Handled HASH_GLOB. Handling time: 0. Response time: 0.
[NX Daemon Server] - 2026-08-31T21:43:02.109Z - [REQUEST]: Responding to the client. handleHashGlob
[NX Daemon Server] - 2026-08-31T21:43:02.109Z - Done responding to the client handleHashGlob
[NX Daemon Server] - 2026-08-31T21:43:02.109Z - Handled HASH_GLOB. Handling time: 0. Response time: 0.
[NX Daemon Server] - 2026-08-31T21:43:02.124Z - Time taken for 'build-project-configs' 12.946697000414133ms
[NX Daemon Server] - 2026-08-31T21:43:02.128Z - Time taken for '@nx/storybook/plugin:createDependencies' 7.028264999389648ms
[NX Daemon Server] - 2026-08-31T21:43:02.164Z - [SYNC]: collect registered sync generators
[NX Daemon Server] - 2026-08-31T21:43:02.164Z - [SYNC]: project graph hash is the same, not collecting task sync generators
[NX Daemon Server] - 2026-08-31T21:43:02.164Z - [SYNC]: nx.json hash is the same, not collecting global sync generators
[NX Daemon Server] - 2026-08-31T21:43:02.164Z - Time taken for 'total execution time for createProjectGraph()' 32.267245000228286ms
[NX Daemon Server] - 2026-08-31T21:43:06.010Z - [WATCHER]: Processing file changes in outputs
[NX Daemon Server] - 2026-08-31T21:43:06.011Z - [WATCHER]: 0 file(s) created or restored, 0 file(s) modified, 6 file(s) deleted
[NX Daemon Server] - 2026-08-31T21:43:06.211Z - [REQUEST]: Updated workspace context based on watched changes, recomputing project graph...
[NX Daemon Server] - 2026-08-31T21:43:06.211Z - [REQUEST]: 
[NX Daemon Server] - 2026-08-31T21:43:06.211Z - [REQUEST]: _tmp_543714_392199ad,_tmp_543714_391ee4e3,_tmp_543714_3914bc71,_tmp_543714_39181984,_tmp_543714_3924d491,_tmp_543714_392ca000
[NX Daemon Server] - 2026-08-31T21:43:06.214Z - [REQUEST]: Responding to the client. handleHashGlob
[NX Daemon Server] - 2026-08-31T21:43:06.214Z - Done responding to the client handleHashGlob
[NX Daemon Server] - 2026-08-31T21:43:06.214Z - Handled HASH_GLOB. Handling time: 0. Response time: 0.
[NX Daemon Server] - 2026-08-31T21:43:06.214Z - Time taken for 'hash changed files from watcher' 0.5342910001054406ms
[NX Daemon Server] - 2026-08-31T21:43:06.215Z - [REQUEST]: Responding to the client. handleHashGlob
[NX Daemon Server] - 2026-08-31T21:43:06.215Z - Done responding to the client handleHashGlob
[NX Daemon Server] - 2026-08-31T21:43:06.215Z - Handled HASH_GLOB. Handling time: 0. Response time: 0.
[NX Daemon Server] - 2026-08-31T21:43:06.230Z - Time taken for 'build-project-configs' 12.897826000116765ms
[NX Daemon Server] - 2026-08-31T21:43:06.237Z - Time taken for '@nx/storybook/plugin:createDependencies' 9.487846000120044ms
[NX Daemon Server] - 2026-08-31T21:43:06.257Z - [SYNC]: collect registered sync generators
[NX Daemon Server] - 2026-08-31T21:43:06.258Z - [SYNC]: project graph hash is the same, not collecting task sync generators
[NX Daemon Server] - 2026-08-31T21:43:06.258Z - [SYNC]: nx.json hash is the same, not collecting global sync generators
[NX Daemon Server] - 2026-08-31T21:43:06.258Z - Time taken for 'total execution time for createProjectGraph()' 19.71756700053811ms
[NX Daemon Server] - 2026-08-31T21:43:06.307Z - Established a connection. Number of open connections: 2
[NX Daemon Server] - 2026-08-31T21:43:06.308Z - Closed a connection. Number of open connections: 1
[NX Daemon Server] - 2026-08-31T21:43:06.308Z - Established a connection. Number of open connections: 2
[NX Daemon Server] - 2026-08-31T21:43:06.309Z - [REQUEST]: Client Request for Project Graph Received
[NX Daemon Server] - 2026-08-31T21:43:06.309Z - [REQUEST]: Responding to the client. project-graph
[NX Daemon Server] - 2026-08-31T21:43:06.310Z - Time taken for 'total for creating and serializing project graph' 0.22920399997383356ms
[NX Daemon Server] - 2026-08-31T21:43:06.311Z - Done responding to the client project-graph
[NX Daemon Server] - 2026-08-31T21:43:06.311Z - Handled REQUEST_PROJECT_GRAPH. Handling time: 0. Response time: 2.
[NX Daemon Server] - 2026-08-31T21:43:06.349Z - [REQUEST]: Responding to the client. handleHashTasks
[NX Daemon Server] - 2026-08-31T21:43:06.349Z - Done responding to the client handleHashTasks
[NX Daemon Server] - 2026-08-31T21:43:06.349Z - Handled HASH_TASKS. Handling time: 12. Response time: 0.
[NX Daemon Server] - 2026-08-31T21:43:06.373Z - [REQUEST]: Responding to the client. handleGetEstimatedTaskTimings
[NX Daemon Server] - 2026-08-31T21:43:06.374Z - Done responding to the client handleGetEstimatedTaskTimings
[NX Daemon Server] - 2026-08-31T21:43:06.374Z - Handled GET_ESTIMATED_TASK_TIMINGS. Handling time: 0. Response time: 1.
[NX Daemon Server] - 2026-08-31T21:43:06.549Z - [WATCHER]: 0 file(s) created or restored, 0 file(s) modified, 12 file(s) deleted
[NX Daemon Server] - 2026-08-31T21:43:06.549Z - [WATCHER]: Processing file changes in outputs
[NX Daemon Server] - 2026-08-31T21:43:06.650Z - [REQUEST]: Updated workspace context based on watched changes, recomputing project graph...
[NX Daemon Server] - 2026-08-31T21:43:06.651Z - [REQUEST]: 
[NX Daemon Server] - 2026-08-31T21:43:06.651Z - [REQUEST]: _tmp_543860_1db76355,_tmp_543861_1db868d2,_tmp_543860_1da37492,_tmp_543860_1da89f41,_tmp_543861_1da30f1f,_tmp_543860_1da14a61,_tmp_543860_1db0e8dc,_tmp_543861_1dae66f9,_tmp_543861_1da75b57,_tmp_543860_1d9a2ff1,_tmp_543861_1d9b85ab,_tmp_543861_1db21aa6
[NX Daemon Server] - 2026-08-31T21:43:06.653Z - Time taken for 'hash changed files from watcher' 0.8134870007634163ms
[NX Daemon Server] - 2026-08-31T21:43:06.654Z - [REQUEST]: Responding to the client. handleHashGlob
[NX Daemon Server] - 2026-08-31T21:43:06.654Z - Done responding to the client handleHashGlob
[NX Daemon Server] - 2026-08-31T21:43:06.654Z - Handled HASH_GLOB. Handling time: 0. Response time: 0.
[NX Daemon Server] - 2026-08-31T21:43:06.655Z - [REQUEST]: Responding to the client. handleHashGlob
[NX Daemon Server] - 2026-08-31T21:43:06.656Z - Done responding to the client handleHashGlob
[NX Daemon Server] - 2026-08-31T21:43:06.656Z - Handled HASH_GLOB. Handling time: 0. Response time: 1.
[NX Daemon Server] - 2026-08-31T21:43:06.668Z - Time taken for 'build-project-configs' 11.194101000204682ms
[NX Daemon Server] - 2026-08-31T21:43:06.673Z - Time taken for '@nx/storybook/plugin:createDependencies' 8.775830999948084ms
[NX Daemon Server] - 2026-08-31T21:43:06.697Z - [SYNC]: collect registered sync generators
[NX Daemon Server] - 2026-08-31T21:43:06.697Z - [SYNC]: project graph hash is the same, not collecting task sync generators
[NX Daemon Server] - 2026-08-31T21:43:06.697Z - [SYNC]: nx.json hash is the same, not collecting global sync generators
[NX Daemon Server] - 2026-08-31T21:43:06.697Z - Time taken for 'total execution time for createProjectGraph()' 20.191577000543475ms
[NX Daemon Server] - 2026-08-31T21:43:06.706Z - [WATCHER]: 0 file(s) created or restored, 0 file(s) modified, 6 file(s) deleted
[NX Daemon Server] - 2026-08-31T21:43:06.706Z - [WATCHER]: Processing file changes in outputs
[NX Daemon Server] - 2026-08-31T21:43:06.764Z - [WATCHER]: 0 file(s) created or restored, 0 file(s) modified, 6 file(s) deleted
[NX Daemon Server] - 2026-08-31T21:43:06.764Z - [WATCHER]: Processing file changes in outputs
[NX Daemon Server] - 2026-08-31T21:43:06.907Z - [REQUEST]: Updated workspace context based on watched changes, recomputing project graph...
[NX Daemon Server] - 2026-08-31T21:43:06.907Z - [REQUEST]: 
[NX Daemon Server] - 2026-08-31T21:43:06.907Z - [REQUEST]: packages/angular/_tmp_543966_270609a8,packages/angular/_tmp_543966_26fd4b86,packages/angular/_tmp_543966_27001a36,packages/angular/_tmp_543966_270bdde0,packages/angular/_tmp_543966_2708f18a,packages/angular/_tmp_543966_2712b32b,packages/react/_tmp_544021_2a780fc0,packages/react/_tmp_544021_2a6d16ab,packages/react/_tmp_544021_2a6eb765,packages/react/_tmp_544021_2a71581b,packages/react/_tmp_544021_2a6a0953,packages/react/_tmp_544021_2a7cb850
[NX Daemon Server] - 2026-08-31T21:43:06.910Z - [REQUEST]: Responding to the client. handleHashGlob
[NX Daemon Server] - 2026-08-31T21:43:06.910Z - Done responding to the client handleHashGlob
[NX Daemon Server] - 2026-08-31T21:43:06.910Z - Handled HASH_GLOB. Handling time: 1. Response time: 0.
[NX Daemon Server] - 2026-08-31T21:43:06.910Z - Time taken for 'hash changed files from watcher' 0.9546699998900294ms
[NX Daemon Server] - 2026-08-31T21:43:06.911Z - [REQUEST]: Responding to the client. handleHashGlob
[NX Daemon Server] - 2026-08-31T21:43:06.911Z - Done responding to the client handleHashGlob
[NX Daemon Server] - 2026-08-31T21:43:06.911Z - Handled HASH_GLOB. Handling time: 0. Response time: 0.
[NX Daemon Server] - 2026-08-31T21:43:06.925Z - Time taken for 'build-project-configs' 11.533458000048995ms
[NX Daemon Server] - 2026-08-31T21:43:06.929Z - Time taken for '@nx/storybook/plugin:createDependencies' 7.399693000130355ms
[NX Daemon Server] - 2026-08-31T21:43:06.954Z - [SYNC]: collect registered sync generators
[NX Daemon Server] - 2026-08-31T21:43:06.955Z - [SYNC]: project graph hash is the same, not collecting task sync generators
[NX Daemon Server] - 2026-08-31T21:43:06.955Z - [SYNC]: nx.json hash is the same, not collecting global sync generators
[NX Daemon Server] - 2026-08-31T21:43:06.955Z - Time taken for 'total execution time for createProjectGraph()' 19.47500200010836ms
[NX Daemon Server] - 2026-08-31T21:43:07.620Z - [REQUEST]: Responding to the client. recordOutputsHash
[NX Daemon Server] - 2026-08-31T21:43:07.620Z - Done responding to the client recordOutputsHash
[NX Daemon Server] - 2026-08-31T21:43:07.621Z - Handled RECORD_OUTPUTS_HASH. Handling time: 0. Response time: 1.
[NX Daemon Server] - 2026-08-31T21:43:08.657Z - [REQUEST]: Responding to the client. recordOutputsHash
[NX Daemon Server] - 2026-08-31T21:43:08.657Z - Done responding to the client recordOutputsHash
[NX Daemon Server] - 2026-08-31T21:43:08.657Z - Handled RECORD_OUTPUTS_HASH. Handling time: 0. Response time: 0.
[NX Daemon Server] - 2026-08-31T21:43:08.671Z - [REQUEST]: Responding to the client. handleRecordTaskRuns
[NX Daemon Server] - 2026-08-31T21:43:08.671Z - Done responding to the client handleRecordTaskRuns
[NX Daemon Server] - 2026-08-31T21:43:08.671Z - Handled RECORD_TASK_RUNS. Handling time: 12. Response time: 0.
[NX Daemon Server] - 2026-08-31T21:43:08.672Z - [REQUEST]: Responding to the client. handleGetFlakyTasks
[NX Daemon Server] - 2026-08-31T21:43:08.672Z - Done responding to the client handleGetFlakyTasks
[NX Daemon Server] - 2026-08-31T21:43:08.672Z - Handled GET_FLAKY_TASKS. Handling time: 0. Response time: 0.
[NX Daemon Server] - 2026-08-31T21:43:08.734Z - [WATCHER]: 0 file(s) created or restored, 0 file(s) modified, 6 file(s) deleted
[NX Daemon Server] - 2026-08-31T21:43:08.734Z - [WATCHER]: Processing file changes in outputs
[NX Daemon Server] - 2026-08-31T21:43:08.836Z - Closed a connection. Number of open connections: 1
[NX Daemon Server] - 2026-08-31T21:43:09.134Z - [REQUEST]: Updated workspace context based on watched changes, recomputing project graph...
[NX Daemon Server] - 2026-08-31T21:43:09.134Z - [REQUEST]: 
[NX Daemon Server] - 2026-08-31T21:43:09.134Z - [REQUEST]: _tmp_544202_28b61191,_tmp_544202_28bd22a1,_tmp_544202_28ae16b6,_tmp_544202_28aaf428,_tmp_544202_28afa6d6,_tmp_544202_28b8f8b5
[NX Daemon Server] - 2026-08-31T21:43:09.137Z - [REQUEST]: Responding to the client. handleHashGlob
[NX Daemon Server] - 2026-08-31T21:43:09.137Z - Done responding to the client handleHashGlob
[NX Daemon Server] - 2026-08-31T21:43:09.137Z - Handled HASH_GLOB. Handling time: 1. Response time: 0.
[NX Daemon Server] - 2026-08-31T21:43:09.137Z - Time taken for 'hash changed files from watcher' 0.4949899995699525ms
[NX Daemon Server] - 2026-08-31T21:43:09.137Z - [REQUEST]: Responding to the client. handleHashGlob
[NX Daemon Server] - 2026-08-31T21:43:09.138Z - Done responding to the client handleHashGlob
[NX Daemon Server] - 2026-08-31T21:43:09.138Z - Handled HASH_GLOB. Handling time: 0. Response time: 1.
[NX Daemon Server] - 2026-08-31T21:43:09.150Z - Time taken for 'build-project-configs' 10.6291189994663ms
[NX Daemon Server] - 2026-08-31T21:43:09.154Z - Time taken for '@nx/storybook/plugin:createDependencies' 6.7510190000757575ms
[NX Daemon Server] - 2026-08-31T21:43:09.174Z - [SYNC]: collect registered sync generators
[NX Daemon Server] - 2026-08-31T21:43:09.174Z - [SYNC]: project graph hash is the same, not collecting task sync generators
[NX Daemon Server] - 2026-08-31T21:43:09.174Z - [SYNC]: nx.json hash is the same, not collecting global sync generators
[NX Daemon Server] - 2026-08-31T21:43:09.174Z - Time taken for 'total execution time for createProjectGraph()' 16.09115200024098ms
[NX Daemon Server] - 2026-08-31T21:43:18.840Z - [WATCHER]: 1 file(s) created or restored, 2 file(s) modified, 0 file(s) deleted
[NX Daemon Server] - 2026-08-31T21:43:18.840Z - [WATCHER]: Processing file changes in outputs
[NX Daemon Server] - 2026-08-31T21:43:18.941Z - [REQUEST]: Updated workspace context based on watched changes, recomputing project graph...
[NX Daemon Server] - 2026-08-31T21:43:18.941Z - [REQUEST]: fix_exact_optional.py,packages/react/src/radio-group/RadioGroupContext.ts,packages/react/src/checkbox-group/CheckboxGroupContext.ts
[NX Daemon Server] - 2026-08-31T21:43:18.941Z - [REQUEST]: 
[NX Daemon Server] - 2026-08-31T21:43:18.944Z - [REQUEST]: Responding to the client. handleHashGlob
[NX Daemon Server] - 2026-08-31T21:43:18.944Z - Done responding to the client handleHashGlob
[NX Daemon Server] - 2026-08-31T21:43:18.944Z - Handled HASH_GLOB. Handling time: 1. Response time: 0.
[NX Daemon Server] - 2026-08-31T21:43:18.944Z - Time taken for 'hash changed files from watcher' 0.5217399997636676ms
[NX Daemon Server] - 2026-08-31T21:43:18.944Z - [REQUEST]: Responding to the client. handleHashGlob
[NX Daemon Server] - 2026-08-31T21:43:18.945Z - Done responding to the client handleHashGlob
[NX Daemon Server] - 2026-08-31T21:43:18.945Z - Handled HASH_GLOB. Handling time: 0. Response time: 1.
[NX Daemon Server] - 2026-08-31T21:43:18.967Z - Time taken for 'build-project-configs' 20.369630000554025ms
[NX Daemon Server] - 2026-08-31T21:43:18.972Z - Time taken for '@nx/storybook/plugin:createDependencies' 8.186618999578059ms
[NX Daemon Server] - 2026-08-31T21:43:19.008Z - [SYNC]: collect registered sync generators
[NX Daemon Server] - 2026-08-31T21:43:19.009Z - [SYNC]: project graph hash is the same, not collecting task sync generators
[NX Daemon Server] - 2026-08-31T21:43:19.009Z - [SYNC]: nx.json hash is the same, not collecting global sync generators
[NX Daemon Server] - 2026-08-31T21:43:19.009Z - Time taken for 'total execution time for createProjectGraph()' 33.88975800015032ms
[NX Daemon Server] - 2026-08-31T21:43:29.229Z - [WATCHER]: 1 file(s) created or restored, 2 file(s) modified, 0 file(s) deleted
[NX Daemon Server] - 2026-08-31T21:43:29.230Z - [WATCHER]: Processing file changes in outputs
[NX Daemon Server] - 2026-08-31T21:43:29.330Z - [REQUEST]: Updated workspace context based on watched changes, recomputing project graph...
[NX Daemon Server] - 2026-08-31T21:43:29.330Z - [REQUEST]: fix_refs.py,packages/react/src/number-input/NumberInput.tsx,packages/react/src/search-input/SearchInput.tsx
[NX Daemon Server] - 2026-08-31T21:43:29.330Z - [REQUEST]: 
[NX Daemon Server] - 2026-08-31T21:43:29.333Z - [REQUEST]: Responding to the client. handleHashGlob
[NX Daemon Server] - 2026-08-31T21:43:29.333Z - Done responding to the client handleHashGlob
[NX Daemon Server] - 2026-08-31T21:43:29.333Z - Handled HASH_GLOB. Handling time: 1. Response time: 0.
[NX Daemon Server] - 2026-08-31T21:43:29.333Z - Time taken for 'hash changed files from watcher' 0.5991730000823736ms
[NX Daemon Server] - 2026-08-31T21:43:29.334Z - [REQUEST]: Responding to the client. handleHashGlob
[NX Daemon Server] - 2026-08-31T21:43:29.334Z - Done responding to the client handleHashGlob
[NX Daemon Server] - 2026-08-31T21:43:29.334Z - Handled HASH_GLOB. Handling time: 1. Response time: 0.
[NX Daemon Server] - 2026-08-31T21:43:29.356Z - Time taken for 'build-project-configs' 20.467881999909878ms
[NX Daemon Server] - 2026-08-31T21:43:29.361Z - Time taken for '@nx/storybook/plugin:createDependencies' 7.756418999284506ms
[NX Daemon Server] - 2026-08-31T21:43:29.403Z - [SYNC]: collect registered sync generators
[NX Daemon Server] - 2026-08-31T21:43:29.404Z - [SYNC]: project graph hash is the same, not collecting task sync generators
[NX Daemon Server] - 2026-08-31T21:43:29.404Z - [SYNC]: nx.json hash is the same, not collecting global sync generators
[NX Daemon Server] - 2026-08-31T21:43:29.404Z - Time taken for 'total execution time for createProjectGraph()' 36.83461999986321ms
[NX Daemon Server] - 2026-08-31T21:43:33.113Z - [WATCHER]: 0 file(s) created or restored, 0 file(s) modified, 6 file(s) deleted
[NX Daemon Server] - 2026-08-31T21:43:33.113Z - [WATCHER]: Processing file changes in outputs
[NX Daemon Server] - 2026-08-31T21:43:33.314Z - [REQUEST]: Updated workspace context based on watched changes, recomputing project graph...
[NX Daemon Server] - 2026-08-31T21:43:33.314Z - [REQUEST]: 
[NX Daemon Server] - 2026-08-31T21:43:33.314Z - [REQUEST]: _tmp_545431_039a835a,_tmp_545431_03ac7096,_tmp_545431_03a166fb,_tmp_545431_03b07173,_tmp_545431_03a364cc,_tmp_545431_03a65000
[NX Daemon Server] - 2026-08-31T21:43:33.316Z - Time taken for 'hash changed files from watcher' 0.5050900001078844ms
[NX Daemon Server] - 2026-08-31T21:43:33.317Z - [REQUEST]: Responding to the client. handleHashGlob
[NX Daemon Server] - 2026-08-31T21:43:33.317Z - Done responding to the client handleHashGlob
[NX Daemon Server] - 2026-08-31T21:43:33.317Z - Handled HASH_GLOB. Handling time: 1. Response time: 0.
[NX Daemon Server] - 2026-08-31T21:43:33.318Z - [REQUEST]: Responding to the client. handleHashGlob
[NX Daemon Server] - 2026-08-31T21:43:33.318Z - Done responding to the client handleHashGlob
[NX Daemon Server] - 2026-08-31T21:43:33.318Z - Handled HASH_GLOB. Handling time: 1. Response time: 0.
[NX Daemon Server] - 2026-08-31T21:43:33.332Z - Time taken for 'build-project-configs' 12.489907000213861ms
[NX Daemon Server] - 2026-08-31T21:43:33.336Z - Time taken for '@nx/storybook/plugin:createDependencies' 7.0829360000789165ms
[NX Daemon Server] - 2026-08-31T21:43:33.360Z - [SYNC]: collect registered sync generators
[NX Daemon Server] - 2026-08-31T21:43:33.361Z - [SYNC]: project graph hash is the same, not collecting task sync generators
[NX Daemon Server] - 2026-08-31T21:43:33.361Z - [SYNC]: nx.json hash is the same, not collecting global sync generators
[NX Daemon Server] - 2026-08-31T21:43:33.361Z - Time taken for 'total execution time for createProjectGraph()' 20.029493000358343ms
[NX Daemon Server] - 2026-08-31T21:43:33.386Z - Established a connection. Number of open connections: 2
[NX Daemon Server] - 2026-08-31T21:43:33.387Z - Closed a connection. Number of open connections: 1
[NX Daemon Server] - 2026-08-31T21:43:33.387Z - Established a connection. Number of open connections: 2
[NX Daemon Server] - 2026-08-31T21:43:33.388Z - [REQUEST]: Client Request for Project Graph Received
[NX Daemon Server] - 2026-08-31T21:43:33.389Z - [REQUEST]: Responding to the client. project-graph
[NX Daemon Server] - 2026-08-31T21:43:33.389Z - Time taken for 'total for creating and serializing project graph' 0.18958400003612041ms
[NX Daemon Server] - 2026-08-31T21:43:33.390Z - Done responding to the client project-graph
[NX Daemon Server] - 2026-08-31T21:43:33.390Z - Handled REQUEST_PROJECT_GRAPH. Handling time: 1. Response time: 1.
[NX Daemon Server] - 2026-08-31T21:43:33.425Z - [REQUEST]: Responding to the client. handleHashTasks
[NX Daemon Server] - 2026-08-31T21:43:33.426Z - Done responding to the client handleHashTasks
[NX Daemon Server] - 2026-08-31T21:43:33.426Z - Handled HASH_TASKS. Handling time: 11. Response time: 1.
[NX Daemon Server] - 2026-08-31T21:43:33.454Z - [REQUEST]: Responding to the client. handleGetEstimatedTaskTimings
[NX Daemon Server] - 2026-08-31T21:43:33.454Z - Done responding to the client handleGetEstimatedTaskTimings
[NX Daemon Server] - 2026-08-31T21:43:33.454Z - Handled GET_ESTIMATED_TASK_TIMINGS. Handling time: 1. Response time: 0.
[NX Daemon Server] - 2026-08-31T21:43:33.634Z - [WATCHER]: 0 file(s) created or restored, 0 file(s) modified, 12 file(s) deleted
[NX Daemon Server] - 2026-08-31T21:43:33.634Z - [WATCHER]: Processing file changes in outputs
[NX Daemon Server] - 2026-08-31T21:43:33.735Z - [REQUEST]: Updated workspace context based on watched changes, recomputing project graph...
[NX Daemon Server] - 2026-08-31T21:43:33.735Z - [REQUEST]: 
[NX Daemon Server] - 2026-08-31T21:43:33.735Z - [REQUEST]: _tmp_545629_22cedc94,_tmp_545629_22c00066,_tmp_545629_22dae972,_tmp_545628_22b92ffc,_tmp_545628_22aea182,_tmp_545629_22cac6a8,_tmp_545628_22bb884f,_tmp_545629_22bab4f0,_tmp_545629_22b4d5f0,_tmp_545628_22b1d932,_tmp_545628_22bf89ff,_tmp_545628_22aa7c3c
[NX Daemon Server] - 2026-08-31T21:43:33.740Z - [REQUEST]: Responding to the client. handleHashGlob
[NX Daemon Server] - 2026-08-31T21:43:33.740Z - Done responding to the client handleHashGlob
[NX Daemon Server] - 2026-08-31T21:43:33.740Z - Handled HASH_GLOB. Handling time: 2. Response time: 0.
[NX Daemon Server] - 2026-08-31T21:43:33.740Z - Time taken for 'hash changed files from watcher' 0.5624910006299615ms
[NX Daemon Server] - 2026-08-31T21:43:33.742Z - [REQUEST]: Responding to the client. handleHashGlob
[NX Daemon Server] - 2026-08-31T21:43:33.742Z - Done responding to the client handleHashGlob
[NX Daemon Server] - 2026-08-31T21:43:33.742Z - Handled HASH_GLOB. Handling time: 1. Response time: 0.
[NX Daemon Server] - 2026-08-31T21:43:33.753Z - Time taken for 'build-project-configs' 12.053868000395596ms
[NX Daemon Server] - 2026-08-31T21:43:33.758Z - Time taken for '@nx/storybook/plugin:createDependencies' 8.48638499993831ms
[NX Daemon Server] - 2026-08-31T21:43:33.794Z - [SYNC]: collect registered sync generators
[NX Daemon Server] - 2026-08-31T21:43:33.794Z - [SYNC]: project graph hash is the same, not collecting task sync generators
[NX Daemon Server] - 2026-08-31T21:43:33.794Z - [SYNC]: nx.json hash is the same, not collecting global sync generators
[NX Daemon Server] - 2026-08-31T21:43:33.794Z - Time taken for 'total execution time for createProjectGraph()' 24.725089999847114ms
[NX Daemon Server] - 2026-08-31T21:43:33.795Z - [WATCHER]: Processing file changes in outputs
[NX Daemon Server] - 2026-08-31T21:43:33.797Z - [WATCHER]: 0 file(s) created or restored, 0 file(s) modified, 6 file(s) deleted
[NX Daemon Server] - 2026-08-31T21:43:33.869Z - [WATCHER]: Processing file changes in outputs
[NX Daemon Server] - 2026-08-31T21:43:33.870Z - [WATCHER]: 0 file(s) created or restored, 0 file(s) modified, 6 file(s) deleted
[NX Daemon Server] - 2026-08-31T21:43:33.998Z - [REQUEST]: Updated workspace context based on watched changes, recomputing project graph...
[NX Daemon Server] - 2026-08-31T21:43:33.998Z - [REQUEST]: 
[NX Daemon Server] - 2026-08-31T21:43:33.998Z - [REQUEST]: packages/react/_tmp_545767_2c669307,packages/react/_tmp_545767_2c71e07c,packages/react/_tmp_545767_2c637aaa,packages/react/_tmp_545767_2c769f6e,packages/react/_tmp_545767_2c68f3c0,packages/react/_tmp_545767_2c5a5ce8,packages/angular/_tmp_545827_30e8efc8,packages/angular/_tmp_545827_30c41af4,packages/angular/_tmp_545827_30c8e346,packages/angular/_tmp_545827_310140e9,packages/angular/_tmp_545827_30f42c0d,packages/angular/_tmp_545827_3105b8af
[NX Daemon Server] - 2026-08-31T21:43:34.001Z - [REQUEST]: Responding to the client. handleHashGlob
[NX Daemon Server] - 2026-08-31T21:43:34.001Z - Done responding to the client handleHashGlob
[NX Daemon Server] - 2026-08-31T21:43:34.001Z - Handled HASH_GLOB. Handling time: 1. Response time: 0.
[NX Daemon Server] - 2026-08-31T21:43:34.001Z - Time taken for 'hash changed files from watcher' 0.917128000408411ms
[NX Daemon Server] - 2026-08-31T21:43:34.002Z - [REQUEST]: Responding to the client. handleHashGlob
[NX Daemon Server] - 2026-08-31T21:43:34.002Z - Done responding to the client handleHashGlob
[NX Daemon Server] - 2026-08-31T21:43:34.002Z - Handled HASH_GLOB. Handling time: 0. Response time: 0.
[NX Daemon Server] - 2026-08-31T21:43:34.019Z - Time taken for 'build-project-configs' 14.787584000267088ms
[NX Daemon Server] - 2026-08-31T21:43:34.023Z - Time taken for '@nx/storybook/plugin:createDependencies' 7.822960999794304ms
[NX Daemon Server] - 2026-08-31T21:43:34.046Z - [SYNC]: collect registered sync generators
[NX Daemon Server] - 2026-08-31T21:43:34.046Z - [SYNC]: project graph hash is the same, not collecting task sync generators
[NX Daemon Server] - 2026-08-31T21:43:34.046Z - [SYNC]: nx.json hash is the same, not collecting global sync generators
[NX Daemon Server] - 2026-08-31T21:43:34.046Z - Time taken for 'total execution time for createProjectGraph()' 19.032982000149786ms
[NX Daemon Server] - 2026-08-31T21:43:34.759Z - [REQUEST]: Responding to the client. recordOutputsHash
[NX Daemon Server] - 2026-08-31T21:43:34.759Z - Done responding to the client recordOutputsHash
[NX Daemon Server] - 2026-08-31T21:43:34.759Z - Handled RECORD_OUTPUTS_HASH. Handling time: 0. Response time: 0.
[NX Daemon Server] - 2026-08-31T21:43:35.595Z - [REQUEST]: Responding to the client. recordOutputsHash
[NX Daemon Server] - 2026-08-31T21:43:35.595Z - Done responding to the client recordOutputsHash
[NX Daemon Server] - 2026-08-31T21:43:35.595Z - Handled RECORD_OUTPUTS_HASH. Handling time: 0. Response time: 0.
[NX Daemon Server] - 2026-08-31T21:43:35.609Z - [REQUEST]: Responding to the client. handleRecordTaskRuns
[NX Daemon Server] - 2026-08-31T21:43:35.609Z - Done responding to the client handleRecordTaskRuns
[NX Daemon Server] - 2026-08-31T21:43:35.609Z - Handled RECORD_TASK_RUNS. Handling time: 12. Response time: 0.
[NX Daemon Server] - 2026-08-31T21:43:35.610Z - [REQUEST]: Responding to the client. handleGetFlakyTasks
[NX Daemon Server] - 2026-08-31T21:43:35.610Z - Done responding to the client handleGetFlakyTasks
[NX Daemon Server] - 2026-08-31T21:43:35.610Z - Handled GET_FLAKY_TASKS. Handling time: 0. Response time: 0.
[NX Daemon Server] - 2026-08-31T21:43:35.674Z - [WATCHER]: Processing file changes in outputs
[NX Daemon Server] - 2026-08-31T21:43:35.674Z - [WATCHER]: 0 file(s) created or restored, 0 file(s) modified, 6 file(s) deleted
[NX Daemon Server] - 2026-08-31T21:43:35.774Z - Closed a connection. Number of open connections: 1
[NX Daemon Server] - 2026-08-31T21:43:36.076Z - [REQUEST]: Updated workspace context based on watched changes, recomputing project graph...
[NX Daemon Server] - 2026-08-31T21:43:36.076Z - [REQUEST]: 
[NX Daemon Server] - 2026-08-31T21:43:36.076Z - [REQUEST]: _tmp_545966_2510112e,_tmp_545966_250c579b,_tmp_545966_25179c6e,_tmp_545966_251a1767,_tmp_545966_251c8523,_tmp_545966_25241617
[NX Daemon Server] - 2026-08-31T21:43:36.077Z - Time taken for 'hash changed files from watcher' 0.5025999993085861ms
[NX Daemon Server] - 2026-08-31T21:43:36.078Z - [REQUEST]: Responding to the client. handleHashGlob
[NX Daemon Server] - 2026-08-31T21:43:36.078Z - Done responding to the client handleHashGlob
[NX Daemon Server] - 2026-08-31T21:43:36.078Z - Handled HASH_GLOB. Handling time: 0. Response time: 0.
[NX Daemon Server] - 2026-08-31T21:43:36.079Z - [REQUEST]: Responding to the client. handleHashGlob
[NX Daemon Server] - 2026-08-31T21:43:36.079Z - Done responding to the client handleHashGlob
[NX Daemon Server] - 2026-08-31T21:43:36.079Z - Handled HASH_GLOB. Handling time: 0. Response time: 0.
[NX Daemon Server] - 2026-08-31T21:43:36.091Z - Time taken for 'build-project-configs' 10.524527000263333ms
[NX Daemon Server] - 2026-08-31T21:43:36.095Z - Time taken for '@nx/storybook/plugin:createDependencies' 6.538474000059068ms
[NX Daemon Server] - 2026-08-31T21:43:36.116Z - [SYNC]: collect registered sync generators
[NX Daemon Server] - 2026-08-31T21:43:36.116Z - [SYNC]: project graph hash is the same, not collecting task sync generators
[NX Daemon Server] - 2026-08-31T21:43:36.116Z - [SYNC]: nx.json hash is the same, not collecting global sync generators
[NX Daemon Server] - 2026-08-31T21:43:36.116Z - Time taken for 'total execution time for createProjectGraph()' 16.615473000332713ms
[NX Daemon Server] - 2026-08-31T21:43:42.366Z - [WATCHER]: Processing file changes in outputs
[NX Daemon Server] - 2026-08-31T21:43:42.367Z - [WATCHER]: 0 file(s) created or restored, 0 file(s) modified, 6 file(s) deleted
[NX Daemon Server] - 2026-08-31T21:43:42.630Z - Established a connection. Number of open connections: 2
[NX Daemon Server] - 2026-08-31T21:43:42.630Z - Closed a connection. Number of open connections: 1
[NX Daemon Server] - 2026-08-31T21:43:42.631Z - Established a connection. Number of open connections: 2
[NX Daemon Server] - 2026-08-31T21:43:42.632Z - [REQUEST]: Client Request for Project Graph Received
[NX Daemon Server] - 2026-08-31T21:43:42.633Z - [REQUEST]: Updated workspace context based on watched changes, recomputing project graph...
[NX Daemon Server] - 2026-08-31T21:43:42.633Z - [REQUEST]: 
[NX Daemon Server] - 2026-08-31T21:43:42.633Z - [REQUEST]: _tmp_546307_12c4db59,_tmp_546307_12ba3c4f,_tmp_546307_12b71917,_tmp_546307_12cb6ce8,_tmp_546307_12c01447,_tmp_546307_12c22045
[NX Daemon Server] - 2026-08-31T21:43:42.634Z - Time taken for 'hash changed files from watcher' 0.4148990008980036ms
[NX Daemon Server] - 2026-08-31T21:43:42.635Z - [REQUEST]: Responding to the client. handleHashGlob
[NX Daemon Server] - 2026-08-31T21:43:42.635Z - Done responding to the client handleHashGlob
[NX Daemon Server] - 2026-08-31T21:43:42.635Z - Handled HASH_GLOB. Handling time: 1. Response time: 0.
[NX Daemon Server] - 2026-08-31T21:43:42.636Z - [REQUEST]: Responding to the client. handleHashGlob
[NX Daemon Server] - 2026-08-31T21:43:42.636Z - Done responding to the client handleHashGlob
[NX Daemon Server] - 2026-08-31T21:43:42.636Z - Handled HASH_GLOB. Handling time: 1. Response time: 0.
[NX Daemon Server] - 2026-08-31T21:43:42.648Z - Time taken for 'build-project-configs' 10.624389000236988ms
[NX Daemon Server] - 2026-08-31T21:43:42.652Z - Time taken for '@nx/storybook/plugin:createDependencies' 6.4642030000686646ms
[NX Daemon Server] - 2026-08-31T21:43:42.673Z - [SYNC]: collect registered sync generators
[NX Daemon Server] - 2026-08-31T21:43:42.673Z - [SYNC]: project graph hash is the same, not collecting task sync generators
[NX Daemon Server] - 2026-08-31T21:43:42.673Z - [SYNC]: nx.json hash is the same, not collecting global sync generators
[NX Daemon Server] - 2026-08-31T21:43:42.674Z - [REQUEST]: Responding to the client. project-graph
[NX Daemon Server] - 2026-08-31T21:43:42.674Z - Time taken for 'total for creating and serializing project graph' 41.700149999931455ms
[NX Daemon Server] - 2026-08-31T21:43:42.676Z - Done responding to the client project-graph
[NX Daemon Server] - 2026-08-31T21:43:42.676Z - Handled REQUEST_PROJECT_GRAPH. Handling time: 42. Response time: 2.
[NX Daemon Server] - 2026-08-31T21:43:42.711Z - [REQUEST]: Responding to the client. handleHashTasks
[NX Daemon Server] - 2026-08-31T21:43:42.711Z - Done responding to the client handleHashTasks
[NX Daemon Server] - 2026-08-31T21:43:42.711Z - Handled HASH_TASKS. Handling time: 12. Response time: 0.
[NX Daemon Server] - 2026-08-31T21:43:42.728Z - [REQUEST]: Responding to the client. handleGetEstimatedTaskTimings
[NX Daemon Server] - 2026-08-31T21:43:42.728Z - Done responding to the client handleGetEstimatedTaskTimings
[NX Daemon Server] - 2026-08-31T21:43:42.728Z - Handled GET_ESTIMATED_TASK_TIMINGS. Handling time: 0. Response time: 0.
[NX Daemon Server] - 2026-08-31T21:43:42.901Z - [WATCHER]: 0 file(s) created or restored, 0 file(s) modified, 12 file(s) deleted
[NX Daemon Server] - 2026-08-31T21:43:42.901Z - [WATCHER]: Processing file changes in outputs
[NX Daemon Server] - 2026-08-31T21:43:43.002Z - [REQUEST]: Updated workspace context based on watched changes, recomputing project graph...
[NX Daemon Server] - 2026-08-31T21:43:43.003Z - [REQUEST]: 
[NX Daemon Server] - 2026-08-31T21:43:43.003Z - [REQUEST]: _tmp_546454_32aa3efb,_tmp_546454_32bb0798,_tmp_546452_329d43c0,_tmp_546454_32b6b2a0,_tmp_546452_32c403f4,_tmp_546454_32cb3390,_tmp_546454_32c5f289,_tmp_546452_32a1db98,_tmp_546452_32a68fb8,_tmp_546454_32b2eafd,_tmp_546452_32b63f4f,_tmp_546452_32b071a7
[NX Daemon Server] - 2026-08-31T21:43:43.004Z - Time taken for 'hash changed files from watcher' 0.8098860001191497ms
[NX Daemon Server] - 2026-08-31T21:43:43.005Z - [REQUEST]: Responding to the client. handleHashGlob
[NX Daemon Server] - 2026-08-31T21:43:43.005Z - Done responding to the client handleHashGlob
[NX Daemon Server] - 2026-08-31T21:43:43.005Z - Handled HASH_GLOB. Handling time: 0. Response time: 0.
[NX Daemon Server] - 2026-08-31T21:43:43.006Z - [REQUEST]: Responding to the client. handleHashGlob
[NX Daemon Server] - 2026-08-31T21:43:43.006Z - Done responding to the client handleHashGlob
[NX Daemon Server] - 2026-08-31T21:43:43.006Z - Handled HASH_GLOB. Handling time: 0. Response time: 0.
[NX Daemon Server] - 2026-08-31T21:43:43.019Z - Time taken for 'build-project-configs' 11.161799999885261ms
[NX Daemon Server] - 2026-08-31T21:43:43.025Z - Time taken for '@nx/storybook/plugin:createDependencies' 8.203499000519514ms
[NX Daemon Server] - 2026-08-31T21:43:43.054Z - [SYNC]: collect registered sync generators
[NX Daemon Server] - 2026-08-31T21:43:43.055Z - [SYNC]: project graph hash is the same, not collecting task sync generators
[NX Daemon Server] - 2026-08-31T21:43:43.055Z - [SYNC]: nx.json hash is the same, not collecting global sync generators
[NX Daemon Server] - 2026-08-31T21:43:43.055Z - Time taken for 'total execution time for createProjectGraph()' 18.90915900003165ms
[NX Daemon Server] - 2026-08-31T21:43:43.055Z - [WATCHER]: 0 file(s) created or restored, 0 file(s) modified, 6 file(s) deleted
[NX Daemon Server] - 2026-08-31T21:43:43.055Z - [WATCHER]: Processing file changes in outputs
[NX Daemon Server] - 2026-08-31T21:43:43.115Z - [WATCHER]: 0 file(s) created or restored, 0 file(s) modified, 6 file(s) deleted
[NX Daemon Server] - 2026-08-31T21:43:43.115Z - [WATCHER]: Processing file changes in outputs
[NX Daemon Server] - 2026-08-31T21:43:43.256Z - [REQUEST]: Updated workspace context based on watched changes, recomputing project graph...
[NX Daemon Server] - 2026-08-31T21:43:43.256Z - [REQUEST]: 
[NX Daemon Server] - 2026-08-31T21:43:43.256Z - [REQUEST]: packages/angular/_tmp_546558_3b90e90e,packages/angular/_tmp_546558_3b825bc9,packages/angular/_tmp_546558_3b7c2764,packages/angular/_tmp_546558_3b8456c9,packages/angular/_tmp_546558_3b86b2b4,packages/angular/_tmp_546558_3b8cb31a,packages/react/_tmp_546632_03c3aff7,packages/react/_tmp_546632_03cd23a0,packages/react/_tmp_546632_03d6ff3b,packages/react/_tmp_546632_03c00794,packages/react/_tmp_546632_03d22752,packages/react/_tmp_546632_03c56a29
[NX Daemon Server] - 2026-08-31T21:43:43.258Z - Time taken for 'hash changed files from watcher' 0.8137069996446371ms
[NX Daemon Server] - 2026-08-31T21:43:43.260Z - [REQUEST]: Responding to the client. handleHashGlob
[NX Daemon Server] - 2026-08-31T21:43:43.260Z - Done responding to the client handleHashGlob
[NX Daemon Server] - 2026-08-31T21:43:43.260Z - Handled HASH_GLOB. Handling time: 1. Response time: 0.
[NX Daemon Server] - 2026-08-31T21:43:43.261Z - [REQUEST]: Responding to the client. handleHashGlob
[NX Daemon Server] - 2026-08-31T21:43:43.261Z - Done responding to the client handleHashGlob
[NX Daemon Server] - 2026-08-31T21:43:43.261Z - Handled HASH_GLOB. Handling time: 1. Response time: 0.
[NX Daemon Server] - 2026-08-31T21:43:43.274Z - Time taken for 'build-project-configs' 11.973247000016272ms
[NX Daemon Server] - 2026-08-31T21:43:43.278Z - Time taken for '@nx/storybook/plugin:createDependencies' 7.5898270001634955ms
[NX Daemon Server] - 2026-08-31T21:43:43.298Z - [SYNC]: collect registered sync generators
[NX Daemon Server] - 2026-08-31T21:43:43.298Z - [SYNC]: project graph hash is the same, not collecting task sync generators
[NX Daemon Server] - 2026-08-31T21:43:43.298Z - [SYNC]: nx.json hash is the same, not collecting global sync generators
[NX Daemon Server] - 2026-08-31T21:43:43.298Z - Time taken for 'total execution time for createProjectGraph()' 16.948499999940395ms
[NX Daemon Server] - 2026-08-31T21:43:43.838Z - [REQUEST]: Responding to the client. recordOutputsHash
[NX Daemon Server] - 2026-08-31T21:43:43.838Z - Done responding to the client recordOutputsHash
[NX Daemon Server] - 2026-08-31T21:43:43.838Z - Handled RECORD_OUTPUTS_HASH. Handling time: 0. Response time: 0.
[NX Daemon Server] - 2026-08-31T21:43:43.878Z - [REQUEST]: Responding to the client. recordOutputsHash
[NX Daemon Server] - 2026-08-31T21:43:43.878Z - Done responding to the client recordOutputsHash
[NX Daemon Server] - 2026-08-31T21:43:43.878Z - Handled RECORD_OUTPUTS_HASH. Handling time: 0. Response time: 0.
[NX Daemon Server] - 2026-08-31T21:43:43.893Z - [REQUEST]: Responding to the client. handleRecordTaskRuns
[NX Daemon Server] - 2026-08-31T21:43:43.893Z - Done responding to the client handleRecordTaskRuns
[NX Daemon Server] - 2026-08-31T21:43:43.893Z - Handled RECORD_TASK_RUNS. Handling time: 13. Response time: 0.
[NX Daemon Server] - 2026-08-31T21:43:43.894Z - [REQUEST]: Responding to the client. handleGetFlakyTasks
[NX Daemon Server] - 2026-08-31T21:43:43.894Z - Done responding to the client handleGetFlakyTasks
[NX Daemon Server] - 2026-08-31T21:43:43.894Z - Handled GET_FLAKY_TASKS. Handling time: 0. Response time: 0.
[NX Daemon Server] - 2026-08-31T21:43:43.957Z - [WATCHER]: Processing file changes in outputs
[NX Daemon Server] - 2026-08-31T21:43:43.958Z - [WATCHER]: 0 file(s) created or restored, 0 file(s) modified, 6 file(s) deleted
[NX Daemon Server] - 2026-08-31T21:43:44.053Z - Closed a connection. Number of open connections: 1
[NX Daemon Server] - 2026-08-31T21:43:44.358Z - [REQUEST]: Updated workspace context based on watched changes, recomputing project graph...
[NX Daemon Server] - 2026-08-31T21:43:44.358Z - [REQUEST]: 
[NX Daemon Server] - 2026-08-31T21:43:44.358Z - [REQUEST]: _tmp_546812_360346c0,_tmp_546812_36135f12,_tmp_546812_360ed374,_tmp_546812_35fcb559,_tmp_546812_36012a81,_tmp_546812_360baff6
[NX Daemon Server] - 2026-08-31T21:43:44.360Z - Time taken for 'hash changed files from watcher' 0.6169720003381371ms
[NX Daemon Server] - 2026-08-31T21:43:44.360Z - [REQUEST]: Responding to the client. handleHashGlob
[NX Daemon Server] - 2026-08-31T21:43:44.360Z - Done responding to the client handleHashGlob
[NX Daemon Server] - 2026-08-31T21:43:44.360Z - Handled HASH_GLOB. Handling time: 0. Response time: 0.
[NX Daemon Server] - 2026-08-31T21:43:44.361Z - [REQUEST]: Responding to the client. handleHashGlob
[NX Daemon Server] - 2026-08-31T21:43:44.361Z - Done responding to the client handleHashGlob
[NX Daemon Server] - 2026-08-31T21:43:44.361Z - Handled HASH_GLOB. Handling time: 0. Response time: 0.
[NX Daemon Server] - 2026-08-31T21:43:44.374Z - Time taken for 'build-project-configs' 10.42512399982661ms
[NX Daemon Server] - 2026-08-31T21:43:44.379Z - Time taken for '@nx/storybook/plugin:createDependencies' 7.915133000351489ms
[NX Daemon Server] - 2026-08-31T21:43:44.400Z - [SYNC]: collect registered sync generators
[NX Daemon Server] - 2026-08-31T21:43:44.400Z - [SYNC]: project graph hash is the same, not collecting task sync generators
[NX Daemon Server] - 2026-08-31T21:43:44.400Z - [SYNC]: nx.json hash is the same, not collecting global sync generators
[NX Daemon Server] - 2026-08-31T21:43:44.400Z - Time taken for 'total execution time for createProjectGraph()' 17.568833000026643ms
[NX Daemon Server] - 2026-08-31T21:43:49.336Z - [WATCHER]: 1 file(s) created or restored, 3 file(s) modified, 0 file(s) deleted
[NX Daemon Server] - 2026-08-31T21:43:49.336Z - [WATCHER]: Processing file changes in outputs
[NX Daemon Server] - 2026-08-31T21:43:49.437Z - [REQUEST]: Updated workspace context based on watched changes, recomputing project graph...
[NX Daemon Server] - 2026-08-31T21:43:49.437Z - [REQUEST]: fix_lint.py,packages/core/package.json,packages/angular/package.json,packages/react/package.json
[NX Daemon Server] - 2026-08-31T21:43:49.437Z - [REQUEST]: 
[NX Daemon Server] - 2026-08-31T21:43:49.439Z - Time taken for 'hash changed files from watcher' 0.5728019997477531ms
[NX Daemon Server] - 2026-08-31T21:43:49.440Z - [REQUEST]: Responding to the client. handleHashGlob
[NX Daemon Server] - 2026-08-31T21:43:49.440Z - Done responding to the client handleHashGlob
[NX Daemon Server] - 2026-08-31T21:43:49.440Z - Handled HASH_GLOB. Handling time: 1. Response time: 0.
[NX Daemon Server] - 2026-08-31T21:43:49.441Z - [REQUEST]: Responding to the client. handleHashGlob
[NX Daemon Server] - 2026-08-31T21:43:49.441Z - Done responding to the client handleHashGlob
[NX Daemon Server] - 2026-08-31T21:43:49.441Z - Handled HASH_GLOB. Handling time: 1. Response time: 0.
[NX Daemon Server] - 2026-08-31T21:43:49.472Z - Time taken for 'build-project-configs' 28.699510999955237ms
[NX Daemon Server] - 2026-08-31T21:43:49.477Z - Time taken for '@nx/storybook/plugin:createDependencies' 7.658086999319494ms
[NX Daemon Server] - 2026-08-31T21:43:49.520Z - [SYNC]: collect registered sync generators
[NX Daemon Server] - 2026-08-31T21:43:49.520Z - [SYNC]: nx.json hash is the same, not collecting global sync generators
[NX Daemon Server] - 2026-08-31T21:43:49.520Z - Time taken for 'total execution time for createProjectGraph()' 38.26761899981648ms
[NX Daemon Server] - 2026-08-31T21:43:53.382Z - [WATCHER]: 0 file(s) created or restored, 0 file(s) modified, 6 file(s) deleted
[NX Daemon Server] - 2026-08-31T21:43:53.382Z - [WATCHER]: Processing file changes in outputs
[NX Daemon Server] - 2026-08-31T21:43:53.583Z - [REQUEST]: Updated workspace context based on watched changes, recomputing project graph...
[NX Daemon Server] - 2026-08-31T21:43:53.583Z - [REQUEST]: 
[NX Daemon Server] - 2026-08-31T21:43:53.583Z - [REQUEST]: _tmp_547312_13adc096,_tmp_547312_13b6dd68,_tmp_547312_13b09f90,_tmp_547312_13abf6af,_tmp_547312_13a50bde,_tmp_547312_13ba7e9b
[NX Daemon Server] - 2026-08-31T21:43:53.585Z - Time taken for 'hash changed files from watcher' 0.5021010003983974ms
[NX Daemon Server] - 2026-08-31T21:43:53.585Z - [REQUEST]: Responding to the client. handleHashGlob
[NX Daemon Server] - 2026-08-31T21:43:53.586Z - Done responding to the client handleHashGlob
[NX Daemon Server] - 2026-08-31T21:43:53.586Z - Handled HASH_GLOB. Handling time: 0. Response time: 1.
[NX Daemon Server] - 2026-08-31T21:43:53.586Z - [REQUEST]: Responding to the client. handleHashGlob
[NX Daemon Server] - 2026-08-31T21:43:53.587Z - Done responding to the client handleHashGlob
[NX Daemon Server] - 2026-08-31T21:43:53.587Z - Handled HASH_GLOB. Handling time: 0. Response time: 1.
[NX Daemon Server] - 2026-08-31T21:43:53.600Z - Time taken for 'build-project-configs' 11.131768999621272ms
[NX Daemon Server] - 2026-08-31T21:43:53.605Z - Time taken for '@nx/storybook/plugin:createDependencies' 8.634697999805212ms
[NX Daemon Server] - 2026-08-31T21:43:53.627Z - [SYNC]: collect registered sync generators
[NX Daemon Server] - 2026-08-31T21:43:53.627Z - [SYNC]: project graph hash is the same, not collecting task sync generators
[NX Daemon Server] - 2026-08-31T21:43:53.627Z - [SYNC]: nx.json hash is the same, not collecting global sync generators
[NX Daemon Server] - 2026-08-31T21:43:53.627Z - Time taken for 'total execution time for createProjectGraph()' 18.310697000473738ms
[NX Daemon Server] - 2026-08-31T21:43:53.657Z - Established a connection. Number of open connections: 2
[NX Daemon Server] - 2026-08-31T21:43:53.658Z - Closed a connection. Number of open connections: 1
[NX Daemon Server] - 2026-08-31T21:43:53.658Z - Established a connection. Number of open connections: 2
[NX Daemon Server] - 2026-08-31T21:43:53.659Z - [REQUEST]: Client Request for Project Graph Received
[NX Daemon Server] - 2026-08-31T21:43:53.659Z - [REQUEST]: Responding to the client. project-graph
[NX Daemon Server] - 2026-08-31T21:43:53.660Z - Time taken for 'total for creating and serializing project graph' 0.2066640006378293ms
[NX Daemon Server] - 2026-08-31T21:43:53.661Z - Done responding to the client project-graph
[NX Daemon Server] - 2026-08-31T21:43:53.661Z - Handled REQUEST_PROJECT_GRAPH. Handling time: 0. Response time: 2.
[NX Daemon Server] - 2026-08-31T21:43:53.696Z - [REQUEST]: Responding to the client. handleHashTasks
[NX Daemon Server] - 2026-08-31T21:43:53.696Z - Done responding to the client handleHashTasks
[NX Daemon Server] - 2026-08-31T21:43:53.696Z - Handled HASH_TASKS. Handling time: 11. Response time: 0.
[NX Daemon Server] - 2026-08-31T21:43:53.720Z - [REQUEST]: Responding to the client. handleGetEstimatedTaskTimings
[NX Daemon Server] - 2026-08-31T21:43:53.720Z - Done responding to the client handleGetEstimatedTaskTimings
[NX Daemon Server] - 2026-08-31T21:43:53.720Z - Handled GET_ESTIMATED_TASK_TIMINGS. Handling time: 0. Response time: 0.
[NX Daemon Server] - 2026-08-31T21:43:53.896Z - [WATCHER]: 0 file(s) created or restored, 0 file(s) modified, 12 file(s) deleted
[NX Daemon Server] - 2026-08-31T21:43:53.896Z - [WATCHER]: Processing file changes in outputs
[NX Daemon Server] - 2026-08-31T21:43:53.997Z - [REQUEST]: Updated workspace context based on watched changes, recomputing project graph...
[NX Daemon Server] - 2026-08-31T21:43:53.997Z - [REQUEST]: 
[NX Daemon Server] - 2026-08-31T21:43:53.997Z - [REQUEST]: _tmp_547467_32403bb4,_tmp_547467_323d3910,_tmp_547466_324a3848,_tmp_547467_324926f4,_tmp_547466_32418598,_tmp_547467_32576e08,_tmp_547466_324eaaf0,_tmp_547467_32399dba,_tmp_547466_32399dd8,_tmp_547466_323d9eb5,_tmp_547466_32588ccb,_tmp_547467_324e5b03
[NX Daemon Server] - 2026-08-31T21:43:53.998Z - Time taken for 'hash changed files from watcher' 0.9460990000516176ms
[NX Daemon Server] - 2026-08-31T21:43:53.999Z - [REQUEST]: Responding to the client. handleHashGlob
[NX Daemon Server] - 2026-08-31T21:43:53.999Z - Done responding to the client handleHashGlob
[NX Daemon Server] - 2026-08-31T21:43:53.999Z - Handled HASH_GLOB. Handling time: 0. Response time: 0.
[NX Daemon Server] - 2026-08-31T21:43:54.000Z - [REQUEST]: Responding to the client. handleHashGlob
[NX Daemon Server] - 2026-08-31T21:43:54.001Z - Done responding to the client handleHashGlob
[NX Daemon Server] - 2026-08-31T21:43:54.001Z - Handled HASH_GLOB. Handling time: 0. Response time: 1.
[NX Daemon Server] - 2026-08-31T21:43:54.013Z - Time taken for 'build-project-configs' 11.344372999854386ms
[NX Daemon Server] - 2026-08-31T21:43:54.018Z - Time taken for '@nx/storybook/plugin:createDependencies' 7.7223380003124475ms
[NX Daemon Server] - 2026-08-31T21:43:54.044Z - [SYNC]: collect registered sync generators
[NX Daemon Server] - 2026-08-31T21:43:54.044Z - [SYNC]: project graph hash is the same, not collecting task sync generators
[NX Daemon Server] - 2026-08-31T21:43:54.044Z - [SYNC]: nx.json hash is the same, not collecting global sync generators
[NX Daemon Server] - 2026-08-31T21:43:54.045Z - Time taken for 'total execution time for createProjectGraph()' 21.01788299996406ms
[NX Daemon Server] - 2026-08-31T21:43:54.048Z - [WATCHER]: 0 file(s) created or restored, 0 file(s) modified, 6 file(s) deleted
[NX Daemon Server] - 2026-08-31T21:43:54.048Z - [WATCHER]: Processing file changes in outputs
[NX Daemon Server] - 2026-08-31T21:43:54.104Z - [WATCHER]: 0 file(s) created or restored, 0 file(s) modified, 6 file(s) deleted
[NX Daemon Server] - 2026-08-31T21:43:54.104Z - [WATCHER]: Processing file changes in outputs
[NX Daemon Server] - 2026-08-31T21:43:54.249Z - [REQUEST]: Updated workspace context based on watched changes, recomputing project graph...
[NX Daemon Server] - 2026-08-31T21:43:54.249Z - [REQUEST]: 
[NX Daemon Server] - 2026-08-31T21:43:54.249Z - [REQUEST]: packages/react/_tmp_547581_3b52547b,packages/react/_tmp_547581_3b5e9832,packages/react/_tmp_547581_3b560e9a,packages/react/_tmp_547581_3b581a17,packages/react/_tmp_547581_3b6145d5,packages/react/_tmp_547581_3b661a4e,packages/angular/_tmp_547636_0315c87b,packages/angular/_tmp_547636_031fa25e,packages/angular/_tmp_547636_03231a65,packages/angular/_tmp_547636_031a077f,packages/angular/_tmp_547636_032790d7,packages/angular/_tmp_547636_0318a71b
[NX Daemon Server] - 2026-08-31T21:43:54.253Z - [REQUEST]: Responding to the client. handleHashGlob
[NX Daemon Server] - 2026-08-31T21:43:54.253Z - Done responding to the client handleHashGlob
[NX Daemon Server] - 2026-08-31T21:43:54.253Z - Handled HASH_GLOB. Handling time: 1. Response time: 0.
[NX Daemon Server] - 2026-08-31T21:43:54.253Z - Time taken for 'hash changed files from watcher' 0.9443199997767806ms
[NX Daemon Server] - 2026-08-31T21:43:54.255Z - [REQUEST]: Responding to the client. handleHashGlob
[NX Daemon Server] - 2026-08-31T21:43:54.255Z - Done responding to the client handleHashGlob
[NX Daemon Server] - 2026-08-31T21:43:54.255Z - Handled HASH_GLOB. Handling time: 1. Response time: 0.
[NX Daemon Server] - 2026-08-31T21:43:54.269Z - Time taken for 'build-project-configs' 13.133071000687778ms
[NX Daemon Server] - 2026-08-31T21:43:54.275Z - Time taken for '@nx/storybook/plugin:createDependencies' 9.252719999291003ms
[NX Daemon Server] - 2026-08-31T21:43:54.298Z - [SYNC]: collect registered sync generators
[NX Daemon Server] - 2026-08-31T21:43:54.299Z - [SYNC]: project graph hash is the same, not collecting task sync generators
[NX Daemon Server] - 2026-08-31T21:43:54.299Z - [SYNC]: nx.json hash is the same, not collecting global sync generators
[NX Daemon Server] - 2026-08-31T21:43:54.299Z - Time taken for 'total execution time for createProjectGraph()' 20.482971999794245ms
[NX Daemon Server] - 2026-08-31T21:43:54.842Z - [REQUEST]: Responding to the client. recordOutputsHash
[NX Daemon Server] - 2026-08-31T21:43:54.842Z - Done responding to the client recordOutputsHash
[NX Daemon Server] - 2026-08-31T21:43:54.842Z - Handled RECORD_OUTPUTS_HASH. Handling time: 0. Response time: 0.
[NX Daemon Server] - 2026-08-31T21:43:54.882Z - [REQUEST]: Responding to the client. recordOutputsHash
[NX Daemon Server] - 2026-08-31T21:43:54.882Z - Done responding to the client recordOutputsHash
[NX Daemon Server] - 2026-08-31T21:43:54.882Z - Handled RECORD_OUTPUTS_HASH. Handling time: 1. Response time: 0.
[NX Daemon Server] - 2026-08-31T21:43:54.892Z - [REQUEST]: Responding to the client. handleRecordTaskRuns
[NX Daemon Server] - 2026-08-31T21:43:54.893Z - Done responding to the client handleRecordTaskRuns
[NX Daemon Server] - 2026-08-31T21:43:54.893Z - Handled RECORD_TASK_RUNS. Handling time: 8. Response time: 1.
[NX Daemon Server] - 2026-08-31T21:43:54.894Z - [REQUEST]: Responding to the client. handleGetFlakyTasks
[NX Daemon Server] - 2026-08-31T21:43:54.894Z - Done responding to the client handleGetFlakyTasks
[NX Daemon Server] - 2026-08-31T21:43:54.894Z - Handled GET_FLAKY_TASKS. Handling time: 0. Response time: 0.
[NX Daemon Server] - 2026-08-31T21:43:54.958Z - [WATCHER]: 0 file(s) created or restored, 0 file(s) modified, 6 file(s) deleted
[NX Daemon Server] - 2026-08-31T21:43:54.958Z - [WATCHER]: Processing file changes in outputs
[NX Daemon Server] - 2026-08-31T21:43:55.053Z - Closed a connection. Number of open connections: 1
[NX Daemon Server] - 2026-08-31T21:43:55.358Z - [REQUEST]: Updated workspace context based on watched changes, recomputing project graph...
[NX Daemon Server] - 2026-08-31T21:43:55.358Z - [REQUEST]: 
[NX Daemon Server] - 2026-08-31T21:43:55.358Z - [REQUEST]: _tmp_547822_3617b8bb,_tmp_547822_360abd44,_tmp_547822_3600614c,_tmp_547822_3610954f,_tmp_547822_36050c7a,_tmp_547822_360da878
[NX Daemon Server] - 2026-08-31T21:43:55.361Z - [REQUEST]: Responding to the client. handleHashGlob
[NX Daemon Server] - 2026-08-31T21:43:55.362Z - Done responding to the client handleHashGlob
[NX Daemon Server] - 2026-08-31T21:43:55.362Z - Handled HASH_GLOB. Handling time: 0. Response time: 1.
[NX Daemon Server] - 2026-08-31T21:43:55.362Z - Time taken for 'hash changed files from watcher' 0.43319900054484606ms
[NX Daemon Server] - 2026-08-31T21:43:55.363Z - [REQUEST]: Responding to the client. handleHashGlob
[NX Daemon Server] - 2026-08-31T21:43:55.363Z - Done responding to the client handleHashGlob
[NX Daemon Server] - 2026-08-31T21:43:55.363Z - Handled HASH_GLOB. Handling time: 1. Response time: 0.
[NX Daemon Server] - 2026-08-31T21:43:55.377Z - Time taken for 'build-project-configs' 13.021538999862969ms
[NX Daemon Server] - 2026-08-31T21:43:55.381Z - Time taken for '@nx/storybook/plugin:createDependencies' 7.165966999717057ms
[NX Daemon Server] - 2026-08-31T21:43:55.407Z - [SYNC]: collect registered sync generators
[NX Daemon Server] - 2026-08-31T21:43:55.408Z - [SYNC]: project graph hash is the same, not collecting task sync generators
[NX Daemon Server] - 2026-08-31T21:43:55.408Z - [SYNC]: nx.json hash is the same, not collecting global sync generators
[NX Daemon Server] - 2026-08-31T21:43:55.408Z - Time taken for 'total execution time for createProjectGraph()' 20.99739299993962ms
[NX Daemon Server] - 2026-08-31T21:43:59.095Z - [WATCHER]: 0 file(s) created or restored, 0 file(s) modified, 6 file(s) deleted
[NX Daemon Server] - 2026-08-31T21:43:59.095Z - [WATCHER]: Processing file changes in outputs
[NX Daemon Server] - 2026-08-31T21:43:59.369Z - Established a connection. Number of open connections: 2
[NX Daemon Server] - 2026-08-31T21:43:59.370Z - Closed a connection. Number of open connections: 1
[NX Daemon Server] - 2026-08-31T21:43:59.370Z - Established a connection. Number of open connections: 2
[NX Daemon Server] - 2026-08-31T21:43:59.371Z - [REQUEST]: Client Request for Project Graph Received
[NX Daemon Server] - 2026-08-31T21:43:59.372Z - [REQUEST]: Updated workspace context based on watched changes, recomputing project graph...
[NX Daemon Server] - 2026-08-31T21:43:59.372Z - [REQUEST]: 
[NX Daemon Server] - 2026-08-31T21:43:59.372Z - [REQUEST]: _tmp_548079_0296f07b,_tmp_548079_02a214c4,_tmp_548079_02a46e2f,_tmp_548079_02aaa301,_tmp_548079_029a1a93,_tmp_548079_029bc6a1
[NX Daemon Server] - 2026-08-31T21:43:59.376Z - Time taken for 'hash changed files from watcher' 0.5532919997349381ms
[NX Daemon Server] - 2026-08-31T21:43:59.377Z - [REQUEST]: Responding to the client. handleHashGlob
[NX Daemon Server] - 2026-08-31T21:43:59.377Z - Done responding to the client handleHashGlob
[NX Daemon Server] - 2026-08-31T21:43:59.377Z - Handled HASH_GLOB. Handling time: 1. Response time: 0.
[NX Daemon Server] - 2026-08-31T21:43:59.378Z - [REQUEST]: Responding to the client. handleHashGlob
[NX Daemon Server] - 2026-08-31T21:43:59.378Z - Done responding to the client handleHashGlob
[NX Daemon Server] - 2026-08-31T21:43:59.378Z - Handled HASH_GLOB. Handling time: 1. Response time: 0.
[NX Daemon Server] - 2026-08-31T21:43:59.395Z - Time taken for 'build-project-configs' 15.737443999387324ms
[NX Daemon Server] - 2026-08-31T21:43:59.399Z - Time taken for '@nx/storybook/plugin:createDependencies' 7.848171999678016ms
[NX Daemon Server] - 2026-08-31T21:43:59.423Z - [SYNC]: collect registered sync generators
[NX Daemon Server] - 2026-08-31T21:43:59.423Z - [SYNC]: project graph hash is the same, not collecting task sync generators
[NX Daemon Server] - 2026-08-31T21:43:59.423Z - [SYNC]: nx.json hash is the same, not collecting global sync generators
[NX Daemon Server] - 2026-08-31T21:43:59.423Z - [REQUEST]: Responding to the client. project-graph
[NX Daemon Server] - 2026-08-31T21:43:59.424Z - Time taken for 'total for creating and serializing project graph' 51.84397799987346ms
[NX Daemon Server] - 2026-08-31T21:43:59.425Z - Done responding to the client project-graph
[NX Daemon Server] - 2026-08-31T21:43:59.425Z - Handled REQUEST_PROJECT_GRAPH. Handling time: 52. Response time: 2.
[NX Daemon Server] - 2026-08-31T21:43:59.463Z - [REQUEST]: Responding to the client. handleHashTasks
[NX Daemon Server] - 2026-08-31T21:43:59.463Z - Done responding to the client handleHashTasks
[NX Daemon Server] - 2026-08-31T21:43:59.463Z - Handled HASH_TASKS. Handling time: 12. Response time: 0.
[NX Daemon Server] - 2026-08-31T21:43:59.485Z - [REQUEST]: Responding to the client. handleGetEstimatedTaskTimings
[NX Daemon Server] - 2026-08-31T21:43:59.485Z - Done responding to the client handleGetEstimatedTaskTimings
[NX Daemon Server] - 2026-08-31T21:43:59.485Z - Handled GET_ESTIMATED_TASK_TIMINGS. Handling time: 1. Response time: 0.
[NX Daemon Server] - 2026-08-31T21:43:59.662Z - [WATCHER]: 0 file(s) created or restored, 0 file(s) modified, 6 file(s) deleted
[NX Daemon Server] - 2026-08-31T21:43:59.662Z - [WATCHER]: Processing file changes in outputs
[NX Daemon Server] - 2026-08-31T21:43:59.763Z - [REQUEST]: Updated workspace context based on watched changes, recomputing project graph...
[NX Daemon Server] - 2026-08-31T21:43:59.763Z - [REQUEST]: 
[NX Daemon Server] - 2026-08-31T21:43:59.763Z - [REQUEST]: _tmp_548235_246a74ea,_tmp_548235_246e9a43,_tmp_548235_245fd784,_tmp_548235_2459108e,_tmp_548235_2461c2ee,_tmp_548235_24640f11
[NX Daemon Server] - 2026-08-31T21:43:59.766Z - [REQUEST]: Responding to the client. handleHashGlob
[NX Daemon Server] - 2026-08-31T21:43:59.766Z - Done responding to the client handleHashGlob
[NX Daemon Server] - 2026-08-31T21:43:59.766Z - Handled HASH_GLOB. Handling time: 0. Response time: 0.
[NX Daemon Server] - 2026-08-31T21:43:59.767Z - Time taken for 'hash changed files from watcher' 0.526570999994874ms
[NX Daemon Server] - 2026-08-31T21:43:59.768Z - [REQUEST]: Responding to the client. handleHashGlob
[NX Daemon Server] - 2026-08-31T21:43:59.768Z - Done responding to the client handleHashGlob
[NX Daemon Server] - 2026-08-31T21:43:59.768Z - Handled HASH_GLOB. Handling time: 0. Response time: 0.
[NX Daemon Server] - 2026-08-31T21:43:59.780Z - Time taken for 'build-project-configs' 11.780642000027001ms
[NX Daemon Server] - 2026-08-31T21:43:59.784Z - Time taken for '@nx/storybook/plugin:createDependencies' 7.027815000154078ms
[NX Daemon Server] - 2026-08-31T21:43:59.811Z - [SYNC]: collect registered sync generators
[NX Daemon Server] - 2026-08-31T21:43:59.811Z - [SYNC]: project graph hash is the same, not collecting task sync generators
[NX Daemon Server] - 2026-08-31T21:43:59.811Z - [SYNC]: nx.json hash is the same, not collecting global sync generators
[NX Daemon Server] - 2026-08-31T21:43:59.811Z - Time taken for 'total execution time for createProjectGraph()' 19.067083000205457ms
[NX Daemon Server] - 2026-08-31T21:43:59.813Z - [WATCHER]: 0 file(s) created or restored, 0 file(s) modified, 6 file(s) deleted
[NX Daemon Server] - 2026-08-31T21:43:59.814Z - [WATCHER]: Processing file changes in outputs
[NX Daemon Server] - 2026-08-31T21:44:00.014Z - [REQUEST]: Updated workspace context based on watched changes, recomputing project graph...
[NX Daemon Server] - 2026-08-31T21:44:00.014Z - [REQUEST]: 
[NX Daemon Server] - 2026-08-31T21:44:00.014Z - [REQUEST]: packages/tokens/_tmp_548290_2d734707,packages/tokens/_tmp_548290_2d6be967,packages/tokens/_tmp_548290_2d7b66e0,packages/tokens/_tmp_548290_2d7f6a52,packages/tokens/_tmp_548290_2d71e316,packages/tokens/_tmp_548290_2d756cf6
[NX Daemon Server] - 2026-08-31T21:44:00.018Z - [REQUEST]: Responding to the client. handleHashGlob
[NX Daemon Server] - 2026-08-31T21:44:00.018Z - Done responding to the client handleHashGlob
[NX Daemon Server] - 2026-08-31T21:44:00.018Z - Handled HASH_GLOB. Handling time: 1. Response time: 0.
[NX Daemon Server] - 2026-08-31T21:44:00.018Z - Time taken for 'hash changed files from watcher' 0.7153850002214313ms
[NX Daemon Server] - 2026-08-31T21:44:00.019Z - [REQUEST]: Responding to the client. handleHashGlob
[NX Daemon Server] - 2026-08-31T21:44:00.019Z - Done responding to the client handleHashGlob
[NX Daemon Server] - 2026-08-31T21:44:00.019Z - Handled HASH_GLOB. Handling time: 0. Response time: 0.
[NX Daemon Server] - 2026-08-31T21:44:00.033Z - Time taken for 'build-project-configs' 13.295243999920785ms
[NX Daemon Server] - 2026-08-31T21:44:00.042Z - Time taken for '@nx/storybook/plugin:createDependencies' 11.643620000220835ms
[NX Daemon Server] - 2026-08-31T21:44:00.065Z - [SYNC]: collect registered sync generators
[NX Daemon Server] - 2026-08-31T21:44:00.065Z - [SYNC]: project graph hash is the same, not collecting task sync generators
[NX Daemon Server] - 2026-08-31T21:44:00.065Z - [SYNC]: nx.json hash is the same, not collecting global sync generators
[NX Daemon Server] - 2026-08-31T21:44:00.065Z - Time taken for 'total execution time for createProjectGraph()' 21.985843000002205ms
[NX Daemon Server] - 2026-08-31T21:44:00.323Z - [REQUEST]: Responding to the client. recordOutputsHash
[NX Daemon Server] - 2026-08-31T21:44:00.323Z - Done responding to the client recordOutputsHash
[NX Daemon Server] - 2026-08-31T21:44:00.323Z - Handled RECORD_OUTPUTS_HASH. Handling time: 2. Response time: 0.
[NX Daemon Server] - 2026-08-31T21:44:00.345Z - [WATCHER]: 0 file(s) created or restored, 3 file(s) modified, 0 file(s) deleted
[NX Daemon Server] - 2026-08-31T21:44:00.345Z - [WATCHER]: Processing file changes in outputs
[NX Daemon Server] - 2026-08-31T21:44:00.500Z - [WATCHER]: 0 file(s) created or restored, 0 file(s) modified, 12 file(s) deleted
[NX Daemon Server] - 2026-08-31T21:44:00.501Z - [WATCHER]: Processing file changes in outputs
[NX Daemon Server] - 2026-08-31T21:44:00.654Z - [WATCHER]: 0 file(s) created or restored, 0 file(s) modified, 7 file(s) deleted
[NX Daemon Server] - 2026-08-31T21:44:00.655Z - [WATCHER]: Processing file changes in outputs
[NX Daemon Server] - 2026-08-31T21:44:00.706Z - [WATCHER]: 0 file(s) created or restored, 0 file(s) modified, 5 file(s) deleted
[NX Daemon Server] - 2026-08-31T21:44:00.706Z - [WATCHER]: Processing file changes in outputs
[NX Daemon Server] - 2026-08-31T21:44:00.747Z - [REQUEST]: Updated workspace context based on watched changes, recomputing project graph...
[NX Daemon Server] - 2026-08-31T21:44:00.747Z - [REQUEST]: packages/tokens/dist/css/variables.css,packages/tokens/dist/js/tokens.ts,packages/tokens/dist/json/tokens.json
[NX Daemon Server] - 2026-08-31T21:44:00.747Z - [REQUEST]: _tmp_548475_1acb3ccf,_tmp_548474_1ab9ba55,_tmp_548475_1ad4351b,_tmp_548474_1abcafed,_tmp_548474_1ad2f1c8,_tmp_548475_1ac32462,_tmp_548474_1abec61e,_tmp_548474_1ac43250,_tmp_548474_1acaedfb,_tmp_548475_1adbfac2,_tmp_548475_1abc5b79,_tmp_548475_1ac7a47a,packages/react/_tmp_548590_23f264dd,packages/react/_tmp_548590_23ff588f,packages/react/_tmp_548590_2405e302,packages/react/_tmp_548590_23f5a4ae,packages/angular/_tmp_548645_26e77815,packages/react/_tmp_548590_23fccd19,packages/react/_tmp_548590_23fa6a3a,packages/angular/_tmp_548645_26eb2082,packages/angular/_tmp_548645_2701418c,packages/angular/_tmp_548645_26f95d4f,packages/angular/_tmp_548645_26f13ac4,packages/angular/_tmp_548645_26f586b6
[NX Daemon Server] - 2026-08-31T21:44:00.751Z - [REQUEST]: Responding to the client. handleHashGlob
[NX Daemon Server] - 2026-08-31T21:44:00.751Z - Done responding to the client handleHashGlob
[NX Daemon Server] - 2026-08-31T21:44:00.751Z - Handled HASH_GLOB. Handling time: 1. Response time: 0.
[NX Daemon Server] - 2026-08-31T21:44:00.751Z - Time taken for 'hash changed files from watcher' 1.3141569998115301ms
[NX Daemon Server] - 2026-08-31T21:44:00.752Z - [REQUEST]: Responding to the client. handleHashGlob
[NX Daemon Server] - 2026-08-31T21:44:00.752Z - Done responding to the client handleHashGlob
[NX Daemon Server] - 2026-08-31T21:44:00.752Z - Handled HASH_GLOB. Handling time: 0. Response time: 0.
[NX Daemon Server] - 2026-08-31T21:44:00.768Z - Time taken for 'build-project-configs' 12.697881000116467ms
[NX Daemon Server] - 2026-08-31T21:44:00.772Z - Time taken for '@nx/storybook/plugin:createDependencies' 8.821380999870598ms
[NX Daemon Server] - 2026-08-31T21:44:00.794Z - [SYNC]: collect registered sync generators
[NX Daemon Server] - 2026-08-31T21:44:00.795Z - [SYNC]: project graph hash is the same, not collecting task sync generators
[NX Daemon Server] - 2026-08-31T21:44:00.795Z - [SYNC]: nx.json hash is the same, not collecting global sync generators
[NX Daemon Server] - 2026-08-31T21:44:00.795Z - Time taken for 'total execution time for createProjectGraph()' 19.21300600003451ms
[NX Daemon Server] - 2026-08-31T21:44:02.355Z - [REQUEST]: Responding to the client. recordOutputsHash
[NX Daemon Server] - 2026-08-31T21:44:02.355Z - Done responding to the client recordOutputsHash
[NX Daemon Server] - 2026-08-31T21:44:02.355Z - Handled RECORD_OUTPUTS_HASH. Handling time: 0. Response time: 0.
[NX Daemon Server] - 2026-08-31T21:44:02.480Z - [REQUEST]: Responding to the client. recordOutputsHash
[NX Daemon Server] - 2026-08-31T21:44:02.480Z - Done responding to the client recordOutputsHash
[NX Daemon Server] - 2026-08-31T21:44:02.480Z - Handled RECORD_OUTPUTS_HASH. Handling time: 0. Response time: 0.
[NX Daemon Server] - 2026-08-31T21:44:02.498Z - [REQUEST]: Responding to the client. handleRecordTaskRuns
[NX Daemon Server] - 2026-08-31T21:44:02.499Z - Done responding to the client handleRecordTaskRuns
[NX Daemon Server] - 2026-08-31T21:44:02.499Z - Handled RECORD_TASK_RUNS. Handling time: 16. Response time: 1.
[NX Daemon Server] - 2026-08-31T21:44:02.499Z - [REQUEST]: Responding to the client. handleGetFlakyTasks
[NX Daemon Server] - 2026-08-31T21:44:02.500Z - Done responding to the client handleGetFlakyTasks
[NX Daemon Server] - 2026-08-31T21:44:02.500Z - Handled GET_FLAKY_TASKS. Handling time: 0. Response time: 1.
[NX Daemon Server] - 2026-08-31T21:44:02.562Z - [WATCHER]: Processing file changes in outputs
[NX Daemon Server] - 2026-08-31T21:44:02.562Z - [WATCHER]: 0 file(s) created or restored, 0 file(s) modified, 6 file(s) deleted
[NX Daemon Server] - 2026-08-31T21:44:02.654Z - Closed a connection. Number of open connections: 1
[NX Daemon Server] - 2026-08-31T21:44:03.364Z - [REQUEST]: Updated workspace context based on watched changes, recomputing project graph...
[NX Daemon Server] - 2026-08-31T21:44:03.364Z - [REQUEST]: 
[NX Daemon Server] - 2026-08-31T21:44:03.364Z - [REQUEST]: _tmp_550614_1e626edb,_tmp_550614_1e6da1d4,_tmp_550614_1e675b5a,_tmp_550614_1e775745,_tmp_550614_1e6574a9,_tmp_550614_1e70310a
[NX Daemon Server] - 2026-08-31T21:44:03.367Z - [REQUEST]: Responding to the client. handleHashGlob
[NX Daemon Server] - 2026-08-31T21:44:03.367Z - Done responding to the client handleHashGlob
[NX Daemon Server] - 2026-08-31T21:44:03.368Z - Handled HASH_GLOB. Handling time: 0. Response time: 1.
[NX Daemon Server] - 2026-08-31T21:44:03.368Z - Time taken for 'hash changed files from watcher' 0.4225890003144741ms
[NX Daemon Server] - 2026-08-31T21:44:03.368Z - [REQUEST]: Responding to the client. handleHashGlob
[NX Daemon Server] - 2026-08-31T21:44:03.369Z - Done responding to the client handleHashGlob
[NX Daemon Server] - 2026-08-31T21:44:03.369Z - Handled HASH_GLOB. Handling time: 0. Response time: 1.
[NX Daemon Server] - 2026-08-31T21:44:03.382Z - Time taken for 'build-project-configs' 13.013497999869287ms
[NX Daemon Server] - 2026-08-31T21:44:03.389Z - Time taken for '@nx/storybook/plugin:createDependencies' 9.173658000305295ms
[NX Daemon Server] - 2026-08-31T21:44:03.410Z - [SYNC]: collect registered sync generators
[NX Daemon Server] - 2026-08-31T21:44:03.410Z - [SYNC]: project graph hash is the same, not collecting task sync generators
[NX Daemon Server] - 2026-08-31T21:44:03.410Z - [SYNC]: nx.json hash is the same, not collecting global sync generators
[NX Daemon Server] - 2026-08-31T21:44:03.410Z - Time taken for 'total execution time for createProjectGraph()' 18.33733700029552ms
[NX Daemon Server] - 2026-08-31T21:44:06.610Z - [WATCHER]: Processing file changes in outputs
[NX Daemon Server] - 2026-08-31T21:44:06.611Z - [WATCHER]: 0 file(s) created or restored, 0 file(s) modified, 6 file(s) deleted
[NX Daemon Server] - 2026-08-31T21:44:06.888Z - Established a connection. Number of open connections: 2
[NX Daemon Server] - 2026-08-31T21:44:06.888Z - Closed a connection. Number of open connections: 1
[NX Daemon Server] - 2026-08-31T21:44:06.889Z - Established a connection. Number of open connections: 2
[NX Daemon Server] - 2026-08-31T21:44:06.890Z - [REQUEST]: Client Request for Project Graph Received
[NX Daemon Server] - 2026-08-31T21:44:06.891Z - [REQUEST]: Updated workspace context based on watched changes, recomputing project graph...
[NX Daemon Server] - 2026-08-31T21:44:06.891Z - [REQUEST]: 
[NX Daemon Server] - 2026-08-31T21:44:06.891Z - [REQUEST]: _tmp_550895_215af3dd,_tmp_550895_21639585,_tmp_550895_2157d7b7,_tmp_550895_215d0914,_tmp_550895_216dcf3b,_tmp_550895_2165c34e
[NX Daemon Server] - 2026-08-31T21:44:06.893Z - Time taken for 'hash changed files from watcher' 0.4990300005301833ms
[NX Daemon Server] - 2026-08-31T21:44:06.894Z - [REQUEST]: Responding to the client. handleHashGlob
[NX Daemon Server] - 2026-08-31T21:44:06.894Z - Done responding to the client handleHashGlob
[NX Daemon Server] - 2026-08-31T21:44:06.894Z - Handled HASH_GLOB. Handling time: 1. Response time: 0.
[NX Daemon Server] - 2026-08-31T21:44:06.894Z - [REQUEST]: Responding to the client. handleHashGlob
[NX Daemon Server] - 2026-08-31T21:44:06.894Z - Done responding to the client handleHashGlob
[NX Daemon Server] - 2026-08-31T21:44:06.895Z - Handled HASH_GLOB. Handling time: 0. Response time: 1.
[NX Daemon Server] - 2026-08-31T21:44:06.908Z - Time taken for 'build-project-configs' 11.725151000544429ms
[NX Daemon Server] - 2026-08-31T21:44:06.912Z - Time taken for '@nx/storybook/plugin:createDependencies' 6.7380689997226ms
[NX Daemon Server] - 2026-08-31T21:44:06.936Z - [SYNC]: collect registered sync generators
[NX Daemon Server] - 2026-08-31T21:44:06.936Z - [SYNC]: project graph hash is the same, not collecting task sync generators
[NX Daemon Server] - 2026-08-31T21:44:06.936Z - [SYNC]: nx.json hash is the same, not collecting global sync generators
[NX Daemon Server] - 2026-08-31T21:44:06.936Z - [REQUEST]: Responding to the client. project-graph
[NX Daemon Server] - 2026-08-31T21:44:06.937Z - Time taken for 'total for creating and serializing project graph' 46.176050999201834ms
[NX Daemon Server] - 2026-08-31T21:44:06.938Z - Done responding to the client project-graph
[NX Daemon Server] - 2026-08-31T21:44:06.938Z - Handled REQUEST_PROJECT_GRAPH. Handling time: 46. Response time: 2.
[NX Daemon Server] - 2026-08-31T21:44:06.974Z - [REQUEST]: Responding to the client. handleHashTasks
[NX Daemon Server] - 2026-08-31T21:44:06.975Z - Done responding to the client handleHashTasks
[NX Daemon Server] - 2026-08-31T21:44:06.975Z - Handled HASH_TASKS. Handling time: 12. Response time: 1.
[NX Daemon Server] - 2026-08-31T21:44:06.995Z - [REQUEST]: Responding to the client. handleGetEstimatedTaskTimings
[NX Daemon Server] - 2026-08-31T21:44:06.995Z - Done responding to the client handleGetEstimatedTaskTimings
[NX Daemon Server] - 2026-08-31T21:44:06.995Z - Handled GET_ESTIMATED_TASK_TIMINGS. Handling time: 1. Response time: 0.
[NX Daemon Server] - 2026-08-31T21:44:07.165Z - [WATCHER]: 0 file(s) created or restored, 0 file(s) modified, 6 file(s) deleted
[NX Daemon Server] - 2026-08-31T21:44:07.166Z - [WATCHER]: Processing file changes in outputs
[NX Daemon Server] - 2026-08-31T21:44:07.266Z - [REQUEST]: Updated workspace context based on watched changes, recomputing project graph...
[NX Daemon Server] - 2026-08-31T21:44:07.266Z - [REQUEST]: 
[NX Daemon Server] - 2026-08-31T21:44:07.266Z - [REQUEST]: _tmp_551005_06b5ce91,_tmp_551005_06bcc06a,_tmp_551005_06c4bd7f,_tmp_551005_06c7b385,_tmp_551005_06cf7616,_tmp_551005_06be7cff
[NX Daemon Server] - 2026-08-31T21:44:07.272Z - [REQUEST]: Responding to the client. handleHashGlob
[NX Daemon Server] - 2026-08-31T21:44:07.272Z - Done responding to the client handleHashGlob
[NX Daemon Server] - 2026-08-31T21:44:07.272Z - Handled HASH_GLOB. Handling time: 1. Response time: 0.
[NX Daemon Server] - 2026-08-31T21:44:07.272Z - Time taken for 'hash changed files from watcher' 0.43562899995595217ms
[NX Daemon Server] - 2026-08-31T21:44:07.273Z - [REQUEST]: Responding to the client. handleHashGlob
[NX Daemon Server] - 2026-08-31T21:44:07.273Z - Done responding to the client handleHashGlob
[NX Daemon Server] - 2026-08-31T21:44:07.273Z - Handled HASH_GLOB. Handling time: 1. Response time: 0.
[NX Daemon Server] - 2026-08-31T21:44:07.284Z - Time taken for 'build-project-configs' 11.305722000077367ms
[NX Daemon Server] - 2026-08-31T21:44:07.288Z - Time taken for '@nx/storybook/plugin:createDependencies' 7.917193000204861ms
[NX Daemon Server] - 2026-08-31T21:44:07.310Z - [SYNC]: collect registered sync generators
[NX Daemon Server] - 2026-08-31T21:44:07.310Z - [SYNC]: project graph hash is the same, not collecting task sync generators
[NX Daemon Server] - 2026-08-31T21:44:07.310Z - [SYNC]: nx.json hash is the same, not collecting global sync generators
[NX Daemon Server] - 2026-08-31T21:44:07.310Z - Time taken for 'total execution time for createProjectGraph()' 17.66120299976319ms
[NX Daemon Server] - 2026-08-31T21:44:07.315Z - [WATCHER]: Processing file changes in outputs
[NX Daemon Server] - 2026-08-31T21:44:07.316Z - [WATCHER]: 0 file(s) created or restored, 0 file(s) modified, 6 file(s) deleted
[NX Daemon Server] - 2026-08-31T21:44:07.517Z - [REQUEST]: Updated workspace context based on watched changes, recomputing project graph...
[NX Daemon Server] - 2026-08-31T21:44:07.517Z - [REQUEST]: 
[NX Daemon Server] - 2026-08-31T21:44:07.517Z - [REQUEST]: packages/tokens/_tmp_551060_0fc4584d,packages/tokens/_tmp_551060_0fbbe2e8,packages/tokens/_tmp_551060_0fb50249,packages/tokens/_tmp_551060_0fcd6170,packages/tokens/_tmp_551060_0fbe6345,packages/tokens/_tmp_551060_0fc68878
[NX Daemon Server] - 2026-08-31T21:44:07.520Z - [REQUEST]: Responding to the client. handleHashGlob
[NX Daemon Server] - 2026-08-31T21:44:07.520Z - Done responding to the client handleHashGlob
[NX Daemon Server] - 2026-08-31T21:44:07.520Z - Handled HASH_GLOB. Handling time: 0. Response time: 0.
[NX Daemon Server] - 2026-08-31T21:44:07.520Z - Time taken for 'hash changed files from watcher' 0.5153310000896454ms
[NX Daemon Server] - 2026-08-31T21:44:07.521Z - [REQUEST]: Responding to the client. handleHashGlob
[NX Daemon Server] - 2026-08-31T21:44:07.521Z - Done responding to the client handleHashGlob
[NX Daemon Server] - 2026-08-31T21:44:07.521Z - Handled HASH_GLOB. Handling time: 0. Response time: 0.
[NX Daemon Server] - 2026-08-31T21:44:07.534Z - Time taken for 'build-project-configs' 10.822862000204623ms
[NX Daemon Server] - 2026-08-31T21:44:07.538Z - Time taken for '@nx/storybook/plugin:createDependencies' 7.557494999840856ms
[NX Daemon Server] - 2026-08-31T21:44:07.557Z - [SYNC]: collect registered sync generators
[NX Daemon Server] - 2026-08-31T21:44:07.558Z - [SYNC]: project graph hash is the same, not collecting task sync generators
[NX Daemon Server] - 2026-08-31T21:44:07.558Z - [SYNC]: nx.json hash is the same, not collecting global sync generators
[NX Daemon Server] - 2026-08-31T21:44:07.558Z - Time taken for 'total execution time for createProjectGraph()' 16.307756000198424ms
[NX Daemon Server] - 2026-08-31T21:44:07.797Z - [REQUEST]: Responding to the client. recordOutputsHash
[NX Daemon Server] - 2026-08-31T21:44:07.797Z - Done responding to the client recordOutputsHash
[NX Daemon Server] - 2026-08-31T21:44:07.797Z - Handled RECORD_OUTPUTS_HASH. Handling time: 3. Response time: 0.
[NX Daemon Server] - 2026-08-31T21:44:07.823Z - [WATCHER]: Processing file changes in outputs
[NX Daemon Server] - 2026-08-31T21:44:07.823Z - [WATCHER]: 0 file(s) created or restored, 3 file(s) modified, 0 file(s) deleted
[NX Daemon Server] - 2026-08-31T21:44:07.978Z - [WATCHER]: 0 file(s) created or restored, 0 file(s) modified, 12 file(s) deleted
[NX Daemon Server] - 2026-08-31T21:44:07.978Z - [WATCHER]: Processing file changes in outputs
[NX Daemon Server] - 2026-08-31T21:44:08.134Z - [WATCHER]: Processing file changes in outputs
[NX Daemon Server] - 2026-08-31T21:44:08.136Z - [WATCHER]: 0 file(s) created or restored, 0 file(s) modified, 6 file(s) deleted
[NX Daemon Server] - 2026-08-31T21:44:08.187Z - [WATCHER]: 0 file(s) created or restored, 0 file(s) modified, 6 file(s) deleted
[NX Daemon Server] - 2026-08-31T21:44:08.188Z - [WATCHER]: Processing file changes in outputs
[NX Daemon Server] - 2026-08-31T21:44:08.226Z - [REQUEST]: Updated workspace context based on watched changes, recomputing project graph...
[NX Daemon Server] - 2026-08-31T21:44:08.226Z - [REQUEST]: packages/tokens/dist/json/tokens.json,packages/tokens/dist/css/variables.css,packages/tokens/dist/js/tokens.ts
[NX Daemon Server] - 2026-08-31T21:44:08.226Z - [REQUEST]: _tmp_551217_373e04fb,_tmp_551217_372a43ed,_tmp_551217_37399a7d,_tmp_551218_3738f95b,_tmp_551218_373f98b4,_tmp_551217_37487ca6,_tmp_551218_375b4151,_tmp_551217_37255688,_tmp_551218_37470446,_tmp_551217_3755dd04,_tmp_551218_3749ae5b,_tmp_551218_375028d4,packages/angular/_tmp_551335_04f2156f,packages/angular/_tmp_551335_04f56133,packages/angular/_tmp_551335_04e5ebe4,packages/angular/_tmp_551335_04fce0b1,packages/angular/_tmp_551335_04e7de4d,packages/angular/_tmp_551335_04de0618,packages/react/_tmp_551408_082dc4af,packages/react/_tmp_551408_081d1897,packages/react/_tmp_551408_081a4e83,packages/react/_tmp_551408_0822e7b1,packages/react/_tmp_551408_0813b8a8,packages/react/_tmp_551408_0825dac9
[NX Daemon Server] - 2026-08-31T21:44:08.229Z - [REQUEST]: Responding to the client. handleHashGlob
[NX Daemon Server] - 2026-08-31T21:44:08.229Z - Done responding to the client handleHashGlob
[NX Daemon Server] - 2026-08-31T21:44:08.229Z - Handled HASH_GLOB. Handling time: 0. Response time: 0.
[NX Daemon Server] - 2026-08-31T21:44:08.230Z - Time taken for 'hash changed files from watcher' 1.859697999432683ms
[NX Daemon Server] - 2026-08-31T21:44:08.230Z - [REQUEST]: Responding to the client. handleHashGlob
[NX Daemon Server] - 2026-08-31T21:44:08.231Z - Done responding to the client handleHashGlob
[NX Daemon Server] - 2026-08-31T21:44:08.231Z - Handled HASH_GLOB. Handling time: 0. Response time: 1.
[NX Daemon Server] - 2026-08-31T21:44:08.246Z - Time taken for 'build-project-configs' 14.820834999904037ms
[NX Daemon Server] - 2026-08-31T21:44:08.252Z - Time taken for '@nx/storybook/plugin:createDependencies' 8.476094000041485ms
[NX Daemon Server] - 2026-08-31T21:44:08.275Z - [SYNC]: collect registered sync generators
[NX Daemon Server] - 2026-08-31T21:44:08.275Z - [SYNC]: project graph hash is the same, not collecting task sync generators
[NX Daemon Server] - 2026-08-31T21:44:08.275Z - [SYNC]: nx.json hash is the same, not collecting global sync generators
[NX Daemon Server] - 2026-08-31T21:44:08.275Z - Time taken for 'total execution time for createProjectGraph()' 18.223074999637902ms
[NX Daemon Server] - 2026-08-31T21:44:08.547Z - [WATCHER]: 4 file(s) created or restored, 0 file(s) modified, 1 file(s) deleted
[NX Daemon Server] - 2026-08-31T21:44:08.547Z - [WATCHER]: Processing file changes in outputs
[NX Daemon Server] - 2026-08-31T21:44:08.648Z - [REQUEST]: Updated workspace context based on watched changes, recomputing project graph...
[NX Daemon Server] - 2026-08-31T21:44:08.648Z - [REQUEST]: packages/react/dist/index.mjs,packages/react/dist/index.js,packages/react/dist/index.mjs.map,packages/react/dist/index.js.map
[NX Daemon Server] - 2026-08-31T21:44:08.648Z - [REQUEST]: packages/react/tsup.config.bundled_a0dyjemrzm.mjs
[NX Daemon Server] - 2026-08-31T21:44:08.650Z - Time taken for 'hash changed files from watcher' 0.661404000595212ms
[NX Daemon Server] - 2026-08-31T21:44:08.652Z - [REQUEST]: Responding to the client. handleHashGlob
[NX Daemon Server] - 2026-08-31T21:44:08.652Z - Done responding to the client handleHashGlob
[NX Daemon Server] - 2026-08-31T21:44:08.652Z - Handled HASH_GLOB. Handling time: 1. Response time: 0.
[NX Daemon Server] - 2026-08-31T21:44:08.653Z - [REQUEST]: Responding to the client. handleHashGlob
[NX Daemon Server] - 2026-08-31T21:44:08.653Z - Done responding to the client handleHashGlob
[NX Daemon Server] - 2026-08-31T21:44:08.653Z - Handled HASH_GLOB. Handling time: 1. Response time: 0.
[NX Daemon Server] - 2026-08-31T21:44:08.681Z - Time taken for 'build-project-configs' 26.21877900045365ms
[NX Daemon Server] - 2026-08-31T21:44:08.686Z - Time taken for '@nx/storybook/plugin:createDependencies' 9.333502000197768ms
[NX Daemon Server] - 2026-08-31T21:44:08.726Z - [SYNC]: collect registered sync generators
[NX Daemon Server] - 2026-08-31T21:44:08.726Z - [SYNC]: project graph hash is the same, not collecting task sync generators
[NX Daemon Server] - 2026-08-31T21:44:08.727Z - [SYNC]: nx.json hash is the same, not collecting global sync generators
[NX Daemon Server] - 2026-08-31T21:44:08.727Z - Time taken for 'total execution time for createProjectGraph()' 34.9875499997288ms
[NX Daemon Server] - 2026-08-31T21:44:08.733Z - [WATCHER]: 0 file(s) created or restored, 0 file(s) modified, 133 file(s) deleted
[NX Daemon Server] - 2026-08-31T21:44:08.734Z - [WATCHER]: Processing file changes in outputs
[NX Daemon Server] - 2026-08-31T21:44:08.934Z - [REQUEST]: Updated workspace context based on watched changes, recomputing project graph...
[NX Daemon Server] - 2026-08-31T21:44:08.934Z - [REQUEST]: 
[NX Daemon Server] - 2026-08-31T21:44:08.935Z - [REQUEST]: dist/packages/angular/esm2022/scroll-area/scroll-area.component.mjs,dist/packages/angular/esm2022/panel/panel.component.mjs,dist/packages/angular/input/index.d.ts,dist/packages/angular/input/input-wrapper.component.d.ts,dist/packages/angular/esm2022/button/index.mjs,dist/packages/angular/esm2022/alert/index.mjs,dist/packages/angular/split/index.d.ts,dist/packages/angular/esm2022/checkbox/checkbox.component.mjs,dist/packages/angular/inline/index.d.ts,dist/packages/angular/esm2022/card/index.mjs,dist/packages/angular/tabs/tabs.component.d.ts,dist/packages/angular/esm2022/stack/index.mjs,dist/packages/angular/esm2022/header/header.component.mjs,dist/packages/angular/button/index.d.ts,dist/packages/angular/alert/alert.component.d.ts,dist/packages/angular/spacer/spacer.component.d.ts,dist/packages/angular/inline/inline.component.d.ts,dist/packages/angular/esm2022/grid/index.mjs,dist/packages/angular/stack/stack.component.d.ts,dist/packages/angular/esm2022/footer/footer.component.mjs,dist/packages/angular/esm2022/select/select.directive.mjs,dist/packages/angular/footer/index.d.ts,dist/packages/angular/flex/flex.component.d.ts,dist/packages/angular/esm2022/spacer/index.mjs,dist/packages/angular/esm2022/card/card.component.mjs,dist/packages/angular/esm2022/checkbox-group/index.mjs,dist/packages/angular/esm2022/grid/grid-item.component.mjs,dist/packages/angular/esm2022/flex/index.mjs,dist/packages/angular/esm2022/panel/index.mjs,dist/packages/angular/esm2022/inline/inline.component.mjs,dist/packages/angular/number-input/number-input.component.d.ts,dist/packages/angular/card/card.component.d.ts,dist/packages/angular/esm2022/modal/index.mjs,dist/packages/angular/esm2022/section/section.component.mjs,dist/packages/angular/esm2022/modal/modal.component.mjs,dist/packages/angular/esm2022/utils.mjs,dist/packages/angular/esm2022/center/center.component.mjs,dist/packages/angular/switch/index.d.ts,dist/packages/angular/esm2022/footer/index.mjs,dist/packages/angular/esm2022/input/input.directive.mjs,dist/packages/angular/grid/grid.component.d.ts,dist/packages/angular/aspect-ratio/index.d.ts,dist/packages/angular/textarea/textarea.directive.d.ts,dist/packages/angular/grid/index.d.ts,dist/packages/angular/fesm2022/glowing-sea-studio-erebus-angular.mjs.map,dist/packages/angular/grid/grid-item.component.d.ts,dist/packages/angular/esm2022/number-input/number-input.component.mjs,dist/packages/angular/container/container.component.d.ts,dist/packages/angular/esm2022/container/container.component.mjs,dist/packages/angular/number-input/index.d.ts,dist/packages/angular/esm2022/textarea/index.mjs,dist/packages/angular/esm2022/search-input/search-input.component.mjs,dist/packages/angular/scroll-area/index.d.ts,dist/packages/angular/esm2022/menu/index.mjs,dist/packages/angular/esm2022/alert/alert.component.mjs,dist/packages/angular/split/split.component.d.ts,dist/packages/angular/esm2022/aspect-ratio/index.mjs,dist/packages/angular/flex/index.d.ts,dist/packages/angular/scroll-area/scroll-area.component.d.ts,dist/packages/angular/card/index.d.ts,dist/packages/angular/container/index.d.ts,dist/packages/angular/select/select.directive.d.ts,dist/packages/angular/esm2022/inline/index.mjs,dist/packages/angular/esm2022/radio/radio.component.mjs,dist/packages/angular/esm2022/tabs/index.mjs,dist/packages/angular/esm2022/switch/index.mjs,dist/packages/angular/utils.d.ts,dist/packages/angular/aspect-ratio/aspect-ratio.component.d.ts,dist/packages/angular/menu/menu.component.d.ts,dist/packages/angular/esm2022/input/input-wrapper.component.mjs,dist/packages/angular/esm2022/index.mjs,dist/packages/angular/header/header.component.d.ts,dist/packages/angular/radio/index.d.ts,dist/packages/angular/esm2022/glowing-sea-studio-erebus-angular.mjs,dist/packages/angular/radio/radio.component.d.ts,dist/packages/angular/section/section.component.d.ts,dist/packages/angular/esm2022/menu/menu.component.mjs,dist/packages/angular/center/index.d.ts,dist/packages/angular/switch/switch.component.d.ts,dist/packages/angular/package.json,dist/packages/angular/esm2022/aspect-ratio/aspect-ratio.component.mjs,dist/packages/angular/esm2022/container/index.mjs,dist/packages/angular/esm2022/scroll-area/index.mjs,dist/packages/angular/textarea/index.d.ts,dist/packages/angular/esm2022/section/index.mjs,dist/packages/angular/checkbox/index.d.ts,dist/packages/angular/footer/footer.component.d.ts,dist/packages/angular/esm2022/textarea/textarea.directive.mjs,dist/packages/angular/esm2022/grid/grid.component.mjs,dist/packages/angular/stack/index.d.ts,dist/packages/angular/button/button.directive.d.ts,dist/packages/angular/fesm2022/glowing-sea-studio-erebus-angular.mjs,dist/packages/angular/search-input/index.d.ts,dist/packages/angular/esm2022/checkbox-group/checkbox-group.component.mjs,dist/packages/angular/esm2022/input/index.mjs,dist/packages/angular/header/index.d.ts,dist/packages/angular/esm2022/button/button.directive.mjs,dist/packages/angular/esm2022/checkbox/index.mjs,dist/packages/angular/esm2022/spacer/spacer.component.mjs,dist/packages/angular/esm2022/number-input/index.mjs,dist/packages/angular/checkbox-group/index.d.ts,dist/packages/angular/modal/modal.component.d.ts,dist/packages/angular/checkbox-group/checkbox-group.component.d.ts,dist/packages/angular/alert/index.d.ts,dist/packages/angular/modal/index.d.ts,dist/packages/angular/esm2022/radio-group/radio-group.component.mjs,dist/packages/angular/menu/index.d.ts,dist/packages/angular/search-input/search-input.component.d.ts,dist/packages/angular/esm2022/radio-group/index.mjs,dist/packages/angular/esm2022/switch/switch.component.mjs,dist/packages/angular/esm2022/tabs/tabs.component.mjs,dist/packages/angular/panel/index.d.ts,dist/packages/angular/radio-group/radio-group.component.d.ts,dist/packages/angular/index.d.ts,dist/packages/angular/select/index.d.ts,dist/packages/angular/esm2022/flex/flex.component.mjs,dist/packages/angular/tabs/index.d.ts,dist/packages/angular/spacer/index.d.ts,dist/packages/angular/esm2022/radio/index.mjs,dist/packages/angular/esm2022/search-input/index.mjs,dist/packages/angular/esm2022/center/index.mjs,dist/packages/angular/section/index.d.ts,dist/packages/angular/center/center.component.d.ts,dist/packages/angular/esm2022/header/index.mjs,dist/packages/angular/esm2022/select/index.mjs,dist/packages/angular/esm2022/split/index.mjs,dist/packages/angular/panel/panel.component.d.ts,dist/packages/angular/checkbox/checkbox.component.d.ts,dist/packages/angular/esm2022/split/split.component.mjs,dist/packages/angular/radio-group/index.d.ts,dist/packages/angular/.npmignore,dist/packages/angular/input/input.directive.d.ts,dist/packages/angular/esm2022/stack/stack.component.mjs
[NX Daemon Server] - 2026-08-31T21:44:08.938Z - [REQUEST]: Responding to the client. handleHashGlob
[NX Daemon Server] - 2026-08-31T21:44:08.938Z - Done responding to the client handleHashGlob
[NX Daemon Server] - 2026-08-31T21:44:08.938Z - Handled HASH_GLOB. Handling time: 0. Response time: 0.
[NX Daemon Server] - 2026-08-31T21:44:08.938Z - Time taken for 'hash changed files from watcher' 0.40931900031864643ms
[NX Daemon Server] - 2026-08-31T21:44:08.939Z - [REQUEST]: Responding to the client. handleHashGlob
[NX Daemon Server] - 2026-08-31T21:44:08.939Z - Done responding to the client handleHashGlob
[NX Daemon Server] - 2026-08-31T21:44:08.939Z - Handled HASH_GLOB. Handling time: 0. Response time: 0.
[NX Daemon Server] - 2026-08-31T21:44:08.953Z - Time taken for 'build-project-configs' 11.8879639999941ms
[NX Daemon Server] - 2026-08-31T21:44:08.957Z - Time taken for '@nx/storybook/plugin:createDependencies' 7.906361999921501ms
[NX Daemon Server] - 2026-08-31T21:44:08.983Z - [SYNC]: collect registered sync generators
[NX Daemon Server] - 2026-08-31T21:44:08.983Z - [SYNC]: project graph hash is the same, not collecting task sync generators
[NX Daemon Server] - 2026-08-31T21:44:08.983Z - [SYNC]: nx.json hash is the same, not collecting global sync generators
[NX Daemon Server] - 2026-08-31T21:44:08.983Z - Time taken for 'total execution time for createProjectGraph()' 21.13640599977225ms
[NX Daemon Server] - 2026-08-31T21:44:09.167Z - [WATCHER]: 0 file(s) created or restored, 0 file(s) modified, 2 file(s) deleted
[NX Daemon Server] - 2026-08-31T21:44:09.168Z - [WATCHER]: Processing file changes in outputs
[NX Daemon Server] - 2026-08-31T21:44:09.568Z - [REQUEST]: Updated workspace context based on watched changes, recomputing project graph...
[NX Daemon Server] - 2026-08-31T21:44:09.569Z - [REQUEST]: 
[NX Daemon Server] - 2026-08-31T21:44:09.569Z - [REQUEST]: packages/react/dist/index.d.mts,packages/react/dist/index.d.ts
[NX Daemon Server] - 2026-08-31T21:44:09.572Z - Time taken for 'hash changed files from watcher' 0.275755999609828ms
[NX Daemon Server] - 2026-08-31T21:44:09.574Z - [REQUEST]: Responding to the client. handleHashGlob
[NX Daemon Server] - 2026-08-31T21:44:09.574Z - Done responding to the client handleHashGlob
[NX Daemon Server] - 2026-08-31T21:44:09.574Z - Handled HASH_GLOB. Handling time: 1. Response time: 0.
[NX Daemon Server] - 2026-08-31T21:44:09.575Z - [REQUEST]: Responding to the client. handleHashGlob
[NX Daemon Server] - 2026-08-31T21:44:09.575Z - Done responding to the client handleHashGlob
[NX Daemon Server] - 2026-08-31T21:44:09.575Z - Handled HASH_GLOB. Handling time: 0. Response time: 0.
[NX Daemon Server] - 2026-08-31T21:44:09.593Z - Time taken for 'build-project-configs' 19.292616999708116ms
[NX Daemon Server] - 2026-08-31T21:44:09.598Z - Time taken for '@nx/storybook/plugin:createDependencies' 7.768400999717414ms
[NX Daemon Server] - 2026-08-31T21:44:09.620Z - [SYNC]: collect registered sync generators
[NX Daemon Server] - 2026-08-31T21:44:09.621Z - [SYNC]: project graph hash is the same, not collecting task sync generators
[NX Daemon Server] - 2026-08-31T21:44:09.621Z - [SYNC]: nx.json hash is the same, not collecting global sync generators
[NX Daemon Server] - 2026-08-31T21:44:09.621Z - Time taken for 'total execution time for createProjectGraph()' 18.23652600031346ms
[NX Daemon Server] - 2026-08-31T21:44:10.150Z - [WATCHER]: 33 file(s) created or restored, 0 file(s) modified, 0 file(s) deleted
[NX Daemon Server] - 2026-08-31T21:44:10.151Z - [WATCHER]: Processing file changes in outputs
[NX Daemon Server] - 2026-08-31T21:44:10.204Z - [WATCHER]: 67 file(s) created or restored, 0 file(s) modified, 0 file(s) deleted
[NX Daemon Server] - 2026-08-31T21:44:10.205Z - [WATCHER]: Processing file changes in outputs
[NX Daemon Server] - 2026-08-31T21:44:10.244Z - [REQUEST]: Responding to the client. recordOutputsHash
[NX Daemon Server] - 2026-08-31T21:44:10.244Z - Done responding to the client recordOutputsHash
[NX Daemon Server] - 2026-08-31T21:44:10.244Z - Handled RECORD_OUTPUTS_HASH. Handling time: 2. Response time: 0.
[NX Daemon Server] - 2026-08-31T21:44:10.255Z - [REQUEST]: Updated workspace context based on watched changes, recomputing project graph...
[NX Daemon Server] - 2026-08-31T21:44:10.255Z - [REQUEST]: dist/packages/angular/esm2022/spacer/spacer.component.mjs,dist/packages/angular/esm2022/flex/index.mjs,dist/packages/angular/flex/flex.component.d.ts,dist/packages/angular/spacer/index.d.ts,dist/packages/angular/esm2022/grid/grid.component.mjs,dist/packages/angular/esm2022/center/center.component.mjs,dist/packages/angular/esm2022/grid/index.mjs,dist/packages/angular/inline/index.d.ts,dist/packages/angular/center/center.component.d.ts,dist/packages/angular/esm2022/container/index.mjs,dist/packages/angular/flex/index.d.ts,dist/packages/angular/esm2022/stack/index.mjs,dist/packages/angular/spacer/spacer.component.d.ts,dist/packages/angular/esm2022/spacer/index.mjs,dist/packages/angular/inline/inline.component.d.ts,dist/packages/angular/esm2022/flex/flex.component.mjs,dist/packages/angular/esm2022/stack/stack.component.mjs,dist/packages/angular/esm2022/grid/grid-item.component.mjs,dist/packages/angular/grid/grid-item.component.d.ts,dist/packages/angular/grid/index.d.ts,dist/packages/angular/utils.d.ts,dist/packages/angular/center/index.d.ts,dist/packages/angular/container/index.d.ts,dist/packages/angular/container/container.component.d.ts,dist/packages/angular/esm2022/center/index.mjs,dist/packages/angular/esm2022/container/container.component.mjs,dist/packages/angular/esm2022/utils.mjs,dist/packages/angular/grid/grid.component.d.ts,dist/packages/angular/stack/stack.component.d.ts,dist/packages/angular/esm2022/inline/inline.component.mjs,dist/packages/angular/esm2022/aspect-ratio/aspect-ratio.component.mjs,dist/packages/angular/esm2022/inline/index.mjs,dist/packages/angular/stack/index.d.ts,dist/packages/angular/scroll-area/index.d.ts,dist/packages/angular/esm2022/split/split.component.mjs,dist/packages/angular/esm2022/scroll-area/index.mjs,dist/packages/angular/esm2022/section/section.component.mjs,dist/packages/angular/esm2022/scroll-area/scroll-area.component.mjs,dist/packages/angular/esm2022/switch/index.mjs,dist/packages/angular/card/card.component.d.ts,dist/packages/angular/aspect-ratio/aspect-ratio.component.d.ts,dist/packages/angular/section/section.component.d.ts,dist/packages/angular/esm2022/checkbox/checkbox.component.mjs,dist/packages/angular/radio/index.d.ts,dist/packages/angular/alert/index.d.ts,packages/react/dist/index.d.mts,dist/packages/angular/aspect-ratio/index.d.ts,dist/packages/angular/esm2022/radio/index.mjs,dist/packages/angular/input/input-wrapper.component.d.ts,dist/packages/angular/esm2022/modal/index.mjs,dist/packages/angular/esm2022/textarea/textarea.directive.mjs,dist/packages/angular/esm2022/button/button.directive.mjs,dist/packages/angular/esm2022/aspect-ratio/index.mjs,dist/packages/angular/esm2022/switch/switch.component.mjs,dist/packages/angular/esm2022/split/index.mjs,dist/packages/angular/esm2022/alert/index.mjs,dist/packages/angular/scroll-area/scroll-area.component.d.ts,dist/packages/angular/panel/panel.component.d.ts,dist/packages/angular/switch/switch.component.d.ts,dist/packages/angular/esm2022/input/input.directive.mjs,dist/packages/angular/tabs/tabs.component.d.ts,dist/packages/angular/esm2022/input/input-wrapper.component.mjs,dist/packages/angular/checkbox/checkbox.component.d.ts,dist/packages/angular/esm2022/radio/radio.component.mjs,dist/packages/angular/esm2022/panel/index.mjs,dist/packages/angular/panel/index.d.ts,dist/packages/angular/menu/index.d.ts,dist/packages/angular/esm2022/panel/panel.component.mjs,dist/packages/angular/button/index.d.ts,dist/packages/angular/esm2022/alert/alert.component.mjs,dist/packages/angular/esm2022/section/index.mjs,dist/packages/angular/button/button.directive.d.ts,dist/packages/angular/esm2022/checkbox/index.mjs,packages/react/dist/index.d.ts,dist/packages/angular/input/input.directive.d.ts,dist/packages/angular/esm2022/textarea/index.mjs,dist/packages/angular/radio/radio.component.d.ts,dist/packages/angular/tabs/index.d.ts,dist/packages/angular/esm2022/menu/index.mjs,dist/packages/angular/esm2022/menu/menu.component.mjs,dist/packages/angular/esm2022/input/index.mjs,dist/packages/angular/menu/menu.component.d.ts,dist/packages/angular/modal/modal.component.d.ts,dist/packages/angular/alert/alert.component.d.ts,dist/packages/angular/section/index.d.ts,dist/packages/angular/split/split.component.d.ts,dist/packages/angular/esm2022/card/index.mjs,dist/packages/angular/input/index.d.ts,dist/packages/angular/modal/index.d.ts,dist/packages/angular/esm2022/card/card.component.mjs,dist/packages/angular/textarea/index.d.ts,dist/packages/angular/esm2022/tabs/tabs.component.mjs,dist/packages/angular/esm2022/button/index.mjs,dist/packages/angular/esm2022/modal/modal.component.mjs,dist/packages/angular/split/index.d.ts,dist/packages/angular/textarea/textarea.directive.d.ts,dist/packages/angular/switch/index.d.ts,dist/packages/angular/checkbox/index.d.ts,dist/packages/angular/esm2022/tabs/index.mjs,dist/packages/angular/card/index.d.ts
[NX Daemon Server] - 2026-08-31T21:44:10.255Z - [REQUEST]: 
[NX Daemon Server] - 2026-08-31T21:44:10.258Z - [WATCHER]: 37 file(s) created or restored, 0 file(s) modified, 0 file(s) deleted
[NX Daemon Server] - 2026-08-31T21:44:10.259Z - [WATCHER]: Processing file changes in outputs
[NX Daemon Server] - 2026-08-31T21:44:10.259Z - Time taken for 'hash changed files from watcher' 3.5094719994813204ms
[NX Daemon Server] - 2026-08-31T21:44:10.260Z - [REQUEST]: Responding to the client. handleHashGlob
[NX Daemon Server] - 2026-08-31T21:44:10.260Z - Done responding to the client handleHashGlob
[NX Daemon Server] - 2026-08-31T21:44:10.260Z - Handled HASH_GLOB. Handling time: 1. Response time: 0.
[NX Daemon Server] - 2026-08-31T21:44:10.261Z - [REQUEST]: Responding to the client. handleHashGlob
[NX Daemon Server] - 2026-08-31T21:44:10.261Z - Done responding to the client handleHashGlob
[NX Daemon Server] - 2026-08-31T21:44:10.261Z - Handled HASH_GLOB. Handling time: 0. Response time: 0.
[NX Daemon Server] - 2026-08-31T21:44:10.282Z - [REQUEST]: Responding to the client. recordOutputsHash
[NX Daemon Server] - 2026-08-31T21:44:10.282Z - Done responding to the client recordOutputsHash
[NX Daemon Server] - 2026-08-31T21:44:10.282Z - Handled RECORD_OUTPUTS_HASH. Handling time: 0. Response time: 0.
[NX Daemon Server] - 2026-08-31T21:44:10.290Z - Time taken for 'build-project-configs' 27.49209600035101ms
[NX Daemon Server] - 2026-08-31T21:44:10.314Z - [REQUEST]: Responding to the client. handleRecordTaskRuns
[NX Daemon Server] - 2026-08-31T21:44:10.314Z - Done responding to the client handleRecordTaskRuns
[NX Daemon Server] - 2026-08-31T21:44:10.314Z - Handled RECORD_TASK_RUNS. Handling time: 24. Response time: 0.
[NX Daemon Server] - 2026-08-31T21:44:10.315Z - [REQUEST]: Responding to the client. handleGetFlakyTasks
[NX Daemon Server] - 2026-08-31T21:44:10.315Z - Done responding to the client handleGetFlakyTasks
[NX Daemon Server] - 2026-08-31T21:44:10.315Z - Handled GET_FLAKY_TASKS. Handling time: 0. Response time: 0.
[NX Daemon Server] - 2026-08-31T21:44:10.318Z - Time taken for '@nx/storybook/plugin:createDependencies' 31.89307599980384ms
[NX Daemon Server] - 2026-08-31T21:44:10.353Z - [SYNC]: collect registered sync generators
[NX Daemon Server] - 2026-08-31T21:44:10.353Z - [SYNC]: project graph hash is the same, not collecting task sync generators
[NX Daemon Server] - 2026-08-31T21:44:10.353Z - [SYNC]: nx.json hash is the same, not collecting global sync generators
[NX Daemon Server] - 2026-08-31T21:44:10.354Z - Time taken for 'total execution time for createProjectGraph()' 55.50122299976647ms
[NX Daemon Server] - 2026-08-31T21:44:10.360Z - [REQUEST]: Updated workspace context based on watched changes, recomputing project graph...
[NX Daemon Server] - 2026-08-31T21:44:10.360Z - [REQUEST]: 
[NX Daemon Server] - 2026-08-31T21:44:10.360Z - [REQUEST]: 
[NX Daemon Server] - 2026-08-31T21:44:10.361Z - Time taken for 'hash changed files from watcher' 0.4628300005570054ms
[NX Daemon Server] - 2026-08-31T21:44:10.362Z - [REQUEST]: Responding to the client. handleHashGlob
[NX Daemon Server] - 2026-08-31T21:44:10.362Z - Done responding to the client handleHashGlob
[NX Daemon Server] - 2026-08-31T21:44:10.362Z - Handled HASH_GLOB. Handling time: 0. Response time: 0.
[NX Daemon Server] - 2026-08-31T21:44:10.363Z - [REQUEST]: Responding to the client. handleHashGlob
[NX Daemon Server] - 2026-08-31T21:44:10.363Z - Done responding to the client handleHashGlob
[NX Daemon Server] - 2026-08-31T21:44:10.363Z - Handled HASH_GLOB. Handling time: 0. Response time: 0.
[NX Daemon Server] - 2026-08-31T21:44:10.376Z - Time taken for 'build-project-configs' 11.317952999845147ms
[NX Daemon Server] - 2026-08-31T21:44:10.378Z - [WATCHER]: Processing file changes in outputs
[NX Daemon Server] - 2026-08-31T21:44:10.379Z - [WATCHER]: 0 file(s) created or restored, 0 file(s) modified, 6 file(s) deleted
[NX Daemon Server] - 2026-08-31T21:44:10.380Z - Time taken for '@nx/storybook/plugin:createDependencies' 6.191828000359237ms
[NX Daemon Server] - 2026-08-31T21:44:10.403Z - [SYNC]: collect registered sync generators
[NX Daemon Server] - 2026-08-31T21:44:10.404Z - [SYNC]: project graph hash is the same, not collecting task sync generators
[NX Daemon Server] - 2026-08-31T21:44:10.404Z - [SYNC]: nx.json hash is the same, not collecting global sync generators
[NX Daemon Server] - 2026-08-31T21:44:10.404Z - Time taken for 'total execution time for createProjectGraph()' 19.1484550004825ms
[NX Daemon Server] - 2026-08-31T21:44:10.478Z - Closed a connection. Number of open connections: 1
[NX Daemon Server] - 2026-08-31T21:44:10.580Z - [REQUEST]: Updated workspace context based on watched changes, recomputing project graph...
[NX Daemon Server] - 2026-08-31T21:44:10.580Z - [REQUEST]: 
[NX Daemon Server] - 2026-08-31T21:44:10.580Z - [REQUEST]: _tmp_551646_139eb988,_tmp_551646_13cc0fe7,_tmp_551646_138c82ef,_tmp_551646_13b0e4e0,_tmp_551646_13784936,_tmp_551646_137d6bc5
[NX Daemon Server] - 2026-08-31T21:44:10.582Z - Time taken for 'hash changed files from watcher' 0.6244230000302196ms
[NX Daemon Server] - 2026-08-31T21:44:10.583Z - [REQUEST]: Responding to the client. handleHashGlob
[NX Daemon Server] - 2026-08-31T21:44:10.583Z - Done responding to the client handleHashGlob
[NX Daemon Server] - 2026-08-31T21:44:10.583Z - Handled HASH_GLOB. Handling time: 0. Response time: 0.
[NX Daemon Server] - 2026-08-31T21:44:10.584Z - [REQUEST]: Responding to the client. handleHashGlob
[NX Daemon Server] - 2026-08-31T21:44:10.584Z - Done responding to the client handleHashGlob
[NX Daemon Server] - 2026-08-31T21:44:10.584Z - Handled HASH_GLOB. Handling time: 0. Response time: 0.
[NX Daemon Server] - 2026-08-31T21:44:10.596Z - Time taken for 'build-project-configs' 11.055488000623882ms
[NX Daemon Server] - 2026-08-31T21:44:10.600Z - Time taken for '@nx/storybook/plugin:createDependencies' 6.141516000032425ms
[NX Daemon Server] - 2026-08-31T21:44:10.622Z - [SYNC]: collect registered sync generators
[NX Daemon Server] - 2026-08-31T21:44:10.622Z - [SYNC]: project graph hash is the same, not collecting task sync generators
[NX Daemon Server] - 2026-08-31T21:44:10.623Z - [SYNC]: nx.json hash is the same, not collecting global sync generators
[NX Daemon Server] - 2026-08-31T21:44:10.623Z - Time taken for 'total execution time for createProjectGraph()' 16.431869000196457ms
